{"parent":"item/generated","textures":{"layer0":"item/apple"},"overrides":[{"predicate":{"custom_model_data":1.0},"model":"bagels_baking:item/apple_cinnamon_cream"},{"predicate":{"custom_model_data":2.0},"model":"sandwichable:item/bread_slice"},{"predicate":{"custom_model_data":3.0},"model":"bagels_baking:item/brownie"},{"predicate":{"custom_model_data":4.0},"model":"sandwichable:item/candescent_cheese_slice"},{"predicate":{"custom_model_data":5.0},"model":"bagels_baking:item/chicken_pocket"},{"predicate":{"custom_model_data":6.0},"model":"pswg:item/cooked_bantha_chop"},{"predicate":{"custom_model_data":7.0},"model":"bagels_baking:item/cooked_rice_ball"},{"predicate":{"custom_model_data":8.0},"model":"pswg:item/eopie_loin"},{"predicate":{"custom_model_data":9.0},"model":"bagels_baking:item/fruit_salad"},{"predicate":{"custom_model_data":10.0},"model":"bagels_baking:item/golden_bagel"},{"predicate":{"custom_model_data":11.0},"model":"bagels_baking:item/grape_swirl_milkshake"},{"predicate":{"custom_model_data":12.0},"model":"bagels_baking:item/katsu_sandwich"},{"predicate":{"custom_model_data":13.0},"model":"culinaire:item/marshmallow_on_a_stick"},{"predicate":{"custom_model_data":14.0},"model":"bagels_baking:item/midas_salad"},{"predicate":{"custom_model_data":15.0},"model":"pswg:item/qrikki_waffle"},{"predicate":{"custom_model_data":16.0},"model":"bagels_baking:item/root_beer_slushee"},{"predicate":{"custom_model_data":17.0},"model":"sandwichable:item/sliced_toasted_crimson_fungus"},{"predicate":{"custom_model_data":18.0},"model":"bagels_baking:item/steak_taco"},{"predicate":{"custom_model_data":19.0},"model":"sandwichable:item/toasted_warped_fungus"},{"predicate":{"custom_model_data":20.0},"model":"sandwichable:item/warped_bleu_cheese_slice"}]}