{"parent":"item/generated","textures":{"layer0":"item/apple"},"overrides":[{"predicate":{"custom_model_data":1.0},"model":"ecotones:item/cactus_fruit"},{"predicate":{"custom_model_data":2.0},"model":"culinaire:item/cheese"},{"predicate":{"custom_model_data":3.0},"model":"bagels_baking:item/chicken_nuggets"},{"predicate":{"custom_model_data":4.0},"model":"culinaire:item/chouquette"},{"predicate":{"custom_model_data":5.0},"model":"sandwichable:item/cooked_pork_cuts"},{"predicate":{"custom_model_data":6.0},"model":"bagels_baking:item/glow_berry_jam"},{"predicate":{"custom_model_data":7.0},"model":"bagels_baking:item/mashed_potatoes"}]}