{"parent":"item/generated","textures":{"layer0":"item/apple"},"overrides":[{"predicate":{"custom_model_data":1.0},"model":"ecotones:item/cactus_fruit"},{"predicate":{"custom_model_data":2.0},"model":"culinaire:item/cheese"},{"predicate":{"custom_model_data":3.0},"model":"bagels_baking:item/chicken_nuggets"},{"predicate":{"custom_model_data":4.0},"model":"culinaire:item/chouquette"},{"predicate":{"custom_model_data":5.0},"model":"sandwichable:item/cooked_pork_cuts"},{"predicate":{"custom_model_data":6.0},"model":"bagels_baking:item/donut"},{"predicate":{"custom_model_data":7.0},"model":"bagels_baking:item/frozen_lemonade"},{"predicate":{"custom_model_data":8.0},"model":"sandwichable:item/golden_apple_slices"},{"predicate":{"custom_model_data":9.0},"model":"bagels_baking:item/grape_swirl_ice_cream"},{"predicate":{"custom_model_data":10.0},"model":"pswg:item/haroun_bread"},{"predicate":{"custom_model_data":11.0},"model":"pswg:item/kreetlejuice"},{"predicate":{"custom_model_data":12.0},"model":"archon:item/mana_berries"},{"predicate":{"custom_model_data":13.0},"model":"bagels_baking:item/mayonnaise"},{"predicate":{"custom_model_data":14.0},"model":"culinaire:item/milk_chocolate_pie"},{"predicate":{"custom_model_data":15.0},"model":"bagels_baking:item/mutton_pocket"},{"predicate":{"custom_model_data":16.0},"model":"pswg:item/qrikki_waffle"},{"predicate":{"custom_model_data":17.0},"model":"bagels_baking:item/sweet_berry_swirl_milkshake"},{"predicate":{"custom_model_data":18.0},"model":"sandwichable:item/tomato_slice"},{"predicate":{"custom_model_data":18.0,"sandwichable:sandwich_state":0.25},"model":"sandwichable:item/tomato_slice_0"},{"predicate":{"custom_model_data":18.0,"sandwichable:sandwich_state":0.5},"model":"sandwichable:item/tomato_slice_1"},{"predicate":{"custom_model_data":18.0,"sandwichable:sandwich_state":0.75},"model":"sandwichable:item/tomato_slice_2"},{"predicate":{"custom_model_data":19.0},"model":"pswg:item/tuber"}]}