{"parent":"item/generated","textures":{"layer0":"item/baked_potato"},"overrides":[{"predicate":{"custom_model_data":1.0},"model":"bagels_baking:item/apple_jam"},{"predicate":{"custom_model_data":2.0},"model":"bagels_baking:item/batter"},{"predicate":{"custom_model_data":3.0},"model":"sandwichable:item/cheese_slice"},{"predicate":{"custom_model_data":4.0},"model":"bagels_baking:item/chicken_taco"},{"predicate":{"custom_model_data":5.0},"model":"bagels_baking:item/cooked_chicken_nuggets"},{"predicate":{"custom_model_data":6.0},"model":"bagels_baking:item/cooked_wild_rice_ball"},{"predicate":{"custom_model_data":7.0},"model":"bagels_baking:item/fruity_soda_slushee"},{"predicate":{"custom_model_data":8.0},"model":"bagels_baking:item/glow_berry_jam_sandwich"},{"predicate":{"custom_model_data":9.0},"model":"ecotones:item/hazelnut"},{"predicate":{"custom_model_data":10.0},"model":"bagels_baking:item/onion"},{"predicate":{"custom_model_data":11.0},"model":"hexcasting:item/sub_sandwich"},{"predicate":{"custom_model_data":12.0},"model":"bagels_baking:item/sweet_berry_jam"}]}