{"parent":"item/generated","textures":{"layer0":"item/baked_potato"},"overrides":[{"predicate":{"custom_model_data":1.0},"model":"bagels_baking:item/apple_cinnamon_milkshake"},{"predicate":{"custom_model_data":2.0},"model":"bagels_baking:item/batter"},{"predicate":{"custom_model_data":3.0},"model":"bagels_baking:item/cheese_slice"},{"predicate":{"custom_model_data":4.0},"model":"bagels_baking:item/chicken_stew"},{"predicate":{"custom_model_data":5.0},"model":"sandwichable:item/cooked_chicken_filet"},{"predicate":{"custom_model_data":6.0},"model":"sandwichable:item/cooked_tomato_slice"},{"predicate":{"custom_model_data":6.0,"sandwichable:sandwich_state":0.25},"model":"sandwichable:item/cooked_tomato_slice_0"},{"predicate":{"custom_model_data":6.0,"sandwichable:sandwich_state":0.5},"model":"sandwichable:item/cooked_tomato_slice_1"},{"predicate":{"custom_model_data":6.0,"sandwichable:sandwich_state":0.75},"model":"sandwichable:item/cooked_tomato_slice_2"},{"predicate":{"custom_model_data":7.0},"model":"pswg:item/dewback_egg"},{"predicate":{"custom_model_data":8.0},"model":"bagels_baking:item/glow_berry_swirl_cream"},{"predicate":{"custom_model_data":9.0},"model":"ecotones:item/hazelnut"},{"predicate":{"custom_model_data":10.0},"model":"sandwichable:item/intoxicating_cheese_wheel"},{"predicate":{"custom_model_data":11.0},"model":"pswg:item/jogan_fruit"},{"predicate":{"custom_model_data":12.0},"model":"pswg:item/pallie_fruit"},{"predicate":{"custom_model_data":13.0},"model":"sandwichable:item/pickle_chips"},{"predicate":{"custom_model_data":14.0},"model":"bagels_baking:item/rabbit_meal"},{"predicate":{"custom_model_data":15.0},"model":"bagels_baking:item/shepherds_pie"},{"predicate":{"custom_model_data":16.0},"model":"pswg:item/vaporator_mushroom"}]}