{"parent":"item/generated","textures":{"layer0":"item/beef"},"overrides":[{"predicate":{"custom_model_data":1.0},"model":"campanion:item/blackened_marshmallow"},{"predicate":{"custom_model_data":2.0},"model":"pswg:item/blue_milk_glass"},{"predicate":{"custom_model_data":3.0},"model":"bagels_baking:item/cooked_egg"},{"predicate":{"custom_model_data":4.0},"model":"bagels_baking:item/corn_cereal_bowl"},{"predicate":{"custom_model_data":5.0},"model":"culinaire:item/dark_chocolate_bar"},{"predicate":{"custom_model_data":6.0},"model":"bagels_baking:item/fish_sandwich"},{"predicate":{"custom_model_data":7.0},"model":"bagels_baking:item/fried_chicken_nuggets"},{"predicate":{"custom_model_data":8.0},"model":"bagels_baking:item/gin"},{"predicate":{"custom_model_data":9.0},"model":"bewitchment:item/grilled_garlic"},{"predicate":{"custom_model_data":10.0},"model":"milk_plus:item/milk_bowl"},{"predicate":{"custom_model_data":11.0},"model":"bagels_baking:item/peach"},{"predicate":{"custom_model_data":12.0},"model":"bagels_baking:item/sweet_berry_jam"},{"predicate":{"custom_model_data":13.0},"model":"bagels_baking:item/wheat_cereal_bowl"}]}