{"parent":"item/generated","textures":{"layer0":"item/beef"},"overrides":[{"predicate":{"custom_model_data":1.0},"model":"campanion:item/blackened_marshmallow"},{"predicate":{"custom_model_data":2.0},"model":"pswg:item/blue_yogurt"},{"predicate":{"custom_model_data":3.0},"model":"bagels_baking:item/cherry_jam"},{"predicate":{"custom_model_data":4.0},"model":"create:item/chocolate_glazed_berries"},{"predicate":{"custom_model_data":5.0},"model":"sandwichable:item/cod_filet"},{"predicate":{"custom_model_data":6.0},"model":"pswg:item/cooked_eopie_loin"},{"predicate":{"custom_model_data":7.0},"model":"bagels_baking:item/corn_cereal_bowl"},{"predicate":{"custom_model_data":8.0},"model":"culinaire:item/dark_chocolate_bar"},{"predicate":{"custom_model_data":9.0},"model":"bagels_baking:item/fish_pocket"},{"predicate":{"custom_model_data":10.0},"model":"bagels_baking:item/fried_chicken"},{"predicate":{"custom_model_data":11.0},"model":"bagels_baking:item/grilled_cheese_sandwich"},{"predicate":{"custom_model_data":12.0},"model":"pswg:item/krayt_meat"},{"predicate":{"custom_model_data":13.0},"model":"bagels_baking:item/loaded_potato"},{"predicate":{"custom_model_data":14.0},"model":"ecotones:item/maple_syrup"},{"predicate":{"custom_model_data":15.0},"model":"bagels_baking:item/pork_meal"},{"predicate":{"custom_model_data":16.0},"model":"sandwichable:item/sandwich"},{"predicate":{"custom_model_data":17.0},"model":"bagels_baking:item/spiced_rum"}]}