{"parent":"item/generated","textures":{"layer0":"item/beetroot"},"overrides":[{"predicate":{"custom_model_data":1.0},"model":"bagels_baking:item/apple_cinnamon_cream"},{"predicate":{"custom_model_data":2.0},"model":"sandwichable:item/bread_slice"},{"predicate":{"custom_model_data":3.0},"model":"bagels_baking:item/brownie"},{"predicate":{"custom_model_data":4.0},"model":"sandwichable:item/candescent_cheese_slice"},{"predicate":{"custom_model_data":5.0},"model":"bagels_baking:item/chicken_pocket"},{"predicate":{"custom_model_data":6.0},"model":"pswg:item/cooked_bantha_chop"},{"predicate":{"custom_model_data":7.0},"model":"bagels_baking:item/cooked_rice_ball"},{"predicate":{"custom_model_data":8.0},"model":"pswg:item/crispy_gorg"},{"predicate":{"custom_model_data":9.0},"model":"bagels_baking:item/fruity_soda"},{"predicate":{"custom_model_data":10.0},"model":"sandwichable:item/glow_berry_jam_bottle"},{"predicate":{"custom_model_data":11.0},"model":"bagels_baking:item/grapes"},{"predicate":{"custom_model_data":12.0},"model":"promenade:item/mango"},{"predicate":{"custom_model_data":13.0},"model":"culinaire:item/mashed_potatoes"},{"predicate":{"custom_model_data":14.0},"model":"bagels_baking:item/spiced_rum"}]}