{"parent":"item/generated","textures":{"layer0":"item/beetroot"},"overrides":[{"predicate":{"custom_model_data":1.0},"model":"pswg:item/ahrisa_bowl"},{"predicate":{"custom_model_data":2.0},"model":"bagels_baking:item/apple_cinnamon_ice_cream"},{"predicate":{"custom_model_data":3.0},"model":"sandwichable:item/candescent_cheese_wheel"},{"predicate":{"custom_model_data":4.0},"model":"bagels_baking:item/cheese_sandwich"},{"predicate":{"custom_model_data":5.0},"model":"bagels_baking:item/chicken_sandwich"},{"predicate":{"custom_model_data":6.0},"model":"bagels_baking:item/cooked_calamari"},{"predicate":{"custom_model_data":7.0},"model":"sandwichable:item/cooked_salmon_filet"},{"predicate":{"custom_model_data":8.0},"model":"pswg:item/crispy_gorg"},{"predicate":{"custom_model_data":9.0},"model":"bagels_baking:item/glow_berry_jam"},{"predicate":{"custom_model_data":10.0},"model":"bagels_baking:item/mashed_potatoes"},{"predicate":{"custom_model_data":11.0},"model":"bagels_baking:item/peach"},{"predicate":{"custom_model_data":12.0},"model":"sandwichable:item/sliced_toasted_warped_fungus"},{"predicate":{"custom_model_data":13.0},"model":"sandwichable:item/warped_bleu_cheese_wheel"}]}