{"parent":"item/generated","textures":{"layer0":"item/beetroot"},"overrides":[{"predicate":{"custom_model_data":1.0},"model":"bagels_baking:item/apple_cinnamon_cream"},{"predicate":{"custom_model_data":2.0},"model":"sandwichable:item/bread_slice"},{"predicate":{"custom_model_data":3.0},"model":"bagels_baking:item/brownie"},{"predicate":{"custom_model_data":4.0},"model":"sandwichable:item/candescent_cheese_slice"},{"predicate":{"custom_model_data":5.0},"model":"bagels_baking:item/chicken_pocket"},{"predicate":{"custom_model_data":6.0},"model":"pswg:item/cooked_bantha_chop"},{"predicate":{"custom_model_data":7.0},"model":"bagels_baking:item/cooked_rice_ball"},{"predicate":{"custom_model_data":8.0},"model":"pswg:item/crispy_gorg"},{"predicate":{"custom_model_data":9.0},"model":"sandwichable:item/fermenting_milk_bucket"},{"predicate":{"custom_model_data":10.0},"model":"bagels_baking:item/fruit_martini"},{"predicate":{"custom_model_data":11.0},"model":"bagels_baking:item/golden_bagel"},{"predicate":{"custom_model_data":12.0},"model":"bagels_baking:item/grape_swirl_milkshake"},{"predicate":{"custom_model_data":13.0},"model":"sandwichable:item/mayonnaise_bottle"},{"predicate":{"custom_model_data":14.0},"model":"bagels_baking:item/mountain_fountain"},{"predicate":{"custom_model_data":15.0},"model":"bagels_baking:item/mutton_sandwich"},{"predicate":{"custom_model_data":16.0},"model":"bagels_baking:item/peach_cobbler"},{"predicate":{"custom_model_data":17.0},"model":"bagels_baking:item/red_wine"},{"predicate":{"custom_model_data":18.0},"model":"bagels_baking:item/rice_cereal_bowl"},{"predicate":{"custom_model_data":19.0},"model":"create:item/sweet_roll"},{"predicate":{"custom_model_data":20.0},"model":"bagels_baking:item/tomato_soup"},{"predicate":{"custom_model_data":21.0},"model":"pswg:item/tuber_mash"}]}