{"parent":"item/generated","textures":{"layer0":"item/blaze_rod"},"overrides":[{"predicate":{"custom_model_data":1.0},"model":"botania:item/ancient_will_verac"},{"predicate":{"custom_model_data":2.0},"model":"automobility:item/automobile_wheel"},{"predicate":{"custom_model_data":3.0},"model":"additionalbanners:item/balance"},{"predicate":{"custom_model_data":4.0},"model":"minecraft:item/barrier"},{"predicate":{"custom_model_data":5.0},"model":"refmagic:item/bismuth"},{"predicate":{"custom_model_data":6.0},"model":"pswg:item/blue_cup"},{"predicate":{"custom_model_data":7.0},"model":"consistency_plus:item/bone_brick"},{"predicate":{"custom_model_data":8.0},"model":"bewitchment:item/bottle_of_blood"},{"predicate":{"custom_model_data":9.0},"model":"create:item/brass_sheet"},{"predicate":{"custom_model_data":10.0},"model":"botania:item/cacophonium"},{"predicate":{"custom_model_data":11.0},"model":"spacefactory:item/camouflage_cloth"},{"predicate":{"custom_model_data":12.0},"model":"darkutils:item/charm_portal"},{"predicate":{"custom_model_data":13.0},"model":"create:item/cinder_flour"},{"predicate":{"custom_model_data":14.0},"model":"additionalbanners:item/clubs"},{"predicate":{"custom_model_data":15.0},"model":"incorporeal:item/computational_lens_pattern"},{"predicate":{"custom_model_data":16.0},"model":"oxidized:item/copper_pulsar"},{"predicate":{"custom_model_data":17.0},"model":"aurorasdeco:item/copper_sulfate"},{"predicate":{"custom_model_data":18.0},"model":"botania:item/corporea_spark"},{"predicate":{"custom_model_data":19.0},"model":"botania:item/cosmetic_anaglyph_glasses"},{"predicate":{"custom_model_data":20.0},"model":"botania:item/cosmetic_eyepatch"},{"predicate":{"custom_model_data":21.0},"model":"botania:item/cosmetic_red_glasses"},{"predicate":{"custom_model_data":22.0},"model":"sandwichable:item/creamy_cheese_culture_bottle"},{"predicate":{"custom_model_data":23.0},"model":"extended_drawers:item/creative_upgrade"},{"predicate":{"custom_model_data":24.0},"model":"create:item/crushed_platinum_ore"},{"predicate":{"custom_model_data":25.0},"model":"pswg:item/desh_cup"},{"predicate":{"custom_model_data":26.0},"model":"bagels_baking:item/dough"},{"predicate":{"custom_model_data":27.0},"model":"consistency_plus:item/dripstone_brick"},{"predicate":{"custom_model_data":28.0},"model":"hexcasting:item/dye_colorizer_cyan"},{"predicate":{"custom_model_data":29.0},"model":"hexcasting:item/dye_colorizer_yellow"},{"predicate":{"custom_model_data":30.0},"model":"bewitchment:item/elder_boat"},{"predicate":{"custom_model_data":31.0},"model":"incorporeal:item/empty_ticket"},{"predicate":{"custom_model_data":31.0,"incorporeal:written_ticket":1.0},"model":"incorporeal:item/empty_ticket_written"},{"predicate":{"custom_model_data":32.0},"model":"botania:item/ender_air_bottle"},{"predicate":{"custom_model_data":33.0},"model":"bewitchment:item/fiery_serum"},{"predicate":{"custom_model_data":34.0},"model":"botania:item/flask"},{"predicate":{"custom_model_data":35.0},"model":"bagels_baking:item/flour"},{"predicate":{"custom_model_data":36.0},"model":"pswg:item/glass_10"},{"predicate":{"custom_model_data":37.0},"model":"sandwichable:item/glass_kitchen_knife"},{"predicate":{"custom_model_data":38.0},"model":"archon:item/glisteel_ingot"},{"predicate":{"custom_model_data":39.0},"model":"terrariamod:item/gold_broadsword"},{"predicate":{"custom_model_data":40.0},"model":"sandwichable:item/golden_kitchen_knife"},{"predicate":{"custom_model_data":41.0},"model":"botania:item/grass_seeds"},{"predicate":{"custom_model_data":42.0},"model":"gravitychanger:item/gravity_changer_north_aoe"},{"predicate":{"custom_model_data":43.0},"model":"minecraft:item/barrier"},{"predicate":{"custom_model_data":44.0},"model":"consistency_plus:item/gray_dyed_bundle"},{"predicate":{"custom_model_data":44.0,"filled":0.001},"model":"consistency_plus:item/gray_dyed_bundle_filled"},{"predicate":{"custom_model_data":45.0},"model":"consistency_plus:item/green_concrete_brick"},{"predicate":{"custom_model_data":46.0},"model":"wiredredstone:item/green_insulated_wire"},{"predicate":{"custom_model_data":47.0},"model":"patchouli:item/guide_book"},{"predicate":{"custom_model_data":48.0},"model":"bewitchment:item/herne_spawn_egg"},{"predicate":{"custom_model_data":49.0},"model":"chromatic_currents:item/iconitem"},{"predicate":{"custom_model_data":50.0},"model":"botania:item/infinite_fruit"},{"predicate":{"custom_model_data":50.0,"botania:boot":1.0},"model":"botania:item/dasboot"},{"predicate":{"custom_model_data":51.0},"model":"terrariamod:item/iron_bar"},{"predicate":{"custom_model_data":52.0},"model":"transpositioners:item/item_gate_module_mk2"},{"predicate":{"custom_model_data":53.0},"model":"bewitchment:item/juniper_broom"},{"predicate":{"custom_model_data":54.0},"model":"additionalbanners:item/kelp"},{"predicate":{"custom_model_data":55.0},"model":"botania:item/lens_fire"},{"predicate":{"custom_model_data":56.0},"model":"botania:item/lens_piston"},{"predicate":{"custom_model_data":57.0},"model":"consistency_plus:item/lime_concrete_brick"},{"predicate":{"custom_model_data":58.0},"model":"wiredredstone:item/lime_insulated_wire"},{"predicate":{"custom_model_data":59.0},"model":"milk:item/lingering_milk_bottle"},{"predicate":{"custom_model_data":60.0},"model":"pswg:item/lizard_gizzard"},{"predicate":{"custom_model_data":61.0},"model":"terracraft:item/magic_mirror"},{"predicate":{"custom_model_data":62.0},"model":"archon:item/mana_leech_spawn_egg"},{"predicate":{"custom_model_data":63.0},"model":"milk_plus:item/milk_arrow"},{"predicate":{"custom_model_data":64.0},"model":"create:item/minecart_contraption"},{"predicate":{"custom_model_data":65.0},"model":"minecraft:item/barrier"},{"predicate":{"custom_model_data":66.0},"model":"bagels_baking:item/music_disc_coll"},{"predicate":{"custom_model_data":67.0},"model":"terrariamod:item/night_disc"},{"predicate":{"custom_model_data":68.0},"model":"incorporeal:item/number_lens"},{"predicate":{"custom_model_data":69.0},"model":"botania:item/pattern_3_1"},{"predicate":{"custom_model_data":70.0},"model":"consistency_plus:item/pink_terracotta_brick"},{"predicate":{"custom_model_data":71.0},"model":"botania:item/placeholder"},{"predicate":{"custom_model_data":72.0},"model":"hexcasting:item/pride_colorizer_agender"},{"predicate":{"custom_model_data":73.0},"model":"hexcasting:item/pride_colorizer_nonbinary"},{"predicate":{"custom_model_data":74.0},"model":"create:item/propeller"},{"predicate":{"custom_model_data":75.0},"model":"consistency_plus:item/purple_concrete_brick"},{"predicate":{"custom_model_data":76.0},"model":"wiredredstone:item/purple_insulated_wire"},{"predicate":{"custom_model_data":77.0},"model":"consistency_plus:item/quartz_brick"},{"predicate":{"custom_model_data":78.0},"model":"botania:item/quartz_mana"},{"predicate":{"custom_model_data":79.0},"model":"pswg:item/raw_ionite"},{"predicate":{"custom_model_data":80.0},"model":"create:item/raw_zinc"},{"predicate":{"custom_model_data":81.0},"model":"minecraft:item/barrier"},{"predicate":{"custom_model_data":82.0},"model":"consistency_plus:item/red_dyed_bundle"},{"predicate":{"custom_model_data":82.0,"filled":0.001},"model":"consistency_plus:item/red_dyed_bundle_filled"},{"predicate":{"custom_model_data":83.0},"model":"consistency_plus:item/red_terracotta_brick"},{"predicate":{"custom_model_data":84.0},"model":"bewitchment:item/ruin_sigil"},{"predicate":{"custom_model_data":85.0},"model":"botania:item/rune_greed"},{"predicate":{"custom_model_data":86.0},"model":"bagels_baking:item/salt"},{"predicate":{"custom_model_data":87.0},"model":"minecraft:item/barrier"},{"predicate":{"custom_model_data":88.0},"model":"minecraft:item/barrier"},{"predicate":{"custom_model_data":89.0},"model":"minecraft:item/barrier"},{"predicate":{"custom_model_data":90.0},"model":"minecraft:item/barrier"},{"predicate":{"custom_model_data":91.0},"model":"minecraft:item/barrier"},{"predicate":{"custom_model_data":92.0},"model":"minecraft:item/barrier"},{"predicate":{"custom_model_data":93.0},"model":"minecraft:item/barrier"},{"predicate":{"custom_model_data":94.0},"model":"minecraft:item/barrier"},{"predicate":{"custom_model_data":95.0},"model":"terrariamod:item/slime_crown"},{"predicate":{"custom_model_data":96.0},"model":"purpeille:item/smoldered_purpeille_ingot"},{"predicate":{"custom_model_data":97.0},"model":"bewitchment:item/snake_spawn_egg"},{"predicate":{"custom_model_data":98.0},"model":"pswg:item/spawn_worrt"},{"predicate":{"custom_model_data":99.0},"model":"minecraft:item/barrier"},{"predicate":{"custom_model_data":100.0},"model":"terrariamod:item/suspicious_looking_eye"},{"predicate":{"custom_model_data":101.0},"model":"campanion:item/tanned_leather_pouch"},{"predicate":{"custom_model_data":102.0},"model":"bagels_baking:item/tea_leaves"},{"predicate":{"custom_model_data":103.0},"model":"pswg:item/tongue_of_worrt"},{"predicate":{"custom_model_data":104.0},"model":"bwplus:item/unicorn_blood"},{"predicate":{"custom_model_data":105.0},"model":"haema:item/vampire_hunter_contract"},{"predicate":{"custom_model_data":106.0},"model":"botania:item/vial"},{"predicate":{"custom_model_data":107.0},"model":"hexcasting:item/wand_birch"},{"predicate":{"custom_model_data":107.0,"hexcasting:funny_level":0.0},"model":"hexcasting:item/wand_birch"},{"predicate":{"custom_model_data":107.0,"hexcasting:funny_level":1.0},"model":"hexcasting:item/wand_old"},{"predicate":{"custom_model_data":107.0,"hexcasting:funny_level":2.0},"model":"hexcasting:item/wand_bosnia"},{"predicate":{"custom_model_data":108.0},"model":"sandwichable:item/warped_bleu_cheese_culture_bottle"},{"predicate":{"custom_model_data":109.0},"model":"bagels_baking:item/water_cup"},{"predicate":{"custom_model_data":110.0},"model":"bewitchment:item/wood_ash"},{"predicate":{"custom_model_data":111.0},"model":"create:item/wrench"}]}