{"parent":"item/generated","textures":{"layer0":"item/blaze_rod"},"overrides":[{"predicate":{"custom_model_data":1.0},"model":"transpositioners:item/and_gate_module_mk1"},{"predicate":{"custom_model_data":2.0},"model":"rocks:item/andesite_splitter"},{"predicate":{"custom_model_data":3.0},"model":"automobility:item/automobile_wheel"},{"predicate":{"custom_model_data":4.0},"model":"additionalbanners:item/balance"},{"predicate":{"custom_model_data":5.0},"model":"minecraft:item/barrier"},{"predicate":{"custom_model_data":6.0},"model":"refmagic:item/bismuth"},{"predicate":{"custom_model_data":7.0},"model":"campanion:item/camping_pack"},{"predicate":{"custom_model_data":8.0},"model":"minecraft:item/barrier"},{"predicate":{"custom_model_data":9.0},"model":"darkutils:item/charm_sleep"},{"predicate":{"custom_model_data":10.0},"model":"bagels_baking:item/cinnamon_bark"},{"predicate":{"custom_model_data":11.0},"model":"peculiarpieces:item/consumable_position_pearl"},{"predicate":{"custom_model_data":12.0},"model":"oxidized:item/copper_pulsar"},{"predicate":{"custom_model_data":13.0},"model":"aurorasdeco:item/copper_sulfate"},{"predicate":{"custom_model_data":14.0},"model":"botania:item/corporea_spark"},{"predicate":{"custom_model_data":15.0},"model":"botania:item/cosmetic_anaglyph_glasses"},{"predicate":{"custom_model_data":16.0},"model":"botania:item/cosmetic_eyepatch"},{"predicate":{"custom_model_data":17.0},"model":"botania:item/cosmetic_red_glasses"},{"predicate":{"custom_model_data":18.0},"model":"sandwichable:item/creamy_cheese_culture_bottle"},{"predicate":{"custom_model_data":19.0},"model":"extended_drawers:item/creative_upgrade"},{"predicate":{"custom_model_data":20.0},"model":"create:item/crushed_platinum_ore"},{"predicate":{"custom_model_data":21.0},"model":"pswg:item/desh_coil"},{"predicate":{"custom_model_data":22.0},"model":"additionalbanners:item/diamond"},{"predicate":{"custom_model_data":23.0},"model":"botania:item/diva_charm"},{"predicate":{"custom_model_data":24.0},"model":"consistency_plus:item/dripstone_brick"},{"predicate":{"custom_model_data":25.0},"model":"hexcasting:item/dye_colorizer_cyan"},{"predicate":{"custom_model_data":26.0},"model":"hexcasting:item/dye_colorizer_yellow"},{"predicate":{"custom_model_data":27.0},"model":"bewitchment:item/elder_boat"},{"predicate":{"custom_model_data":28.0},"model":"incorporeal:item/empty_ticket"},{"predicate":{"custom_model_data":28.0,"incorporeal:written_ticket":1.0},"model":"incorporeal:item/empty_ticket_written"},{"predicate":{"custom_model_data":29.0},"model":"botania:item/ender_air_bottle"},{"predicate":{"custom_model_data":30.0},"model":"archon:item/experience_pouch"},{"predicate":{"custom_model_data":31.0},"model":"archon:item/fire_gem"},{"predicate":{"custom_model_data":32.0},"model":"botania:item/flare_chakram"},{"predicate":{"custom_model_data":33.0},"model":"hexcasting:item/focus"},{"predicate":{"custom_model_data":33.0,"hexcasting:datatype":0.0,"hexcasting:sealed":0.0},"model":"hexcasting:item/focus_empty"},{"predicate":{"custom_model_data":33.0,"hexcasting:datatype":1.0,"hexcasting:sealed":0.0},"model":"hexcasting:item/focus_entity"},{"predicate":{"custom_model_data":33.0,"hexcasting:datatype":2.0,"hexcasting:sealed":0.0},"model":"hexcasting:item/focus_double"},{"predicate":{"custom_model_data":33.0,"hexcasting:datatype":3.0,"hexcasting:sealed":0.0},"model":"hexcasting:item/focus_vec3"},{"predicate":{"custom_model_data":33.0,"hexcasting:datatype":4.0,"hexcasting:sealed":0.0},"model":"hexcasting:item/focus_widget"},{"predicate":{"custom_model_data":33.0,"hexcasting:datatype":5.0,"hexcasting:sealed":0.0},"model":"hexcasting:item/focus_list"},{"predicate":{"custom_model_data":33.0,"hexcasting:datatype":6.0,"hexcasting:sealed":0.0},"model":"hexcasting:item/focus_pattern"},{"predicate":{"custom_model_data":33.0,"hexcasting:datatype":0.0,"hexcasting:sealed":1.0},"model":"hexcasting:item/focus_empty_sealed"},{"predicate":{"custom_model_data":33.0,"hexcasting:datatype":1.0,"hexcasting:sealed":1.0},"model":"hexcasting:item/focus_entity_sealed"},{"predicate":{"custom_model_data":33.0,"hexcasting:datatype":2.0,"hexcasting:sealed":1.0},"model":"hexcasting:item/focus_double_sealed"},{"predicate":{"custom_model_data":33.0,"hexcasting:datatype":3.0,"hexcasting:sealed":1.0},"model":"hexcasting:item/focus_vec3_sealed"},{"predicate":{"custom_model_data":33.0,"hexcasting:datatype":4.0,"hexcasting:sealed":1.0},"model":"hexcasting:item/focus_widget_sealed"},{"predicate":{"custom_model_data":33.0,"hexcasting:datatype":5.0,"hexcasting:sealed":1.0},"model":"hexcasting:item/focus_list_sealed"},{"predicate":{"custom_model_data":33.0,"hexcasting:datatype":6.0,"hexcasting:sealed":1.0},"model":"hexcasting:item/focus_pattern_sealed"},{"predicate":{"custom_model_data":34.0},"model":"tot:item/gazing_lily"},{"predicate":{"custom_model_data":35.0},"model":"pswg:item/glass_1"},{"predicate":{"custom_model_data":36.0},"model":"pswg:item/glass_bottle_3"},{"predicate":{"custom_model_data":37.0},"model":"terrariamod:item/gold_bow"},{"predicate":{"custom_model_data":38.0},"model":"terrariamod:item/gold_pickaxe"},{"predicate":{"custom_model_data":39.0},"model":"gravitychanger:item/gravity_changer_north"},{"predicate":{"custom_model_data":40.0},"model":"minecraft:item/barrier"},{"predicate":{"custom_model_data":41.0},"model":"consistency_plus:item/green_dyed_bundle"},{"predicate":{"custom_model_data":41.0,"filled":0.001},"model":"consistency_plus:item/green_dyed_bundle_filled"},{"predicate":{"custom_model_data":42.0},"model":"bewitchment:item/herne_spawn_egg"},{"predicate":{"custom_model_data":43.0},"model":"chromatic_currents:item/iconitem"},{"predicate":{"custom_model_data":44.0},"model":"botania:item/invisibility_cloak"},{"predicate":{"custom_model_data":45.0},"model":"terrariamod:item/iron_axe"},{"predicate":{"custom_model_data":46.0},"model":"transpositioners:item/item_gate_module_mk1"},{"predicate":{"custom_model_data":47.0},"model":"bewitchment:item/judgment_sigil"},{"predicate":{"custom_model_data":48.0},"model":"bewitchment:item/juniper_boat"},{"predicate":{"custom_model_data":49.0},"model":"pswg:item/kelerium_ingot"},{"predicate":{"custom_model_data":50.0},"model":"pswg:item/kreetle_husk"},{"predicate":{"custom_model_data":51.0},"model":"botania:item/lava_pendant"},{"predicate":{"custom_model_data":52.0},"model":"bagels_baking:item/lemon_boat"},{"predicate":{"custom_model_data":53.0},"model":"botania:item/lens_explosive"},{"predicate":{"custom_model_data":54.0},"model":"botania:item/lens_phantom"},{"predicate":{"custom_model_data":55.0},"model":"terrariamod:item/lesser_healing_potion"},{"predicate":{"custom_model_data":56.0},"model":"decorative:item/light_blue_bath_tire"},{"predicate":{"custom_model_data":57.0},"model":"pswg:item/light_blue_cup"},{"predicate":{"custom_model_data":58.0},"model":"minecraft:item/barrier"},{"predicate":{"custom_model_data":59.0},"model":"consistency_plus:item/lime_dyed_bundle"},{"predicate":{"custom_model_data":59.0,"filled":0.001},"model":"consistency_plus:item/lime_dyed_bundle_filled"},{"predicate":{"custom_model_data":60.0},"model":"decorative:item/magenta_bath_tire"},{"predicate":{"custom_model_data":61.0},"model":"pswg:item/magenta_cup"},{"predicate":{"custom_model_data":62.0},"model":"botania:item/mana_gun"},{"predicate":{"custom_model_data":63.0},"model":"botania:item/mana_ring_greater"},{"predicate":{"custom_model_data":64.0},"model":"botania:item/manasteel_ingot"},{"predicate":{"custom_model_data":65.0},"model":"bewitchment:item/mandrake_root"},{"predicate":{"custom_model_data":66.0},"model":"incorporeal:item/matcher_ticket"},{"predicate":{"custom_model_data":66.0,"incorporeal:written_ticket":1.0},"model":"incorporeal:item/matcher_ticket_written"},{"predicate":{"custom_model_data":67.0},"model":"transpositioners:item/module_base_mk1"},{"predicate":{"custom_model_data":68.0},"model":"mbembe:item/mokele_spawn_egg"},{"predicate":{"custom_model_data":69.0},"model":"additionalbanners:item/mushroom"},{"predicate":{"custom_model_data":70.0},"model":"incorporeal:item/negating_lens"},{"predicate":{"custom_model_data":71.0},"model":"spacefactory:item/nether_quartz_dust"},{"predicate":{"custom_model_data":72.0},"model":"minecraft:item/barrier"},{"predicate":{"custom_model_data":73.0},"model":"consistency_plus:item/obsidian_brick"},{"predicate":{"custom_model_data":74.0},"model":"transpositioners:item/or_gate_module_mk1"},{"predicate":{"custom_model_data":75.0},"model":"botania:item/pattern_2_3"},{"predicate":{"custom_model_data":76.0},"model":"additionalbanners:item/phantom"},{"predicate":{"custom_model_data":77.0},"model":"botania:item/pinkinator"},{"predicate":{"custom_model_data":78.0},"model":"computercraft:item/pocket_computer_normal"},{"predicate":{"custom_model_data":78.0,"computercraft:state":0.0,"computercraft:coloured":0.0},"model":"computercraft:item/pocket_computer_normal"},{"predicate":{"custom_model_data":78.0,"computercraft:state":1.0,"computercraft:coloured":0.0},"model":"computercraft:item/pocket_computer_normal_on"},{"predicate":{"custom_model_data":78.0,"computercraft:state":2.0,"computercraft:coloured":0.0},"model":"computercraft:item/pocket_computer_normal_blinking"},{"predicate":{"custom_model_data":78.0,"computercraft:state":0.0,"computercraft:coloured":1.0},"model":"computercraft:item/pocket_computer_colour"},{"predicate":{"custom_model_data":78.0,"computercraft:state":1.0,"computercraft:coloured":1.0},"model":"computercraft:item/pocket_computer_colour_on"},{"predicate":{"custom_model_data":78.0,"computercraft:state":2.0,"computercraft:coloured":1.0},"model":"computercraft:item/pocket_computer_colour_blinking"},{"predicate":{"custom_model_data":79.0},"model":"hexcasting:item/pride_colorizer_asexual"},{"predicate":{"custom_model_data":80.0},"model":"hexcasting:item/pride_colorizer_transgender"},{"predicate":{"custom_model_data":81.0},"model":"botania:item/quartz_elven"},{"predicate":{"custom_model_data":82.0},"model":"chocolatebar:item/quilty_wrapping_paper"},{"predicate":{"custom_model_data":83.0},"model":"pswg:item/raw_desh"},{"predicate":{"custom_model_data":84.0},"model":"witherite_plus:item/refined_witherite"},{"predicate":{"custom_model_data":85.0},"model":"purpeille:item/remnant_brick"},{"predicate":{"custom_model_data":86.0},"model":"refmagic:item/rose_quartz"},{"predicate":{"custom_model_data":87.0},"model":"botania:item/rune_envy"},{"predicate":{"custom_model_data":88.0},"model":"botania:item/rune_wrath"},{"predicate":{"custom_model_data":89.0},"model":"create:item/schematic_and_quill"},{"predicate":{"custom_model_data":90.0},"model":"minecraft:item/barrier"},{"predicate":{"custom_model_data":91.0},"model":"minecraft:item/barrier"},{"predicate":{"custom_model_data":92.0},"model":"minecraft:item/barrier"},{"predicate":{"custom_model_data":93.0},"model":"minecraft:item/barrier"},{"predicate":{"custom_model_data":94.0},"model":"minecraft:item/barrier"},{"predicate":{"custom_model_data":95.0},"model":"minecraft:item/barrier"},{"predicate":{"custom_model_data":96.0},"model":"minecraft:item/barrier"},{"predicate":{"custom_model_data":97.0},"model":"minecraft:item/barrier"},{"predicate":{"custom_model_data":98.0},"model":"bewitchment:item/silver_ingot"},{"predicate":{"custom_model_data":99.0},"model":"botania:item/skydirt_rod"},{"predicate":{"custom_model_data":100.0},"model":"terracraft:item/soul_fire_arrow"},{"predicate":{"custom_model_data":101.0},"model":"sandwichable:item/sour_cheese_culture_bottle"},{"predicate":{"custom_model_data":102.0},"model":"pswg:item/spawn_laa"},{"predicate":{"custom_model_data":103.0},"model":"botania:item/speed_up_belt"},{"predicate":{"custom_model_data":104.0},"model":"portalcubed:item/storage_cube"},{"predicate":{"custom_model_data":105.0},"model":"ecotones:item/sulfur"},{"predicate":{"custom_model_data":106.0},"model":"botania:item/super_travel_belt"},{"predicate":{"custom_model_data":107.0},"model":"culinaire:item/tea_bag"},{"predicate":{"custom_model_data":108.0},"model":"botania:item/thorn_chakram"},{"predicate":{"custom_model_data":109.0},"model":"darkutils:item/tome_runelic"},{"predicate":{"custom_model_data":110.0},"model":"pswg:item/tough_hide"},{"predicate":{"custom_model_data":111.0},"model":"transpositioners:item/transpositioner_mk3"},{"predicate":{"custom_model_data":112.0},"model":"bagels_baking:item/unfired_plate"},{"predicate":{"custom_model_data":113.0},"model":"haema:item/vampire_hunter_contract"},{"predicate":{"custom_model_data":114.0},"model":"botania:item/vine_ball"},{"predicate":{"custom_model_data":115.0},"model":"minecraft:item/barrier"},{"predicate":{"custom_model_data":116.0},"model":"hexcasting:item/wand_oak"},{"predicate":{"custom_model_data":116.0,"hexcasting:funny_level":0.0},"model":"hexcasting:item/wand_oak"},{"predicate":{"custom_model_data":116.0,"hexcasting:funny_level":1.0},"model":"hexcasting:item/wand_old"},{"predicate":{"custom_model_data":116.0,"hexcasting:funny_level":2.0},"model":"hexcasting:item/wand_bosnia"},{"predicate":{"custom_model_data":117.0},"model":"create:item/wheat_flour"},{"predicate":{"custom_model_data":118.0},"model":"campanion:item/wool_tarp"}]}