{"parent":"item/generated","textures":{"layer0":"item/blaze_powder"},"overrides":[{"predicate":{"botania:active":1.0,"custom_model_data":98.0},"model":"botania:item/slime_bottle_active"},{"predicate":{"bewitchment:variant":1.0,"custom_model_data":77.0},"model":"bewitchment:item/prickly_belt_variant"},{"predicate":{"custom_model_data":1.0},"model":"botania:item/ancient_will_torag"},{"predicate":{"custom_model_data":2.0},"model":"automobility:item/automobile_frame"},{"predicate":{"custom_model_data":3.0},"model":"consistency_plus:item/black_concrete_brick"},{"predicate":{"custom_model_data":4.0},"model":"consistency_plus:item/black_dyed_bundle"},{"predicate":{"custom_model_data":4.0,"filled":0.001},"model":"consistency_plus:item/black_dyed_bundle_filled"},{"predicate":{"custom_model_data":5.0},"model":"botania:item/black_lotus"},{"predicate":{"custom_model_data":6.0},"model":"botania:item/blacker_lotus"},{"predicate":{"custom_model_data":7.0},"model":"create:item/blaze_cake_base"},{"predicate":{"custom_model_data":8.0},"model":"decorative:item/blue_bath_tire"},{"predicate":{"custom_model_data":9.0},"model":"consistency_plus:item/blue_terracotta_brick"},{"predicate":{"custom_model_data":10.0},"model":"create:item/brass_nugget"},{"predicate":{"custom_model_data":11.0},"model":"consistency_plus:item/brown_terracotta_brick"},{"predicate":{"custom_model_data":12.0},"model":"polaroidcamera:item/camera"},{"predicate":{"custom_model_data":13.0},"model":"cardstock:item/card"},{"predicate":{"custom_model_data":14.0},"model":"hexcasting:item/charged_amethyst"},{"predicate":{"custom_model_data":15.0},"model":"campanion:item/cooked_marshmallow_on_a_stick"},{"predicate":{"custom_model_data":16.0},"model":"terrariamod:item/copper_bar"},{"predicate":{"custom_model_data":17.0},"model":"botania:item/cosmetic_alien_antenna"},{"predicate":{"custom_model_data":18.0},"model":"botania:item/cosmetic_engineer_goggles"},{"predicate":{"custom_model_data":19.0},"model":"botania:item/cosmetic_questgiver_mark"},{"predicate":{"custom_model_data":20.0},"model":"bagels_baking:item/creamer_cup"},{"predicate":{"custom_model_data":21.0},"model":"terrariamod:item/crimtane_bar"},{"predicate":{"custom_model_data":22.0},"model":"create:item/crushed_osmium_ore"},{"predicate":{"custom_model_data":23.0},"model":"bagels_baking:item/cup"},{"predicate":{"custom_model_data":24.0},"model":"terracraft:item/daybloom"},{"predicate":{"custom_model_data":25.0},"model":"pswg:item/desh_coil"},{"predicate":{"custom_model_data":26.0},"model":"additionalbanners:item/diamond"},{"predicate":{"custom_model_data":27.0},"model":"botania:item/diva_charm"},{"predicate":{"custom_model_data":28.0},"model":"hexcasting:item/dye_colorizer_brown"},{"predicate":{"custom_model_data":29.0},"model":"hexcasting:item/dye_colorizer_white"},{"predicate":{"custom_model_data":30.0},"model":"bewitchment:item/elder_bark"},{"predicate":{"custom_model_data":31.0},"model":"icyincitement:item/empty_sprinkler"},{"predicate":{"custom_model_data":31.0,"beta":1.0},"model":"icyincitement:item/empty_sprinkler_beta"},{"predicate":{"custom_model_data":32.0},"model":"archon:item/end_gem"},{"predicate":{"custom_model_data":33.0},"model":"archon:item/experience_pouch"},{"predicate":{"custom_model_data":34.0},"model":"archon:item/fire_gem"},{"predicate":{"custom_model_data":35.0},"model":"botania:item/flare_chakram"},{"predicate":{"custom_model_data":36.0},"model":"hexcasting:item/focus"},{"predicate":{"custom_model_data":36.0,"hexcasting:datatype":0.0,"hexcasting:sealed":0.0},"model":"hexcasting:item/focus_empty"},{"predicate":{"custom_model_data":36.0,"hexcasting:datatype":1.0,"hexcasting:sealed":0.0},"model":"hexcasting:item/focus_entity"},{"predicate":{"custom_model_data":36.0,"hexcasting:datatype":2.0,"hexcasting:sealed":0.0},"model":"hexcasting:item/focus_double"},{"predicate":{"custom_model_data":36.0,"hexcasting:datatype":3.0,"hexcasting:sealed":0.0},"model":"hexcasting:item/focus_vec3"},{"predicate":{"custom_model_data":36.0,"hexcasting:datatype":4.0,"hexcasting:sealed":0.0},"model":"hexcasting:item/focus_widget"},{"predicate":{"custom_model_data":36.0,"hexcasting:datatype":5.0,"hexcasting:sealed":0.0},"model":"hexcasting:item/focus_list"},{"predicate":{"custom_model_data":36.0,"hexcasting:datatype":6.0,"hexcasting:sealed":0.0},"model":"hexcasting:item/focus_pattern"},{"predicate":{"custom_model_data":36.0,"hexcasting:datatype":0.0,"hexcasting:sealed":1.0},"model":"hexcasting:item/focus_empty_sealed"},{"predicate":{"custom_model_data":36.0,"hexcasting:datatype":1.0,"hexcasting:sealed":1.0},"model":"hexcasting:item/focus_entity_sealed"},{"predicate":{"custom_model_data":36.0,"hexcasting:datatype":2.0,"hexcasting:sealed":1.0},"model":"hexcasting:item/focus_double_sealed"},{"predicate":{"custom_model_data":36.0,"hexcasting:datatype":3.0,"hexcasting:sealed":1.0},"model":"hexcasting:item/focus_vec3_sealed"},{"predicate":{"custom_model_data":36.0,"hexcasting:datatype":4.0,"hexcasting:sealed":1.0},"model":"hexcasting:item/focus_widget_sealed"},{"predicate":{"custom_model_data":36.0,"hexcasting:datatype":5.0,"hexcasting:sealed":1.0},"model":"hexcasting:item/focus_list_sealed"},{"predicate":{"custom_model_data":36.0,"hexcasting:datatype":6.0,"hexcasting:sealed":1.0},"model":"hexcasting:item/focus_pattern_sealed"},{"predicate":{"custom_model_data":37.0},"model":"tot:item/gazing_lily"},{"predicate":{"custom_model_data":38.0},"model":"pswg:item/glass_1"},{"predicate":{"custom_model_data":39.0},"model":"pswg:item/glass_bottle_3"},{"predicate":{"custom_model_data":40.0},"model":"terrariamod:item/gold_bow"},{"predicate":{"custom_model_data":41.0},"model":"terrariamod:item/gold_pickaxe"},{"predicate":{"custom_model_data":42.0},"model":"gravitychanger:item/gravity_changer_north"},{"predicate":{"custom_model_data":43.0},"model":"minecraft:item/barrier"},{"predicate":{"custom_model_data":44.0},"model":"consistency_plus:item/green_dyed_bundle"},{"predicate":{"custom_model_data":44.0,"filled":0.001},"model":"consistency_plus:item/green_dyed_bundle_filled"},{"predicate":{"custom_model_data":45.0},"model":"create:item/handheld_worldshaper"},{"predicate":{"custom_model_data":46.0},"model":"botania:item/invisibility_cloak"},{"predicate":{"custom_model_data":47.0},"model":"terrariamod:item/iron_axe"},{"predicate":{"custom_model_data":48.0},"model":"transpositioners:item/item_gate_module_mk1"},{"predicate":{"custom_model_data":49.0},"model":"bewitchment:item/judgment_sigil"},{"predicate":{"custom_model_data":50.0},"model":"bewitchment:item/juniper_boat"},{"predicate":{"custom_model_data":51.0},"model":"pswg:item/kelerium_ingot"},{"predicate":{"custom_model_data":52.0},"model":"pswg:item/kreetle_husk"},{"predicate":{"custom_model_data":53.0},"model":"botania:item/lava_pendant"},{"predicate":{"custom_model_data":54.0},"model":"bagels_baking:item/lemon_boat"},{"predicate":{"custom_model_data":55.0},"model":"botania:item/lens_explosive"},{"predicate":{"custom_model_data":56.0},"model":"botania:item/lens_phantom"},{"predicate":{"custom_model_data":57.0},"model":"terrariamod:item/lesser_healing_potion"},{"predicate":{"custom_model_data":58.0},"model":"decorative:item/light_blue_bath_tire"},{"predicate":{"custom_model_data":59.0},"model":"pswg:item/light_blue_cup"},{"predicate":{"custom_model_data":60.0},"model":"minecraft:item/barrier"},{"predicate":{"custom_model_data":61.0},"model":"consistency_plus:item/lime_dyed_bundle"},{"predicate":{"custom_model_data":61.0,"filled":0.001},"model":"consistency_plus:item/lime_dyed_bundle_filled"},{"predicate":{"custom_model_data":62.0},"model":"decorative:item/magenta_bath_tire"},{"predicate":{"custom_model_data":63.0},"model":"pswg:item/magenta_cup"},{"predicate":{"custom_model_data":64.0},"model":"botania:item/mana_gun"},{"predicate":{"custom_model_data":65.0},"model":"botania:item/mana_ring_greater"},{"predicate":{"custom_model_data":66.0},"model":"botania:item/manasteel_ingot"},{"predicate":{"custom_model_data":67.0},"model":"bewitchment:item/mandrake_root"},{"predicate":{"custom_model_data":68.0},"model":"incorporeal:item/matcher_ticket"},{"predicate":{"custom_model_data":68.0,"incorporeal:written_ticket":1.0},"model":"incorporeal:item/matcher_ticket_written"},{"predicate":{"custom_model_data":69.0},"model":"minecraft:item/barrier"},{"predicate":{"custom_model_data":70.0},"model":"bagels_baking:item/music_disc_cafe"},{"predicate":{"custom_model_data":71.0},"model":"bwplus:item/niffler_spawn_egg"},{"predicate":{"custom_model_data":72.0},"model":"consistency_plus:item/nubert_minecart"},{"predicate":{"custom_model_data":73.0},"model":"wiredredstone:item/orange_bundled_cable"},{"predicate":{"custom_model_data":74.0},"model":"botania:item/pattern_2_3"},{"predicate":{"custom_model_data":75.0},"model":"sandwichable:item/pickle_brine_bucket"},{"predicate":{"custom_model_data":76.0},"model":"decorative:item/pink_bath_tire"},{"predicate":{"custom_model_data":77.0},"model":"bewitchment:item/prickly_belt"},{"predicate":{"custom_model_data":78.0},"model":"hexcasting:item/pride_colorizer_lesbian"},{"predicate":{"custom_model_data":79.0},"model":"minecraft:item/barrier"},{"predicate":{"custom_model_data":80.0},"model":"consistency_plus:item/purple_dyed_bundle"},{"predicate":{"custom_model_data":80.0,"filled":0.001},"model":"consistency_plus:item/purple_dyed_bundle_filled"},{"predicate":{"custom_model_data":81.0},"model":"botania:item/quartz_lavender"},{"predicate":{"custom_model_data":82.0},"model":"witherite_plus:item/raw_witherite"},{"predicate":{"custom_model_data":83.0},"model":"botania:item/redstone_root"},{"predicate":{"custom_model_data":84.0},"model":"sandwichable:item/regular_cheese_culture_bottle"},{"predicate":{"custom_model_data":85.0},"model":"purpeille:item/remnant_chunk"},{"predicate":{"custom_model_data":86.0},"model":"botania:item/rune_gluttony"},{"predicate":{"custom_model_data":87.0},"model":"minecraft:item/barrier"},{"predicate":{"custom_model_data":88.0},"model":"minecraft:item/barrier"},{"predicate":{"custom_model_data":89.0},"model":"minecraft:item/barrier"},{"predicate":{"custom_model_data":90.0},"model":"minecraft:item/barrier"},{"predicate":{"custom_model_data":91.0},"model":"create:item/shadow_steel"},{"predicate":{"custom_model_data":92.0},"model":"minecraft:item/barrier"},{"predicate":{"custom_model_data":93.0},"model":"minecraft:item/barrier"},{"predicate":{"custom_model_data":94.0},"model":"minecraft:item/barrier"},{"predicate":{"custom_model_data":95.0},"model":"minecraft:item/barrier"},{"predicate":{"custom_model_data":96.0},"model":"spacefactory:item/silicon_ingot"},{"predicate":{"custom_model_data":97.0},"model":"bewitchment:item/silver_nugget"},{"predicate":{"custom_model_data":98.0},"model":"botania:item/slime_bottle"},{"predicate":{"custom_model_data":99.0},"model":"campanion:item/small_unbuilt_tent"},{"predicate":{"custom_model_data":100.0},"model":"lovely_snails:item/snail_spawn_egg"},{"predicate":{"custom_model_data":101.0},"model":"pswg:item/spawn_landspeeder_x34"},{"predicate":{"custom_model_data":102.0},"model":"bewitchment:item/spruce_bark"},{"predicate":{"custom_model_data":103.0},"model":"campanion:item/tanned_leather"},{"predicate":{"custom_model_data":104.0},"model":"botania:item/tiny_planet"},{"predicate":{"custom_model_data":105.0},"model":"pswg:item/titanium_nugget"},{"predicate":{"custom_model_data":106.0},"model":"darkutils:item/tome_shadows"},{"predicate":{"custom_model_data":107.0},"model":"botania:item/unholy_cloak"},{"predicate":{"custom_model_data":108.0},"model":"hexcasting:item/wand_akashic"},{"predicate":{"custom_model_data":108.0,"hexcasting:funny_level":0.0},"model":"hexcasting:item/wand_akashic"},{"predicate":{"custom_model_data":108.0,"hexcasting:funny_level":1.0},"model":"hexcasting:item/wand_old"},{"predicate":{"custom_model_data":108.0,"hexcasting:funny_level":2.0},"model":"hexcasting:item/wand_bosnia"},{"predicate":{"custom_model_data":109.0},"model":"botania:item/water_bowl"},{"predicate":{"custom_model_data":110.0},"model":"consistency_plus:item/waxed_exposed_copper_brick"},{"predicate":{"custom_model_data":111.0},"model":"consistency_plus:item/weathered_copper_brick"},{"predicate":{"custom_model_data":112.0},"model":"culinaire:item/white_chocolate_bottle"},{"predicate":{"custom_model_data":113.0},"model":"wiredredstone:item/white_insulated_wire"},{"predicate":{"custom_model_data":114.0},"model":"bitsandchisels:item/wrench"},{"predicate":{"custom_model_data":115.0},"model":"bewitchment:item/zephyr_harness"}]}