{"parent":"item/generated","textures":{"layer0":"item/blaze_powder"},"overrides":[{"predicate":{"custom_model_data":1.0},"model":"purpeille:item/ancients_almanac"},{"predicate":{"botania:active":1.0,"custom_model_data":93.0},"model":"botania:item/tornado_rod_active"},{"predicate":{"custom_model_data":2.0},"model":"automobility:item/automobile_frame"},{"predicate":{"custom_model_data":3.0},"model":"consistency_plus:item/black_concrete_brick"},{"predicate":{"custom_model_data":4.0},"model":"consistency_plus:item/black_dyed_bundle"},{"predicate":{"custom_model_data":4.0,"filled":0.001},"model":"consistency_plus:item/black_dyed_bundle_filled"},{"predicate":{"custom_model_data":5.0},"model":"botania:item/black_lotus"},{"predicate":{"custom_model_data":6.0},"model":"botania:item/blacker_lotus"},{"predicate":{"custom_model_data":7.0},"model":"create:item/blaze_cake_base"},{"predicate":{"custom_model_data":8.0},"model":"pswg:item/blue_cup"},{"predicate":{"custom_model_data":9.0},"model":"consistency_plus:item/bone_brick"},{"predicate":{"custom_model_data":10.0},"model":"bewitchment:item/bottle_of_blood"},{"predicate":{"custom_model_data":11.0},"model":"create:item/brass_sheet"},{"predicate":{"custom_model_data":12.0},"model":"botania:item/cacophonium"},{"predicate":{"custom_model_data":13.0},"model":"spacefactory:item/camouflage_cloth"},{"predicate":{"custom_model_data":14.0},"model":"darkutils:item/charm_portal"},{"predicate":{"custom_model_data":15.0},"model":"create:item/cinder_flour"},{"predicate":{"custom_model_data":16.0},"model":"additionalbanners:item/clubs"},{"predicate":{"custom_model_data":17.0},"model":"incorporeal:item/computational_lens_pattern"},{"predicate":{"custom_model_data":18.0},"model":"terrariamod:item/copper_bar"},{"predicate":{"custom_model_data":19.0},"model":"botania:item/cosmetic_alien_antenna"},{"predicate":{"custom_model_data":20.0},"model":"botania:item/cosmetic_engineer_goggles"},{"predicate":{"custom_model_data":21.0},"model":"botania:item/cosmetic_questgiver_mark"},{"predicate":{"custom_model_data":22.0},"model":"bagels_baking:item/creamer_cup"},{"predicate":{"custom_model_data":23.0},"model":"terrariamod:item/crimtane_bar"},{"predicate":{"custom_model_data":24.0},"model":"create:item/crushed_osmium_ore"},{"predicate":{"custom_model_data":25.0},"model":"bagels_baking:item/cup"},{"predicate":{"custom_model_data":26.0},"model":"terracraft:item/daybloom"},{"predicate":{"custom_model_data":27.0},"model":"botania:item/dice"},{"predicate":{"custom_model_data":28.0},"model":"pswg:item/display_panel"},{"predicate":{"custom_model_data":29.0},"model":"hexcasting:item/dye_colorizer_brown"},{"predicate":{"custom_model_data":30.0},"model":"hexcasting:item/dye_colorizer_white"},{"predicate":{"custom_model_data":31.0},"model":"bewitchment:item/elder_bark"},{"predicate":{"custom_model_data":32.0},"model":"icyincitement:item/empty_sprinkler"},{"predicate":{"custom_model_data":32.0,"beta":1.0},"model":"icyincitement:item/empty_sprinkler_beta"},{"predicate":{"custom_model_data":33.0},"model":"archon:item/end_gem"},{"predicate":{"custom_model_data":34.0},"model":"create:item/experience_nugget"},{"predicate":{"custom_model_data":35.0},"model":"botania:item/gaia_ingot"},{"predicate":{"custom_model_data":36.0},"model":"wiredredstone:item/gate_repeater"},{"predicate":{"custom_model_data":37.0},"model":"pswg:item/glass_bottle_2"},{"predicate":{"custom_model_data":38.0},"model":"consistency_plus:item/granite_brick"},{"predicate":{"custom_model_data":39.0},"model":"ecotones:item/grass_cord"},{"predicate":{"custom_model_data":40.0},"model":"gravitychanger:item/gravity_changer_east_aoe"},{"predicate":{"custom_model_data":41.0},"model":"wiredredstone:item/gray_bundled_cable"},{"predicate":{"custom_model_data":42.0},"model":"guardvillagers:item/guard_spawn_egg"},{"predicate":{"custom_model_data":43.0},"model":"create:item/handheld_worldshaper"},{"predicate":{"custom_model_data":44.0},"model":"spacefactory:item/iridium_nugget"},{"predicate":{"custom_model_data":45.0},"model":"bagels_baking:item/juniper_boat"},{"predicate":{"custom_model_data":46.0},"model":"pswg:item/krayt_tooth"},{"predicate":{"custom_model_data":47.0},"model":"botania:item/lens_efficiency"},{"predicate":{"custom_model_data":48.0},"model":"botania:item/lens_paint"},{"predicate":{"custom_model_data":49.0},"model":"botania:item/life_essence"},{"predicate":{"custom_model_data":50.0},"model":"botania:item/livingwood_twig"},{"predicate":{"custom_model_data":51.0},"model":"ecotones:item/malachite_item"},{"predicate":{"custom_model_data":52.0},"model":"botania:item/mana_ring"},{"predicate":{"custom_model_data":53.0},"model":"incorporeal:item/matcher_lens"},{"predicate":{"custom_model_data":54.0},"model":"bagels_baking:item/milk_cup"},{"predicate":{"custom_model_data":55.0},"model":"minecraft:item/barrier"},{"predicate":{"custom_model_data":56.0},"model":"minecraft:item/barrier"},{"predicate":{"custom_model_data":57.0},"model":"refmagic:item/necklace"},{"predicate":{"custom_model_data":58.0},"model":"transpositioners:item/not_gate_module"},{"predicate":{"custom_model_data":59.0},"model":"botania:item/pattern_2_2"},{"predicate":{"custom_model_data":60.0},"model":"pswg:item/pink_cup"},{"predicate":{"custom_model_data":61.0},"model":"computercraft:item/pocket_computer_advanced"},{"predicate":{"custom_model_data":61.0,"computercraft:state":0.0,"computercraft:coloured":0.0},"model":"computercraft:item/pocket_computer_advanced"},{"predicate":{"custom_model_data":61.0,"computercraft:state":1.0,"computercraft:coloured":0.0},"model":"computercraft:item/pocket_computer_advanced_on"},{"predicate":{"custom_model_data":61.0,"computercraft:state":2.0,"computercraft:coloured":0.0},"model":"computercraft:item/pocket_computer_advanced_blinking"},{"predicate":{"custom_model_data":61.0,"computercraft:state":0.0,"computercraft:coloured":1.0},"model":"computercraft:item/pocket_computer_colour"},{"predicate":{"custom_model_data":61.0,"computercraft:state":1.0,"computercraft:coloured":1.0},"model":"computercraft:item/pocket_computer_colour_on"},{"predicate":{"custom_model_data":61.0,"computercraft:state":2.0,"computercraft:coloured":1.0},"model":"computercraft:item/pocket_computer_colour_blinking"},{"predicate":{"custom_model_data":62.0},"model":"hexcasting:item/pride_colorizer_aromantic"},{"predicate":{"custom_model_data":63.0},"model":"hexcasting:item/pride_colorizer_plural"},{"predicate":{"custom_model_data":64.0},"model":"purpeille:item/purpeille_ingot"},{"predicate":{"custom_model_data":65.0},"model":"botania:item/quartz_dark"},{"predicate":{"custom_model_data":66.0},"model":"spacefactory:item/raw_crystalite_dust"},{"predicate":{"custom_model_data":67.0},"model":"decorative:item/red_bath_tire"},{"predicate":{"custom_model_data":68.0},"model":"pswg:item/red_cup"},{"predicate":{"custom_model_data":69.0},"model":"tot:item/remembrance_token"},{"predicate":{"custom_model_data":70.0},"model":"bagels_baking:item/rice_cereal"},{"predicate":{"custom_model_data":71.0},"model":"create:item/rose_quartz"},{"predicate":{"custom_model_data":72.0},"model":"botania:item/rune_earth"},{"predicate":{"custom_model_data":73.0},"model":"botania:item/rune_winter"},{"predicate":{"custom_model_data":74.0},"model":"create:item/schematic"},{"predicate":{"custom_model_data":75.0},"model":"hexcasting:item/scroll_medium"},{"predicate":{"custom_model_data":75.0,"hexcasting:ancient":0.0},"model":"hexcasting:item/scroll_pristine_medium"},{"predicate":{"custom_model_data":75.0,"hexcasting:ancient":1.0},"model":"hexcasting:item/scroll_ancient_medium"},{"predicate":{"custom_model_data":76.0},"model":"minecraft:item/barrier"},{"predicate":{"custom_model_data":77.0},"model":"minecraft:item/barrier"},{"predicate":{"custom_model_data":78.0},"model":"minecraft:item/barrier"},{"predicate":{"custom_model_data":79.0},"model":"minecraft:item/barrier"},{"predicate":{"custom_model_data":80.0},"model":"minecraft:item/barrier"},{"predicate":{"custom_model_data":81.0},"model":"minecraft:item/barrier"},{"predicate":{"custom_model_data":82.0},"model":"minecraft:item/barrier"},{"predicate":{"custom_model_data":83.0},"model":"minecraft:item/barrier"},{"predicate":{"custom_model_data":84.0},"model":"pswg:item/small_power_pack"},{"predicate":{"custom_model_data":85.0},"model":"rocks:item/soul_soil_splitter"},{"predicate":{"custom_model_data":86.0},"model":"pswg:item/spawn_faa"},{"predicate":{"custom_model_data":87.0},"model":"consistency_plus:item/stone_brick"},{"predicate":{"custom_model_data":88.0},"model":"sandwichable:item/stone_kitchen_knife"},{"predicate":{"custom_model_data":89.0},"model":"bagels_baking:item/sugar_water"},{"predicate":{"custom_model_data":90.0},"model":"botania:item/super_lava_pendant"},{"predicate":{"custom_model_data":91.0},"model":"botania:item/terrasteel_nugget"},{"predicate":{"custom_model_data":92.0},"model":"darkutils:item/tome_pigpen"},{"predicate":{"custom_model_data":93.0},"model":"botania:item/tornado_rod"},{"predicate":{"custom_model_data":94.0},"model":"transpositioners:item/transpositioner_mk2"},{"predicate":{"custom_model_data":95.0},"model":"hexcasting:item/trinket"},{"predicate":{"custom_model_data":95.0,"hexcasting:has_patterns":-0.01},"model":"hexcasting:item/trinket"},{"predicate":{"custom_model_data":95.0,"hexcasting:has_patterns":0.99},"model":"hexcasting:item/trinket_filled"},{"predicate":{"custom_model_data":96.0},"model":"haema:item/vampire_blood_injector"},{"predicate":{"custom_model_data":97.0},"model":"minecraft:item/barrier"},{"predicate":{"custom_model_data":98.0},"model":"hexcasting:item/wand_jungle"},{"predicate":{"custom_model_data":98.0,"hexcasting:funny_level":0.0},"model":"hexcasting:item/wand_jungle"},{"predicate":{"custom_model_data":98.0,"hexcasting:funny_level":1.0},"model":"hexcasting:item/wand_old"},{"predicate":{"custom_model_data":98.0,"hexcasting:funny_level":2.0},"model":"hexcasting:item/wand_bosnia"},{"predicate":{"custom_model_data":99.0},"model":"wiredredstone:item/white_bundled_cable"},{"predicate":{"custom_model_data":100.0},"model":"consistency_plus:item/withered_bone_meal"},{"predicate":{"custom_model_data":101.0},"model":"consistency_plus:item/yellow_concrete_brick"},{"predicate":{"custom_model_data":102.0},"model":"wiredredstone:item/yellow_insulated_wire"},{"predicate":{"custom_model_data":103.0},"model":"bwplus:item/yew_broom"},{"predicate":{"custom_model_data":104.0},"model":"create:item/zinc_nugget"}]}