{"parent":"item/generated","textures":{"layer0":"item/bow"},"display":{"thirdperson_righthand":{"rotation":[-80.0,260.0,-40.0],"translation":[-1.0,-2.0,2.5],"scale":[0.9,0.9,0.9]},"thirdperson_lefthand":{"rotation":[-80.0,-280.0,40.0],"translation":[-1.0,-2.0,2.5],"scale":[0.9,0.9,0.9]},"firstperson_righthand":{"rotation":[0.0,-90.0,25.0],"translation":[1.13,3.2,1.13],"scale":[0.68,0.68,0.68]},"firstperson_lefthand":{"rotation":[0.0,90.0,-25.0],"translation":[1.13,3.2,1.13],"scale":[0.68,0.68,0.68]}},"overrides":[{"predicate":{"pulling":1.0},"model":"item/bow_pulling_0"},{"predicate":{"pulling":1.0,"pull":0.65},"model":"item/bow_pulling_1"},{"predicate":{"pulling":1.0,"pull":0.9},"model":"item/bow_pulling_2"},{"predicate":{"minecraft:pull":0.65,"custom_model_data":3.0,"minecraft:pulling":1.0},"model":"botania:item/livingwood_bow_pulling_2"},{"predicate":{"minecraft:pull":0.9,"custom_model_data":3.0,"minecraft:pulling":1.0},"model":"botania:item/livingwood_bow_pulling_3"},{"predicate":{"custom_model_data":1.0},"model":"botania:item/crystal_bow"},{"predicate":{"custom_model_data":1.0,"minecraft:pulling":1.0},"model":"botania:item/crystal_bow_pulling_1"},{"predicate":{"minecraft:pull":0.35,"custom_model_data":1.0,"minecraft:pulling":1.0},"model":"botania:item/crystal_bow_pulling_2"},{"predicate":{"minecraft:pull":0.65,"custom_model_data":1.0,"minecraft:pulling":1.0},"model":"botania:item/crystal_bow_pulling_3"},{"predicate":{"minecraft:pull":0.8,"custom_model_data":1.0,"minecraft:pulling":1.0},"model":"botania:item/crystal_bow_pulling_4"},{"predicate":{"minecraft:pull":0.9,"custom_model_data":1.0,"minecraft:pulling":1.0},"model":"botania:item/crystal_bow_pulling_5"},{"predicate":{"pulling":1.0,"custom_model_data":2.0},"model":"archon:item/heat_ranger0"},{"predicate":{"pulling":1.0,"custom_model_data":2.0,"pull":0.65},"model":"archon:item/heat_ranger1"},{"predicate":{"pulling":1.0,"custom_model_data":2.0,"pull":0.9},"model":"archon:item/heat_ranger2"},{"predicate":{"custom_model_data":2.0},"model":"archon:item/heat_ranger"},{"predicate":{"custom_model_data":3.0},"model":"botania:item/livingwood_bow"},{"predicate":{"custom_model_data":3.0,"minecraft:pulling":1.0},"model":"botania:item/livingwood_bow_pulling_1"}]}