{"parent":"item/generated","textures":{"layer0":"item/bread"},"overrides":[{"predicate":{"jam_jar_full":0.0,"custom_model_data":13.0},"model":"minecraft:item/glass_bottle"},{"predicate":{"custom_model_data":1.0},"model":"bagels_baking:item/apple_jam"},{"predicate":{"jam_jar_full":1.0,"custom_model_data":13.0},"model":"jamfabric:item/jam_jar"},{"predicate":{"custom_model_data":2.0},"model":"bagels_baking:item/battered_calamari"},{"predicate":{"custom_model_data":3.0},"model":"sandwichable:item/cheese_slice"},{"predicate":{"custom_model_data":4.0},"model":"bagels_baking:item/chicken_taco"},{"predicate":{"custom_model_data":5.0},"model":"bagels_baking:item/cooked_chicken_nuggets"},{"predicate":{"custom_model_data":6.0},"model":"bagels_baking:item/cooked_wild_rice_ball"},{"predicate":{"custom_model_data":7.0},"model":"pswg:item/desert_plums"},{"predicate":{"custom_model_data":8.0},"model":"pswg:item/dewback_omelette"},{"predicate":{"custom_model_data":9.0},"model":"sandwichable:item/enchanted_golden_apple_slices"},{"predicate":{"custom_model_data":10.0},"model":"pswg:item/flangth_plate"},{"predicate":{"custom_model_data":11.0},"model":"bagels_baking:item/glow_berry_swirl_ice_cream"},{"predicate":{"custom_model_data":12.0},"model":"culinaire:item/golden_marshmallow_on_a_stick"},{"predicate":{"custom_model_data":13.0},"model":"jamfabric:item/jam_jar"},{"predicate":{"custom_model_data":14.0},"model":"bagels_baking:item/macaroni_n_cheese"},{"predicate":{"custom_model_data":15.0},"model":"bagels_baking:item/pork_cheeseburger"},{"predicate":{"custom_model_data":16.0},"model":"bagels_baking:item/rabbit_pocket"},{"predicate":{"custom_model_data":17.0},"model":"ecotones:item/rosemary"},{"predicate":{"custom_model_data":18.0},"model":"bagels_baking:item/sake"},{"predicate":{"custom_model_data":19.0},"model":"campanion:item/smore"}]}