{"parent":"item/generated","textures":{"layer0":"item/bread"},"overrides":[{"predicate":{"custom_model_data":1.0},"model":"bagels_baking:item/apple_jam_sandwich"},{"predicate":{"custom_model_data":2.0},"model":"bagels_baking:item/battered_calamari"},{"predicate":{"custom_model_data":3.0},"model":"sandwichable:item/cooked_chopped_beetroot"},{"predicate":{"custom_model_data":4.0},"model":"pswg:item/dewback_egg"},{"predicate":{"custom_model_data":5.0},"model":"sandwichable:item/enchanted_golden_apple_slices"},{"predicate":{"custom_model_data":6.0},"model":"bagels_baking:item/glow_berry_swirl_cream"},{"predicate":{"custom_model_data":7.0},"model":"sandwichable:item/intoxicating_cheese_slice"},{"predicate":{"custom_model_data":8.0},"model":"pswg:item/jogan_fruit"},{"predicate":{"custom_model_data":9.0},"model":"milk_plus:item/milk_bowl"},{"predicate":{"custom_model_data":10.0},"model":"sandwichable:item/onion"},{"predicate":{"custom_model_data":11.0},"model":"bagels_baking:item/pepperoni"},{"predicate":{"custom_model_data":12.0},"model":"bagels_baking:item/plain_ice_cream"},{"predicate":{"custom_model_data":13.0},"model":"sandwichable:item/sour_cheese_slice"},{"predicate":{"custom_model_data":14.0},"model":"bagels_baking:item/sugar_cookie"},{"predicate":{"custom_model_data":15.0},"model":"sandwichable:item/sweet_berry_jam_bottle"}]}