{"parent":"item/generated","textures":{"layer0":"item/carrot"},"overrides":[{"predicate":{"custom_model_data":1.0},"model":"pswg:item/bantha_chop"},{"predicate":{"custom_model_data":2.0},"model":"bagels_baking:item/cactus_chiller"},{"predicate":{"custom_model_data":3.0},"model":"sandwichable:item/chicken_filet"},{"predicate":{"custom_model_data":4.0},"model":"sandwichable:item/chopped_golden_carrot"},{"predicate":{"custom_model_data":5.0},"model":"pswg:item/cooked_nerf_chop"},{"predicate":{"custom_model_data":6.0},"model":"bagels_baking:item/creamy_tea_cup"},{"predicate":{"custom_model_data":7.0},"model":"mbembe:item/dodo"},{"predicate":{"custom_model_data":8.0},"model":"bewitchment:item/garlic_bread"},{"predicate":{"custom_model_data":9.0},"model":"create:item/honeyed_apple"},{"predicate":{"custom_model_data":10.0},"model":"pswg:item/jerba_rib"},{"predicate":{"custom_model_data":11.0},"model":"bagels_baking:item/meringue"},{"predicate":{"custom_model_data":12.0},"model":"culinaire:item/milk_chocolate_bar"},{"predicate":{"custom_model_data":13.0},"model":"bagels_baking:item/mutton_cheeseburger"},{"predicate":{"custom_model_data":14.0},"model":"bagels_baking:item/sweet_berry_swirl_cream"},{"predicate":{"custom_model_data":15.0},"model":"sandwichable:item/warped_bleu_cheese_wheel"},{"predicate":{"custom_model_data":16.0},"model":"pswg:item/worrt_egg"}]}