{"parent":"item/generated","textures":{"layer0":"item/carrot"},"overrides":[{"predicate":{"custom_model_data":1.0},"model":"pswg:item/bantha_chop"},{"predicate":{"custom_model_data":2.0},"model":"bagels_baking:item/cactus_chiller_slushee"},{"predicate":{"custom_model_data":3.0},"model":"bagels_baking:item/cheese"},{"predicate":{"custom_model_data":4.0},"model":"bagels_baking:item/chicken_meal"},{"predicate":{"custom_model_data":5.0},"model":"sandwichable:item/chopped_onion"},{"predicate":{"custom_model_data":6.0},"model":"pswg:item/classic_soda"},{"predicate":{"custom_model_data":7.0},"model":"bagels_baking:item/cooked_pizza"},{"predicate":{"custom_model_data":8.0},"model":"bagels_baking:item/creamy_tea_cup"},{"predicate":{"custom_model_data":9.0},"model":"bagels_baking:item/donut"},{"predicate":{"custom_model_data":10.0},"model":"bagels_baking:item/frozen_lemonade"},{"predicate":{"custom_model_data":11.0},"model":"bagels_baking:item/grape_swirl_cream"},{"predicate":{"custom_model_data":12.0},"model":"pswg:item/jerba_rib"},{"predicate":{"custom_model_data":13.0},"model":"botania:item/mana_cookie"},{"predicate":{"custom_model_data":13.0,"botania:totalbiscuit":1.0},"model":"botania:item/totalbiscuit"},{"predicate":{"custom_model_data":14.0},"model":"culinaire:item/marshmallow"},{"predicate":{"custom_model_data":15.0},"model":"pswg:item/qrikki_waffle"},{"predicate":{"custom_model_data":16.0},"model":"bagels_baking:item/root_beer_slushee"},{"predicate":{"custom_model_data":17.0},"model":"sandwichable:item/sliced_toasted_crimson_fungus"},{"predicate":{"custom_model_data":18.0},"model":"bagels_baking:item/steak_taco"},{"predicate":{"custom_model_data":19.0},"model":"sandwichable:item/toasted_bread_slice"},{"predicate":{"custom_model_data":20.0},"model":"bagels_baking:item/tonkatsu_sauce"},{"predicate":{"custom_model_data":21.0},"model":"bagels_baking:item/wild_rice_ball"}]}