{"parent":"item/generated","textures":{"layer0":"item/carrot"},"overrides":[{"predicate":{"custom_model_data":1.0},"model":"pswg:item/bantha_chop"},{"predicate":{"custom_model_data":2.0},"model":"bagels_baking:item/cactus_chiller"},{"predicate":{"custom_model_data":3.0},"model":"sandwichable:item/chicken_filet"},{"predicate":{"custom_model_data":4.0},"model":"sandwichable:item/chopped_golden_carrot"},{"predicate":{"custom_model_data":5.0},"model":"pswg:item/cooked_nerf_chop"},{"predicate":{"custom_model_data":6.0},"model":"bagels_baking:item/creamy_tea_cup"},{"predicate":{"custom_model_data":7.0},"model":"sandwichable:item/fermenting_milk_bucket"},{"predicate":{"custom_model_data":8.0},"model":"bagels_baking:item/fruit_martini"},{"predicate":{"custom_model_data":9.0},"model":"sandwichable:item/golden_apple_slices"},{"predicate":{"custom_model_data":10.0},"model":"bagels_baking:item/grape_swirl_ice_cream"},{"predicate":{"custom_model_data":11.0},"model":"bagels_baking:item/jerky"},{"predicate":{"custom_model_data":12.0},"model":"bagels_baking:item/lemon"},{"predicate":{"custom_model_data":13.0},"model":"campanion:item/mre"},{"predicate":{"custom_model_data":14.0},"model":"pswg:item/nerf_chop"},{"predicate":{"custom_model_data":15.0},"model":"bagels_baking:item/pepperoni"},{"predicate":{"custom_model_data":16.0},"model":"bagels_baking:item/plain_ice_cream"},{"predicate":{"custom_model_data":17.0},"model":"soul_ice:item/rujone_berries"},{"predicate":{"custom_model_data":18.0},"model":"bagels_baking:item/sweet_berry_swirl_milkshake"},{"predicate":{"custom_model_data":19.0},"model":"sandwichable:item/tomato_slice"},{"predicate":{"custom_model_data":19.0,"sandwichable:sandwich_state":0.25},"model":"sandwichable:item/tomato_slice_0"},{"predicate":{"custom_model_data":19.0,"sandwichable:sandwich_state":0.5},"model":"sandwichable:item/tomato_slice_1"},{"predicate":{"custom_model_data":19.0,"sandwichable:sandwich_state":0.75},"model":"sandwichable:item/tomato_slice_2"},{"predicate":{"custom_model_data":20.0},"model":"pswg:item/tuber"}]}