{"parent":"item/generated","textures":{"layer0":"item/chicken"},"overrides":[{"predicate":{"custom_model_data":1.0},"model":"bagels_baking:item/beer"},{"predicate":{"custom_model_data":2.0},"model":"bagels_baking:item/caramel"},{"predicate":{"custom_model_data":3.0},"model":"pswg:item/chasuka_leaf"},{"predicate":{"custom_model_data":4.0},"model":"bagels_baking:item/cherry_jam_sandwich"},{"predicate":{"custom_model_data":5.0},"model":"bagels_baking:item/chocolate_ice_cream"},{"predicate":{"custom_model_data":6.0},"model":"bagels_baking:item/cooked_french_fries"},{"predicate":{"custom_model_data":7.0},"model":"bagels_baking:item/cut_salmon"},{"predicate":{"custom_model_data":8.0},"model":"bagels_baking:item/fish_sandwich"},{"predicate":{"custom_model_data":9.0},"model":"bagels_baking:item/fried_chicken_nuggets"},{"predicate":{"custom_model_data":10.0},"model":"bagels_baking:item/gin"},{"predicate":{"custom_model_data":11.0},"model":"bewitchment:item/grilled_garlic"},{"predicate":{"custom_model_data":12.0},"model":"bagels_baking:item/meringue"},{"predicate":{"custom_model_data":13.0},"model":"pswg:item/pallie_fruit"},{"predicate":{"custom_model_data":14.0},"model":"bagels_baking:item/pork_pocket"}]}