{"parent":"item/generated","textures":{"layer0":"item/chicken"},"overrides":[{"predicate":{"custom_model_data":1.0},"model":"bagels_baking:item/beer"},{"predicate":{"custom_model_data":2.0},"model":"pswg:item/blue_yogurt"},{"predicate":{"custom_model_data":3.0},"model":"bagels_baking:item/cherry_jam"},{"predicate":{"custom_model_data":4.0},"model":"create:item/chocolate_glazed_berries"},{"predicate":{"custom_model_data":5.0},"model":"sandwichable:item/cod_filet"},{"predicate":{"custom_model_data":6.0},"model":"pswg:item/cooked_eopie_loin"},{"predicate":{"custom_model_data":7.0},"model":"bagels_baking:item/cut_salmon"},{"predicate":{"custom_model_data":8.0},"model":"bagels_baking:item/fish_stew"},{"predicate":{"custom_model_data":9.0},"model":"bagels_baking:item/fried_onion_rings"},{"predicate":{"custom_model_data":10.0},"model":"pswg:item/gizka_chop"},{"predicate":{"custom_model_data":11.0},"model":"bagels_baking:item/grape_jam"},{"predicate":{"custom_model_data":12.0},"model":"bagels_baking:item/meringue"},{"predicate":{"custom_model_data":13.0},"model":"culinaire:item/milk_chocolate_bar"},{"predicate":{"custom_model_data":14.0},"model":"bagels_baking:item/mutton_cheeseburger"},{"predicate":{"custom_model_data":15.0},"model":"hexcasting:item/sub_sandwich"},{"predicate":{"custom_model_data":16.0},"model":"sandwichable:item/sweet_berry_jam_bottle"}]}