{"parent":"item/generated","textures":{"layer0":"item/cod"},"overrides":[{"predicate":{"custom_model_data":1.0},"model":"pswg:item/absynthesized_malt"},{"predicate":{"custom_model_data":2.0},"model":"bagels_baking:item/caramel"},{"predicate":{"custom_model_data":3.0},"model":"pswg:item/chasuka_leaf"},{"predicate":{"custom_model_data":4.0},"model":"bagels_baking:item/cherry_jam_sandwich"},{"predicate":{"custom_model_data":5.0},"model":"bagels_baking:item/chocolate_ice_cream"},{"predicate":{"custom_model_data":6.0},"model":"bagels_baking:item/cooked_french_fries"},{"predicate":{"custom_model_data":7.0},"model":"culinaire:item/dark_chocolate_pie"},{"predicate":{"custom_model_data":8.0},"model":"bewitchment:item/demon_heart"},{"predicate":{"custom_model_data":9.0},"model":"promenade:item/duck"},{"predicate":{"custom_model_data":10.0},"model":"bagels_baking:item/egg_whites"},{"predicate":{"custom_model_data":11.0},"model":"bagels_baking:item/fish_taco"},{"predicate":{"custom_model_data":12.0},"model":"bagels_baking:item/fried_porkchop"},{"predicate":{"custom_model_data":13.0},"model":"bagels_baking:item/grape_jam_sandwich"},{"predicate":{"custom_model_data":14.0},"model":"bagels_baking:item/malt_vinegar"},{"predicate":{"custom_model_data":15.0},"model":"bagels_baking:item/mutton_meal"},{"predicate":{"custom_model_data":16.0},"model":"pswg:item/qrikki_bread"},{"predicate":{"custom_model_data":17.0},"model":"sandwichable:item/sour_cheese_slice"},{"predicate":{"custom_model_data":18.0},"model":"bagels_baking:item/sugar_cookie"},{"predicate":{"custom_model_data":19.0},"model":"bagels_baking:item/sweet_berry_jam_sandwich"},{"predicate":{"custom_model_data":20.0},"model":"bagels_baking:item/tea_cup"},{"predicate":{"custom_model_data":21.0},"model":"bagels_baking:item/tomato"}]}