{"parent":"item/generated","textures":{"layer0":"item/cod"},"overrides":[{"predicate":{"custom_model_data":1.0},"model":"pswg:item/absynthesized_malt"},{"predicate":{"custom_model_data":2.0},"model":"bagels_baking:item/ambrosia"},{"predicate":{"custom_model_data":3.0},"model":"ecotones:item/blueberries"},{"predicate":{"custom_model_data":4.0},"model":"bagels_baking:item/caramel_apple"},{"predicate":{"custom_model_data":5.0},"model":"bagels_baking:item/chocolate_milk_cup"},{"predicate":{"custom_model_data":6.0},"model":"bagels_baking:item/coffee_cup"},{"predicate":{"custom_model_data":7.0},"model":"pswg:item/cooked_gizka_chop"},{"predicate":{"custom_model_data":8.0},"model":"culinaire:item/dark_chocolate_pie"},{"predicate":{"custom_model_data":9.0},"model":"promenade:item/duck"},{"predicate":{"custom_model_data":10.0},"model":"bagels_baking:item/egg_whites"},{"predicate":{"custom_model_data":11.0},"model":"bagels_baking:item/fish_stew"},{"predicate":{"custom_model_data":12.0},"model":"bagels_baking:item/fried_onion_rings"},{"predicate":{"custom_model_data":13.0},"model":"pswg:item/gizka_chop"},{"predicate":{"custom_model_data":14.0},"model":"bagels_baking:item/grape_jam"},{"predicate":{"custom_model_data":15.0},"model":"bagels_baking:item/pork_sandwich"},{"predicate":{"custom_model_data":16.0},"model":"bagels_baking:item/rabbit_cheeseburger"},{"predicate":{"custom_model_data":17.0},"model":"pswg:item/roast_krayt"},{"predicate":{"custom_model_data":18.0},"model":"bagels_baking:item/shepherds_pie"},{"predicate":{"custom_model_data":19.0},"model":"bagels_baking:item/vodka"},{"predicate":{"custom_model_data":20.0},"model":"bagels_baking:item/wheat_cereal_bowl"}]}