{"parent":"item/generated","textures":{"layer0":"item/cooked_rabbit"},"overrides":[{"predicate":{"custom_model_data":1.0},"model":"sandwichable:item/bacon_strips"},{"predicate":{"custom_model_data":2.0},"model":"pswg:item/blue_milk"},{"predicate":{"custom_model_data":3.0},"model":"bagels_baking:item/calamari"},{"predicate":{"custom_model_data":4.0},"model":"bagels_baking:item/club_soda"},{"predicate":{"custom_model_data":5.0},"model":"ecotones:item/coconut"},{"predicate":{"custom_model_data":6.0},"model":"promenade:item/cooked_duck"},{"predicate":{"custom_model_data":7.0},"model":"bagels_baking:item/corn"},{"predicate":{"custom_model_data":8.0},"model":"bwplus:item/dragonfruit"},{"predicate":{"custom_model_data":9.0},"model":"bagels_baking:item/french_fries"},{"predicate":{"custom_model_data":10.0},"model":"pswg:item/hkak_bean"},{"predicate":{"custom_model_data":11.0},"model":"reaping:item/human_meat"},{"predicate":{"custom_model_data":12.0},"model":"pswg:item/meiloorun"},{"predicate":{"custom_model_data":13.0},"model":"bagels_baking:item/mutton_taco"},{"predicate":{"custom_model_data":14.0},"model":"bagels_baking:item/pork_cheeseburger"},{"predicate":{"custom_model_data":15.0},"model":"sandwichable:item/sandwich"},{"predicate":{"custom_model_data":16.0},"model":"bagels_baking:item/spiced_rum"},{"predicate":{"custom_model_data":17.0},"model":"sandwichable:item/tomato_slice"},{"predicate":{"custom_model_data":17.0,"sandwichable:sandwich_state":0.25},"model":"sandwichable:item/tomato_slice_0"},{"predicate":{"custom_model_data":17.0,"sandwichable:sandwich_state":0.5},"model":"sandwichable:item/tomato_slice_1"},{"predicate":{"custom_model_data":17.0,"sandwichable:sandwich_state":0.75},"model":"sandwichable:item/tomato_slice_2"},{"predicate":{"custom_model_data":18.0},"model":"pswg:item/tuber"},{"predicate":{"custom_model_data":19.0},"model":"pswg:item/vaporator_mushroom"}]}