{"parent":"item/generated","textures":{"layer0":"item/cooked_beef"},"overrides":[{"predicate":{"custom_model_data":1.0},"model":"bagels_baking:item/apple_jam_sandwich"},{"predicate":{"custom_model_data":2.0},"model":"bagels_baking:item/battered_chicken"},{"predicate":{"custom_model_data":3.0},"model":"sandwichable:item/cooked_chopped_beetroot"},{"predicate":{"custom_model_data":4.0},"model":"hexcasting:item/creative_unlocker"},{"predicate":{"custom_model_data":5.0},"model":"pswg:item/flangth_takeout"},{"predicate":{"custom_model_data":6.0},"model":"bagels_baking:item/glow_berry_swirl_milkshake"},{"predicate":{"custom_model_data":7.0},"model":"pswg:item/mysterious_smoothie"},{"predicate":{"custom_model_data":8.0},"model":"sandwichable:item/pickled_cucumber"},{"predicate":{"custom_model_data":9.0},"model":"sandwichable:item/pork_cuts"},{"predicate":{"custom_model_data":10.0},"model":"bagels_baking:item/rabbit_sandwich"},{"predicate":{"custom_model_data":11.0},"model":"culinaire:item/salad"},{"predicate":{"custom_model_data":12.0},"model":"bagels_baking:item/steak_cheeseburger"},{"predicate":{"custom_model_data":13.0},"model":"bewitchment:item/witchberry"}]}