{"parent":"item/generated","textures":{"layer0":"item/cooked_chicken"},"overrides":[{"predicate":{"custom_model_data":1.0},"model":"culinaire:item/apple_pie"},{"predicate":{"custom_model_data":2.0},"model":"bagels_baking:item/battered_chicken_nuggets"},{"predicate":{"custom_model_data":3.0},"model":"pswg:item/bottled_water"},{"predicate":{"custom_model_data":4.0},"model":"bagels_baking:item/cherries"},{"predicate":{"custom_model_data":5.0},"model":"sandwichable:item/cooked_chopped_onion"},{"predicate":{"custom_model_data":6.0},"model":"pswg:item/death_stick_red"},{"predicate":{"custom_model_data":7.0},"model":"pswg:item/dried_poonten_grass_bushel"},{"predicate":{"custom_model_data":8.0},"model":"pswg:item/flangth_takeout"},{"predicate":{"custom_model_data":9.0},"model":"bagels_baking:item/glow_berry_swirl_milkshake"},{"predicate":{"custom_model_data":10.0},"model":"bagels_baking:item/mutton_meal"},{"predicate":{"custom_model_data":11.0},"model":"pswg:item/raw_sketto_nugget"},{"predicate":{"custom_model_data":12.0},"model":"bagels_baking:item/sweet_berry_pie"},{"predicate":{"custom_model_data":13.0},"model":"culinaire:item/tomato"}]}