{"parent":"item/generated","textures":{"layer0":"item/cooked_porkchop"},"overrides":[{"predicate":{"custom_model_data":1.0},"model":"bagels_baking:item/bacon_macaroni_n_cheese"},{"predicate":{"custom_model_data":2.0},"model":"sandwichable:item/burnt_morsel"},{"predicate":{"custom_model_data":3.0},"model":"chocolatebar:item/chocolate_bar"},{"predicate":{"custom_model_data":4.0},"model":"mbembe:item/cooked_dodo"},{"predicate":{"custom_model_data":5.0},"model":"pswg:item/deb_deb"},{"predicate":{"custom_model_data":6.0},"model":"pswg:item/hubba_gourd"},{"predicate":{"custom_model_data":7.0},"model":"sandwichable:item/lettuce_leaf"},{"predicate":{"custom_model_data":8.0},"model":"bagels_baking:item/mountain_fountain_slushee"},{"predicate":{"custom_model_data":9.0},"model":"bagels_baking:item/mutton_stew"},{"predicate":{"custom_model_data":10.0},"model":"sandwichable:item/pickle_chips"},{"predicate":{"custom_model_data":11.0},"model":"bagels_baking:item/rice_cereal_bowl"},{"predicate":{"custom_model_data":12.0},"model":"bagels_baking:item/sweet_berry_swirl_ice_cream"},{"predicate":{"custom_model_data":13.0},"model":"culinaire:item/white_chocolate_bar"},{"predicate":{"custom_model_data":14.0},"model":"bewitchment:item/witchberry_pie"}]}