{"parent":"item/generated","textures":{"layer0":"item/cooked_beef"},"overrides":[{"predicate":{"jam_jar_full":0.0,"custom_model_data":7.0},"model":"minecraft:item/glass_bottle"},{"predicate":{"custom_model_data":1.0},"model":"bagels_baking:item/apple_jam_sandwich"},{"predicate":{"jam_jar_full":1.0,"custom_model_data":7.0},"model":"jamfabric:item/jam_jar"},{"predicate":{"custom_model_data":2.0},"model":"bagels_baking:item/battered_chicken"},{"predicate":{"custom_model_data":3.0},"model":"sandwichable:item/cooked_chopped_beetroot"},{"predicate":{"custom_model_data":4.0},"model":"hexcasting:item/creative_unlocker"},{"predicate":{"custom_model_data":5.0},"model":"bagels_baking:item/fruity_soda_slushee"},{"predicate":{"custom_model_data":6.0},"model":"bagels_baking:item/glow_berry_swirl_cream"},{"predicate":{"custom_model_data":7.0},"model":"jamfabric:item/jam_jar"},{"predicate":{"custom_model_data":8.0},"model":"bagels_baking:item/katsu_sandwich"},{"predicate":{"custom_model_data":9.0},"model":"culinaire:item/marshmallow_on_a_stick"},{"predicate":{"custom_model_data":10.0},"model":"bagels_baking:item/plain_milkshake"},{"predicate":{"custom_model_data":11.0},"model":"pswg:item/vaporator_mushroom"}]}