{"parent":"item/generated","textures":{"layer0":"item/cooked_salmon"},"overrides":[{"predicate":{"custom_model_data":1.0},"model":"bagels_baking:item/bagel"},{"predicate":{"custom_model_data":2.0},"model":"pswg:item/blue_milk"},{"predicate":{"custom_model_data":3.0},"model":"bagels_baking:item/calamari"},{"predicate":{"custom_model_data":4.0},"model":"bagels_baking:item/club_soda"},{"predicate":{"custom_model_data":5.0},"model":"ecotones:item/coconut"},{"predicate":{"custom_model_data":6.0},"model":"promenade:item/cooked_duck"},{"predicate":{"custom_model_data":7.0},"model":"pswg:item/hkak_bean"},{"predicate":{"custom_model_data":8.0},"model":"reaping:item/human_meat"},{"predicate":{"custom_model_data":9.0},"model":"pswg:item/mysterious_smoothie"},{"predicate":{"custom_model_data":10.0},"model":"sandwichable:item/pickled_cucumber"},{"predicate":{"custom_model_data":11.0},"model":"sandwichable:item/pork_cuts"},{"predicate":{"custom_model_data":12.0},"model":"bagels_baking:item/rabbit_sandwich"},{"predicate":{"custom_model_data":13.0},"model":"bagels_baking:item/salmon_meal"},{"predicate":{"custom_model_data":14.0},"model":"bagels_baking:item/shepherds_pie"},{"predicate":{"custom_model_data":15.0},"model":"bagels_baking:item/smoked_salmon"},{"predicate":{"custom_model_data":16.0},"model":"bagels_baking:item/snickerdoodle_cookie"},{"predicate":{"custom_model_data":17.0},"model":"bagels_baking:item/steak_sandwich"},{"predicate":{"custom_model_data":18.0},"model":"sandwichable:item/toasted_warped_fungus"},{"predicate":{"custom_model_data":19.0},"model":"bagels_baking:item/vodka"}]}