{"parent":"item/generated","textures":{"layer0":"item/cooked_beef"},"overrides":[{"predicate":{"jam_jar_full":0.0,"custom_model_data":12.0},"model":"minecraft:item/glass_bottle"},{"predicate":{"jam_jar_full":1.0,"custom_model_data":12.0},"model":"jamfabric:item/jam_jar"},{"predicate":{"custom_model_data":1.0},"model":"bagels_baking:item/apple_pie"},{"predicate":{"custom_model_data":2.0},"model":"bagels_baking:item/battered_chicken"},{"predicate":{"custom_model_data":3.0},"model":"sandwichable:item/cheese_wheel"},{"predicate":{"custom_model_data":4.0},"model":"sandwichable:item/cooked_chopped_carrot"},{"predicate":{"custom_model_data":5.0},"model":"hexcasting:item/creative_unlocker"},{"predicate":{"custom_model_data":6.0},"model":"pswg:item/desert_plums"},{"predicate":{"custom_model_data":7.0},"model":"pswg:item/dewback_omelette"},{"predicate":{"custom_model_data":8.0},"model":"pswg:item/flangth_plate"},{"predicate":{"custom_model_data":9.0},"model":"bagels_baking:item/glow_berry_swirl_ice_cream"},{"predicate":{"custom_model_data":10.0},"model":"culinaire:item/golden_marshmallow_on_a_stick"},{"predicate":{"custom_model_data":11.0},"model":"sandwichable:item/intoxicating_cheese_wheel"},{"predicate":{"custom_model_data":12.0},"model":"jamfabric:item/jam_jar"},{"predicate":{"custom_model_data":13.0},"model":"bagels_baking:item/macaroni_n_cheese"},{"predicate":{"custom_model_data":14.0},"model":"culinaire:item/milk_chocolate_bar"},{"predicate":{"custom_model_data":15.0},"model":"bagels_baking:item/mutton_cheeseburger"},{"predicate":{"custom_model_data":16.0},"model":"bagels_baking:item/onion_rings"},{"predicate":{"custom_model_data":17.0},"model":"bagels_baking:item/peach_cobbler"},{"predicate":{"custom_model_data":18.0},"model":"bagels_baking:item/plain_milkshake"},{"predicate":{"custom_model_data":19.0},"model":"sandwichable:item/sour_cheese_wheel"},{"predicate":{"custom_model_data":20.0},"model":"bagels_baking:item/sweet_berry_jam_sandwich"},{"predicate":{"custom_model_data":21.0},"model":"bagels_baking:item/tea_cup"},{"predicate":{"custom_model_data":22.0},"model":"bagels_baking:item/tomato"}]}