{"parent":"item/generated","textures":{"layer0":"item/cooked_rabbit"},"overrides":[{"predicate":{"custom_model_data":1.0},"model":"sandwichable:item/bacon_strips"},{"predicate":{"custom_model_data":2.0},"model":"sandwichable:item/burnt_morsel"},{"predicate":{"custom_model_data":3.0},"model":"chocolatebar:item/chocolate_bar"},{"predicate":{"custom_model_data":4.0},"model":"mbembe:item/cooked_dodo"},{"predicate":{"custom_model_data":5.0},"model":"bagels_baking:item/corn"},{"predicate":{"custom_model_data":6.0},"model":"bagels_baking:item/fish_cheeseburger"},{"predicate":{"custom_model_data":7.0},"model":"bagels_baking:item/fried_calamari"},{"predicate":{"custom_model_data":8.0},"model":"pswg:item/hkak_bean"},{"predicate":{"custom_model_data":9.0},"model":"reaping:item/human_meat"},{"predicate":{"custom_model_data":10.0},"model":"bagels_baking:item/loaded_fries"},{"predicate":{"custom_model_data":11.0},"model":"sandwichable:item/onion"},{"predicate":{"custom_model_data":12.0},"model":"bagels_baking:item/pork_taco"},{"predicate":{"custom_model_data":13.0},"model":"sandwichable:item/sliced_toasted_crimson_fungus"},{"predicate":{"custom_model_data":14.0},"model":"bagels_baking:item/steak_taco"}]}