{"parent":"item/generated","textures":{"layer0":"item/cooked_porkchop"},"overrides":[{"predicate":{"custom_model_data":1.0},"model":"promenade:item/apricot"},{"predicate":{"custom_model_data":2.0},"model":"bagels_baking:item/bacon_macaroni_n_cheese"},{"predicate":{"custom_model_data":3.0},"model":"culinaire:item/burnt_marshmallow_on_a_stick"},{"predicate":{"custom_model_data":4.0},"model":"bagels_baking:item/cooked_corn"},{"predicate":{"custom_model_data":5.0},"model":"pswg:item/deb_deb"},{"predicate":{"custom_model_data":6.0},"model":"bwplus:item/dragonfruit"},{"predicate":{"custom_model_data":7.0},"model":"bagels_baking:item/french_fries"},{"predicate":{"custom_model_data":8.0},"model":"pswg:item/hubba_gourd"},{"predicate":{"custom_model_data":9.0},"model":"pswg:item/meiloorun"},{"predicate":{"custom_model_data":10.0},"model":"bagels_baking:item/onion"},{"predicate":{"custom_model_data":11.0},"model":"pswg:item/pika_fruit"},{"predicate":{"custom_model_data":12.0},"model":"bagels_baking:item/pork_stew"},{"predicate":{"custom_model_data":13.0},"model":"bagels_baking:item/root_beer_slushee"},{"predicate":{"custom_model_data":14.0},"model":"bagels_baking:item/steak_stew"},{"predicate":{"custom_model_data":15.0},"model":"sandwichable:item/toasted_warped_fungus"},{"predicate":{"custom_model_data":16.0},"model":"bagels_baking:item/vodka"},{"predicate":{"custom_model_data":17.0},"model":"culinaire:item/white_chocolate_pie"}]}