{"parent":"item/generated","textures":{"layer0":"item/cooked_salmon"},"overrides":[{"predicate":{"custom_model_data":1.0},"model":"bagels_baking:item/bagel"},{"predicate":{"custom_model_data":2.0},"model":"pswg:item/blue_milk"},{"predicate":{"custom_model_data":3.0},"model":"bagels_baking:item/calamari"},{"predicate":{"custom_model_data":4.0},"model":"bagels_baking:item/club_soda"},{"predicate":{"custom_model_data":5.0},"model":"ecotones:item/coconut"},{"predicate":{"custom_model_data":6.0},"model":"promenade:item/cooked_duck"},{"predicate":{"custom_model_data":7.0},"model":"bagels_baking:item/fish_pocket"},{"predicate":{"custom_model_data":8.0},"model":"bagels_baking:item/fried_chicken"},{"predicate":{"custom_model_data":9.0},"model":"bagels_baking:item/grilled_cheese_sandwich"},{"predicate":{"custom_model_data":10.0},"model":"pswg:item/krayt_meat"},{"predicate":{"custom_model_data":11.0},"model":"bagels_baking:item/loaded_potato"},{"predicate":{"custom_model_data":12.0},"model":"ecotones:item/maple_syrup"},{"predicate":{"custom_model_data":13.0},"model":"bagels_baking:item/onion_rings"},{"predicate":{"custom_model_data":14.0},"model":"sandwichable:item/sliced_toasted_warped_fungus"},{"predicate":{"custom_model_data":15.0},"model":"culinaire:item/toasty_marshmallow_on_a_stick"},{"predicate":{"custom_model_data":16.0},"model":"bagels_baking:item/veggie_medley"}]}