{"parent":"item/generated","textures":{"layer0":"item/cooked_chicken"},"overrides":[{"predicate":{"custom_model_data":1.0},"model":"bagels_baking:item/apple_pie"},{"predicate":{"custom_model_data":2.0},"model":"bagels_baking:item/battered_chicken_nuggets"},{"predicate":{"custom_model_data":3.0},"model":"sandwichable:item/cheese_wheel"},{"predicate":{"custom_model_data":4.0},"model":"sandwichable:item/cooked_chopped_carrot"},{"predicate":{"custom_model_data":5.0},"model":"pswg:item/death_stick_red"},{"predicate":{"custom_model_data":6.0},"model":"bagels_baking:item/disgusting_dish"},{"predicate":{"custom_model_data":7.0},"model":"pswg:item/dried_poonten_grass_bushel"},{"predicate":{"custom_model_data":8.0},"model":"bagels_baking:item/juniper_berries"},{"predicate":{"custom_model_data":9.0},"model":"culinaire:item/lettuce"},{"predicate":{"custom_model_data":10.0},"model":"bagels_baking:item/pork_meal"},{"predicate":{"custom_model_data":11.0},"model":"bagels_baking:item/rabbit_taco"},{"predicate":{"custom_model_data":12.0},"model":"pswg:item/ronto_chuck"},{"predicate":{"custom_model_data":13.0},"model":"sandwichable:item/salmon_filet"},{"predicate":{"custom_model_data":14.0},"model":"bagels_baking:item/smoked_bacon"},{"predicate":{"custom_model_data":15.0},"model":"sandwichable:item/spread"},{"predicate":{"custom_model_data":15.0,"sandwichable:loaf_shape":1.0},"model":"sandwichable:item/spread_bread_loaf"},{"predicate":{"custom_model_data":16.0},"model":"bagels_baking:item/steak_meal"},{"predicate":{"custom_model_data":17.0},"model":"bewitchment:item/witchberry_cookie"}]}