{"parent":"item/generated","textures":{"layer0":"item/cooked_mutton"},"overrides":[{"predicate":{"custom_model_data":1.0},"model":"promenade:item/apricot"},{"predicate":{"custom_model_data":2.0},"model":"bagels_baking:item/bacon_bits"},{"predicate":{"custom_model_data":3.0},"model":"bagels_baking:item/battered_porkchop"},{"predicate":{"custom_model_data":4.0},"model":"culinaire:item/burnt_marshmallow_on_a_stick"},{"predicate":{"custom_model_data":5.0},"model":"bagels_baking:item/cooked_corn"},{"predicate":{"custom_model_data":6.0},"model":"campanion:item/cracker"},{"predicate":{"custom_model_data":7.0},"model":"bagels_baking:item/lemon_meringue_pie"},{"predicate":{"custom_model_data":8.0},"model":"sandwichable:item/lettuce_head"},{"predicate":{"custom_model_data":9.0},"model":"bagels_baking:item/mountain_fountain"},{"predicate":{"custom_model_data":10.0},"model":"bagels_baking:item/mutton_sandwich"},{"predicate":{"custom_model_data":11.0},"model":"bagels_baking:item/popcorn"},{"predicate":{"custom_model_data":12.0},"model":"bagels_baking:item/sweet_berry_swirl_cream"},{"predicate":{"custom_model_data":13.0},"model":"bewitchment:item/witchberry_cookie"}]}