{"parent":"item/generated","textures":{"layer0":"item/cooked_cod"},"overrides":[{"predicate":{"custom_model_data":1.0},"model":"sandwichable:item/apple_slices"},{"predicate":{"custom_model_data":2.0},"model":"bagels_baking:item/bacon"},{"predicate":{"custom_model_data":3.0},"model":"bagels_baking:item/battered_onion_rings"},{"predicate":{"custom_model_data":4.0},"model":"sandwichable:item/burnt_food"},{"predicate":{"custom_model_data":5.0},"model":"sandwichable:item/cooked_cod_filet"},{"predicate":{"custom_model_data":6.0},"model":"pswg:item/death_stick_yellow"},{"predicate":{"custom_model_data":7.0},"model":"bagels_baking:item/disgusting_dish"},{"predicate":{"custom_model_data":8.0},"model":"bagels_baking:item/juniper_berries"},{"predicate":{"custom_model_data":9.0},"model":"culinaire:item/lettuce"},{"predicate":{"custom_model_data":10.0},"model":"culinaire:item/milk_chocolate_pie"},{"predicate":{"custom_model_data":11.0},"model":"bagels_baking:item/mutton_pocket"},{"predicate":{"custom_model_data":12.0},"model":"ecotones:item/pancakes"},{"predicate":{"custom_model_data":13.0},"model":"bagels_baking:item/rice_cereal_bowl"},{"predicate":{"custom_model_data":14.0},"model":"bagels_baking:item/sweet_berry_swirl_ice_cream"},{"predicate":{"custom_model_data":15.0},"model":"sandwichable:item/tomato"},{"predicate":{"custom_model_data":16.0},"model":"bewitchment:item/witchberry"}]}