{"parent":"item/generated","textures":{"layer0":"item/cooked_salmon"},"overrides":[{"predicate":{"custom_model_data":1.0},"model":"bagels_baking:item/bagel"},{"predicate":{"custom_model_data":2.0},"model":"pswg:item/blue_milk_glass"},{"predicate":{"custom_model_data":3.0},"model":"bagels_baking:item/cooked_egg"},{"predicate":{"custom_model_data":4.0},"model":"bagels_baking:item/fish_cheeseburger"},{"predicate":{"custom_model_data":5.0},"model":"bagels_baking:item/fried_calamari"},{"predicate":{"custom_model_data":6.0},"model":"bagels_baking:item/loaded_fries"},{"predicate":{"custom_model_data":7.0},"model":"campanion:item/mre"},{"predicate":{"custom_model_data":8.0},"model":"pswg:item/nerf_chop"},{"predicate":{"custom_model_data":9.0},"model":"sandwichable:item/pickled_cucumber"},{"predicate":{"custom_model_data":10.0},"model":"sandwichable:item/pork_cuts"},{"predicate":{"custom_model_data":11.0},"model":"bagels_baking:item/rum"},{"predicate":{"custom_model_data":12.0},"model":"culinaire:item/sandwich"},{"predicate":{"custom_model_data":13.0},"model":"create:item/sweet_roll"},{"predicate":{"custom_model_data":14.0},"model":"bagels_baking:item/tomato_soup"},{"predicate":{"custom_model_data":15.0},"model":"pswg:item/tuber_mash"},{"predicate":{"custom_model_data":16.0},"model":"culinaire:item/white_chocolate_pie"}]}