{"parent":"item/generated","textures":{"layer0":"item/emerald"},"overrides":[{"predicate":{"botania:active":1.0,"custom_model_data":99.0},"model":"botania:item/temperance_stone_active"},{"predicate":{"custom_model_data":1.0},"model":"bewitchment:item/aconite"},{"predicate":{"custom_model_data":2.0},"model":"botania:item/aura_ring_greater"},{"predicate":{"custom_model_data":3.0},"model":"botania:item/bauble_box"},{"predicate":{"custom_model_data":4.0},"model":"minecraft:item/barrier"},{"predicate":{"custom_model_data":5.0},"model":"peculiarpieces:item/blazing_gliders"},{"predicate":{"custom_model_data":6.0},"model":"consistency_plus:item/blue_concrete_brick"},{"predicate":{"custom_model_data":7.0},"model":"wiredredstone:item/blue_insulated_wire"},{"predicate":{"custom_model_data":8.0},"model":"wiredredstone:item/brown_bundled_cable"},{"predicate":{"custom_model_data":9.0},"model":"create:item/chocolate_bucket"},{"predicate":{"custom_model_data":10.0},"model":"spacefactory:item/circuit"},{"predicate":{"custom_model_data":11.0},"model":"botania:item/cobble_rod"},{"predicate":{"custom_model_data":12.0},"model":"fluxtech:item/copper_creeper"},{"predicate":{"custom_model_data":13.0},"model":"consistency_plus:item/copper_nugget"},{"predicate":{"custom_model_data":14.0},"model":"create:item/copper_sheet"},{"predicate":{"custom_model_data":15.0},"model":"pswg:item/corpse_of_gorg"},{"predicate":{"custom_model_data":16.0},"model":"botania:item/cosmetic_blue_butterfly"},{"predicate":{"custom_model_data":17.0},"model":"botania:item/cosmetic_hyper_plus"},{"predicate":{"custom_model_data":18.0},"model":"botania:item/cosmetic_tiny_potato_mask"},{"predicate":{"custom_model_data":19.0},"model":"minecraft:item/barrier"},{"predicate":{"custom_model_data":20.0},"model":"create:item/crushed_uranium_ore"},{"predicate":{"custom_model_data":21.0},"model":"decorative:item/cyan_bath_tire"},{"predicate":{"custom_model_data":22.0},"model":"pswg:item/cyan_cup"},{"predicate":{"custom_model_data":23.0},"model":"tot:item/dedrider_soup"},{"predicate":{"custom_model_data":24.0},"model":"bewitchment:item/demon_horn"},{"predicate":{"custom_model_data":25.0},"model":"sandwichable:item/diamond_kitchen_knife"},{"predicate":{"custom_model_data":26.0},"model":"consistency_plus:item/diorite_brick"},{"predicate":{"custom_model_data":27.0},"model":"botania:item/dodge_ring"},{"predicate":{"custom_model_data":28.0},"model":"additionalbanners:item/dragon"},{"predicate":{"custom_model_data":29.0},"model":"botania:item/dragonstone"},{"predicate":{"custom_model_data":30.0},"model":"botania:item/dreamwood_twig"},{"predicate":{"custom_model_data":31.0},"model":"ecotones:item/duck_egg"},{"predicate":{"custom_model_data":32.0},"model":"pswg:item/durasteel_ingot"},{"predicate":{"custom_model_data":33.0},"model":"hexcasting:item/dye_colorizer_light_gray"},{"predicate":{"custom_model_data":34.0},"model":"terrariamod:item/eater_of_souls_spawn_egg"},{"predicate":{"custom_model_data":35.0},"model":"botania:item/elementium_ingot"},{"predicate":{"custom_model_data":36.0},"model":"incorporeal:item/empty_conjurer"},{"predicate":{"custom_model_data":37.0},"model":"cardstock:item/ender_card_binder"},{"predicate":{"custom_model_data":38.0},"model":"create:item/filter"},{"predicate":{"custom_model_data":39.0},"model":"terracraft:item/flaming_arrow"},{"predicate":{"custom_model_data":40.0},"model":"botania:item/flight_tiara"},{"predicate":{"custom_model_data":41.0},"model":"pswg:item/glass_4"},{"predicate":{"custom_model_data":42.0},"model":"terracraft:item/gold_coin"},{"predicate":{"custom_model_data":43.0},"model":"create:item/golden_sheet"},{"predicate":{"custom_model_data":44.0},"model":"ecotones:item/grass_strand"},{"predicate":{"custom_model_data":45.0},"model":"gravitychanger:item/gravity_changer_up"},{"predicate":{"custom_model_data":46.0},"model":"purpeille:item/impure_preserved_dust"},{"predicate":{"custom_model_data":47.0},"model":"terrariamod:item/iron_broadsword"},{"predicate":{"custom_model_data":48.0},"model":"terrariamod:item/iron_pickaxe"},{"predicate":{"custom_model_data":49.0},"model":"transpositioners:item/item_mover_module_mk3"},{"predicate":{"custom_model_data":50.0},"model":"botania:item/king_key"},{"predicate":{"custom_model_data":51.0},"model":"botania:item/lens_gravity"},{"predicate":{"custom_model_data":52.0},"model":"botania:item/lens_speed"},{"predicate":{"custom_model_data":53.0},"model":"minecraft:item/barrier"},{"predicate":{"custom_model_data":54.0},"model":"consistency_plus:item/light_blue_dyed_bundle"},{"predicate":{"custom_model_data":54.0,"filled":0.001},"model":"consistency_plus:item/light_blue_dyed_bundle_filled"},{"predicate":{"custom_model_data":55.0},"model":"wiredredstone:item/light_gray_bundled_cable"},{"predicate":{"custom_model_data":56.0},"model":"botania:item/living_root"},{"predicate":{"custom_model_data":57.0},"model":"extended_drawers:item/lock"},{"predicate":{"custom_model_data":58.0},"model":"bagels_baking:item/macaroni"},{"predicate":{"custom_model_data":59.0},"model":"minecraft:item/barrier"},{"predicate":{"custom_model_data":60.0},"model":"consistency_plus:item/magenta_dyed_bundle"},{"predicate":{"custom_model_data":60.0,"filled":0.001},"model":"consistency_plus:item/magenta_dyed_bundle_filled"},{"predicate":{"custom_model_data":61.0},"model":"milk_plus:item/milk_arrow"},{"predicate":{"custom_model_data":62.0},"model":"create:item/minecart_contraption"},{"predicate":{"custom_model_data":63.0},"model":"minecraft:item/barrier"},{"predicate":{"custom_model_data":64.0},"model":"bagels_baking:item/music_disc_coll"},{"predicate":{"custom_model_data":65.0},"model":"terrariamod:item/night_disc"},{"predicate":{"custom_model_data":66.0},"model":"incorporeal:item/number_lens"},{"predicate":{"custom_model_data":67.0},"model":"botania:item/pattern_donut"},{"predicate":{"custom_model_data":68.0},"model":"botania:item/pebble"},{"predicate":{"custom_model_data":69.0},"model":"ecotones:item/phosphate"},{"predicate":{"custom_model_data":70.0},"model":"ecotones:item/pine_sap"},{"predicate":{"custom_model_data":71.0},"model":"consistency_plus:item/pink_concrete_brick"},{"predicate":{"custom_model_data":72.0},"model":"wiredredstone:item/pink_insulated_wire"},{"predicate":{"custom_model_data":73.0},"model":"pswg:item/plastic_bottle_1"},{"predicate":{"custom_model_data":74.0},"model":"hexcasting:item/pride_colorizer_3"},{"predicate":{"custom_model_data":75.0},"model":"wiredredstone:item/purple_bundled_cable"},{"predicate":{"custom_model_data":76.0},"model":"tot:item/raven_spawn_egg"},{"predicate":{"custom_model_data":77.0},"model":"automobility:item/rear_attachment"},{"predicate":{"custom_model_data":78.0},"model":"consistency_plus:item/red_sandstone_brick"},{"predicate":{"custom_model_data":79.0},"model":"rocks:item/red_sandstone_splitter"},{"predicate":{"custom_model_data":80.0},"model":"spacefactory:item/refined_iron_ingot"},{"predicate":{"custom_model_data":81.0},"model":"arcanus:item/rough_fae_stone"},{"predicate":{"custom_model_data":82.0},"model":"botania:item/rune_pride"},{"predicate":{"custom_model_data":83.0},"model":"ecotones:item/sap_ball"},{"predicate":{"custom_model_data":84.0},"model":"minecraft:item/barrier"},{"predicate":{"custom_model_data":85.0},"model":"minecraft:item/barrier"},{"predicate":{"custom_model_data":86.0},"model":"minecraft:item/barrier"},{"predicate":{"custom_model_data":87.0},"model":"minecraft:item/barrier"},{"predicate":{"custom_model_data":88.0},"model":"additionalbanners:item/shield"},{"predicate":{"custom_model_data":89.0},"model":"bewitchment:item/shrieking_sigil"},{"predicate":{"custom_model_data":90.0},"model":"minecraft:item/barrier"},{"predicate":{"custom_model_data":91.0},"model":"minecraft:item/barrier"},{"predicate":{"custom_model_data":92.0},"model":"minecraft:item/barrier"},{"predicate":{"custom_model_data":93.0},"model":"minecraft:item/barrier"},{"predicate":{"custom_model_data":94.0},"model":"bewitchment:item/slippery_sigil"},{"predicate":{"custom_model_data":95.0},"model":"botania:item/spark_upgrade_dispersive"},{"predicate":{"custom_model_data":96.0},"model":"archon:item/spry_dust"},{"predicate":{"custom_model_data":97.0},"model":"pswg:item/stripped_japor_branch"},{"predicate":{"custom_model_data":98.0},"model":"extended_drawers:item/t1_upgrade"},{"predicate":{"custom_model_data":99.0},"model":"botania:item/temperance_stone"},{"predicate":{"custom_model_data":100.0},"model":"consistency_plus:item/tuff_brick"},{"predicate":{"custom_model_data":101.0},"model":"botania:item/twig_wand"},{"predicate":{"custom_model_data":101.0,"botania:bindmode":1.0},"model":"botania:item/twig_wand_bind"},{"predicate":{"custom_model_data":102.0},"model":"extended_drawers:item/upgrade_frame"},{"predicate":{"custom_model_data":103.0},"model":"botania:item/vivid_seeds"},{"predicate":{"custom_model_data":104.0},"model":"hexcasting:item/wand_warped"},{"predicate":{"custom_model_data":104.0,"hexcasting:funny_level":0.0},"model":"hexcasting:item/wand_warped"},{"predicate":{"custom_model_data":104.0,"hexcasting:funny_level":1.0},"model":"hexcasting:item/wand_old"},{"predicate":{"custom_model_data":104.0,"hexcasting:funny_level":2.0},"model":"hexcasting:item/wand_bosnia"},{"predicate":{"custom_model_data":105.0},"model":"consistency_plus:item/weathered_copper_brick"},{"predicate":{"custom_model_data":106.0},"model":"culinaire:item/white_chocolate_bottle"},{"predicate":{"custom_model_data":107.0},"model":"wiredredstone:item/white_insulated_wire"},{"predicate":{"custom_model_data":108.0},"model":"bitsandchisels:item/wrench"},{"predicate":{"custom_model_data":109.0},"model":"bewitchment:item/zephyr_harness"}]}