{"parent":"item/generated","textures":{"layer0":"item/emerald"},"overrides":[{"predicate":{"custom_model_data":1.0},"model":"bewitchment:item/aconite"},{"predicate":{"botania:active":1.0,"custom_model_data":52.0},"model":"botania:item/magnet_ring_active"},{"predicate":{"custom_model_data":2.0},"model":"transpositioners:item/and_gate_module_mk3"},{"predicate":{"custom_model_data":3.0},"model":"botania:item/aura_ring"},{"predicate":{"custom_model_data":4.0},"model":"botania:item/bauble_box"},{"predicate":{"custom_model_data":5.0},"model":"minecraft:item/barrier"},{"predicate":{"custom_model_data":6.0},"model":"peculiarpieces:item/blazing_gliders"},{"predicate":{"custom_model_data":7.0},"model":"minecraft:item/barrier"},{"predicate":{"custom_model_data":8.0},"model":"consistency_plus:item/blue_dyed_bundle"},{"predicate":{"custom_model_data":8.0,"filled":0.001},"model":"consistency_plus:item/blue_dyed_bundle_filled"},{"predicate":{"custom_model_data":9.0},"model":"archon:item/capacity_scroll"},{"predicate":{"custom_model_data":10.0},"model":"bewitchment:item/cleansing_sigil"},{"predicate":{"custom_model_data":11.0},"model":"flyingfluxery:item/copper_creeper"},{"predicate":{"custom_model_data":12.0},"model":"consistency_plus:item/copper_nugget"},{"predicate":{"custom_model_data":13.0},"model":"create:item/copper_sheet"},{"predicate":{"custom_model_data":14.0},"model":"pswg:item/corpse_of_gorg"},{"predicate":{"custom_model_data":15.0},"model":"botania:item/cosmetic_blue_butterfly"},{"predicate":{"custom_model_data":16.0},"model":"botania:item/cosmetic_hyper_plus"},{"predicate":{"custom_model_data":17.0},"model":"botania:item/cosmetic_tiny_potato_mask"},{"predicate":{"custom_model_data":18.0},"model":"minecraft:item/barrier"},{"predicate":{"custom_model_data":19.0},"model":"create:item/crushed_uranium_ore"},{"predicate":{"custom_model_data":20.0},"model":"decorative:item/cyan_bath_tire"},{"predicate":{"custom_model_data":21.0},"model":"pswg:item/cyan_cup"},{"predicate":{"custom_model_data":22.0},"model":"tot:item/dedrider_soup"},{"predicate":{"custom_model_data":23.0},"model":"bewitchment:item/demon_spawn_egg"},{"predicate":{"custom_model_data":24.0},"model":"pswg:item/desh_wire"},{"predicate":{"custom_model_data":25.0},"model":"ecotones:item/duck_egg"},{"predicate":{"custom_model_data":26.0},"model":"pswg:item/durasteel_ingot"},{"predicate":{"custom_model_data":27.0},"model":"hexcasting:item/dye_colorizer_light_gray"},{"predicate":{"custom_model_data":28.0},"model":"terrariamod:item/eater_of_souls_spawn_egg"},{"predicate":{"custom_model_data":29.0},"model":"botania:item/elementium_ingot"},{"predicate":{"custom_model_data":30.0},"model":"incorporeal:item/empty_conjurer"},{"predicate":{"custom_model_data":31.0},"model":"cardstock:item/ender_card_binder"},{"predicate":{"custom_model_data":32.0},"model":"terrariamod:item/eoc_bag"},{"predicate":{"custom_model_data":33.0},"model":"consistency_plus:item/exposed_copper_brick"},{"predicate":{"custom_model_data":34.0},"model":"bewitchment:item/extending_sigil"},{"predicate":{"custom_model_data":35.0},"model":"terrariamod:item/flaming_arrow"},{"predicate":{"custom_model_data":36.0},"model":"pswg:item/glass_5"},{"predicate":{"custom_model_data":37.0},"model":"terrariamod:item/gold_crown"},{"predicate":{"custom_model_data":38.0},"model":"gravitychanger:item/gravity_changer_up_aoe"},{"predicate":{"custom_model_data":39.0},"model":"consistency_plus:item/gray_terracotta_brick"},{"predicate":{"custom_model_data":40.0},"model":"terrariamod:item/green_slime_spawn_egg"},{"predicate":{"custom_model_data":41.0},"model":"bewitchment:item/grim_elixir"},{"predicate":{"custom_model_data":42.0},"model":"purpeille:item/impure_preserved_dust"},{"predicate":{"custom_model_data":43.0},"model":"pswg:item/insulated_desh_cable"},{"predicate":{"custom_model_data":44.0},"model":"pswg:item/ionite_ingot"},{"predicate":{"custom_model_data":45.0},"model":"terrariamod:item/king_slime_bag"},{"predicate":{"custom_model_data":46.0},"model":"botania:item/lens_influence"},{"predicate":{"custom_model_data":47.0},"model":"botania:item/lens_storm"},{"predicate":{"custom_model_data":48.0},"model":"consistency_plus:item/light_blue_concrete_brick"},{"predicate":{"custom_model_data":49.0},"model":"wiredredstone:item/light_blue_insulated_wire"},{"predicate":{"custom_model_data":50.0},"model":"consistency_plus:item/magenta_concrete_brick"},{"predicate":{"custom_model_data":51.0},"model":"wiredredstone:item/magenta_insulated_wire"},{"predicate":{"custom_model_data":52.0},"model":"botania:item/magnet_ring"},{"predicate":{"custom_model_data":53.0},"model":"botania:item/mana_powder"},{"predicate":{"custom_model_data":54.0},"model":"overweight_farming:item/melon_juice"},{"predicate":{"custom_model_data":55.0},"model":"botania:item/mining_ring"},{"predicate":{"custom_model_data":56.0},"model":"minecraft:item/barrier"},{"predicate":{"custom_model_data":57.0},"model":"additionalbanners:item/moon"},{"predicate":{"custom_model_data":58.0},"model":"bwplus:item/mutandis_brew"},{"predicate":{"custom_model_data":59.0},"model":"botania:item/odin_ring"},{"predicate":{"custom_model_data":60.0},"model":"botania:item/open_bucket"},{"predicate":{"custom_model_data":61.0},"model":"arcanus:item/passable_fae_stone"},{"predicate":{"custom_model_data":62.0},"model":"flyingfluxery:item/phantom_farmer"},{"predicate":{"custom_model_data":63.0},"model":"witherite_plus:item/piece_of_damaged_nether_star"},{"predicate":{"custom_model_data":64.0},"model":"pswg:item/plasteel_ingot"},{"predicate":{"custom_model_data":65.0},"model":"minecraft:item/barrier"},{"predicate":{"custom_model_data":66.0},"model":"botania:item/pool_minecart"},{"predicate":{"custom_model_data":67.0},"model":"hexcasting:item/pride_colorizer_bisexual"},{"predicate":{"custom_model_data":68.0},"model":"computercraft:item/printed_book"},{"predicate":{"custom_model_data":69.0},"model":"ecotones:item/pyrite_item"},{"predicate":{"custom_model_data":70.0},"model":"pswg:item/raw_beskar"},{"predicate":{"custom_model_data":71.0},"model":"pswg:item/raw_kelerium"},{"predicate":{"custom_model_data":72.0},"model":"botania:item/record_gaia_1"},{"predicate":{"custom_model_data":73.0},"model":"botania:item/rune_sloth"},{"predicate":{"custom_model_data":74.0},"model":"minecraft:item/barrier"},{"predicate":{"custom_model_data":75.0},"model":"minecraft:item/barrier"},{"predicate":{"custom_model_data":76.0},"model":"minecraft:item/barrier"},{"predicate":{"custom_model_data":77.0},"model":"minecraft:item/barrier"},{"predicate":{"custom_model_data":78.0},"model":"additionalbanners:item/shield"},{"predicate":{"custom_model_data":79.0},"model":"bewitchment:item/shrieking_sigil"},{"predicate":{"custom_model_data":80.0},"model":"minecraft:item/barrier"},{"predicate":{"custom_model_data":81.0},"model":"minecraft:item/barrier"},{"predicate":{"custom_model_data":82.0},"model":"minecraft:item/barrier"},{"predicate":{"custom_model_data":83.0},"model":"minecraft:item/barrier"},{"predicate":{"custom_model_data":84.0},"model":"bewitchment:item/slippery_sigil"},{"predicate":{"custom_model_data":85.0},"model":"botania:item/spark_upgrade_dispersive"},{"predicate":{"custom_model_data":86.0},"model":"archon:item/spry_dust"},{"predicate":{"custom_model_data":87.0},"model":"pswg:item/stripped_japor_branch"},{"predicate":{"custom_model_data":88.0},"model":"extended_drawers:item/t2_upgrade"},{"predicate":{"custom_model_data":89.0},"model":"campanion:item/tent_bag"},{"predicate":{"custom_model_data":89.0,"campanion:open":1.0},"model":"campanion:item/tent_bag_open"},{"predicate":{"custom_model_data":90.0},"model":"refmagic:item/topaz"},{"predicate":{"custom_model_data":91.0},"model":"pswg:item/transparisteel_ingot"},{"predicate":{"custom_model_data":92.0},"model":"computercraft:item/treasure_disk"},{"predicate":{"custom_model_data":93.0},"model":"purpeille:item/ultraviolet_prism"},{"predicate":{"custom_model_data":94.0},"model":"minecraft:item/barrier"},{"predicate":{"custom_model_data":95.0},"model":"botania:item/vine_ball"},{"predicate":{"custom_model_data":96.0},"model":"minecraft:item/barrier"},{"predicate":{"custom_model_data":97.0},"model":"hexcasting:item/wand_oak"},{"predicate":{"custom_model_data":97.0,"hexcasting:funny_level":0.0},"model":"hexcasting:item/wand_oak"},{"predicate":{"custom_model_data":97.0,"hexcasting:funny_level":1.0},"model":"hexcasting:item/wand_old"},{"predicate":{"custom_model_data":97.0,"hexcasting:funny_level":2.0},"model":"hexcasting:item/wand_bosnia"},{"predicate":{"custom_model_data":98.0},"model":"decorative:item/white_bath_tire"}]}