{"parent":"item/generated","textures":{"layer0":"item/glistering_melon_slice"},"overrides":[{"predicate":{"hexcasting:mana":0.0,"custom_model_data":5.0,"hexcasting:max_mana":0.0},"model":"hexcasting:item/phial_small_0"},{"predicate":{"hexcasting:mana":0.25,"custom_model_data":5.0,"hexcasting:max_mana":0.0},"model":"hexcasting:item/phial_small_1"},{"predicate":{"hexcasting:mana":0.5,"custom_model_data":5.0,"hexcasting:max_mana":0.0},"model":"hexcasting:item/phial_small_2"},{"predicate":{"hexcasting:mana":0.75,"custom_model_data":5.0,"hexcasting:max_mana":0.0},"model":"hexcasting:item/phial_small_3"},{"predicate":{"hexcasting:mana":0.0,"custom_model_data":5.0,"hexcasting:max_mana":1.0},"model":"hexcasting:item/phial_medium_0"},{"predicate":{"hexcasting:mana":0.0,"custom_model_data":5.0,"hexcasting:max_mana":2.0},"model":"hexcasting:item/phial_large_0"},{"predicate":{"custom_model_data":1.0},"model":"archon:item/accelerate_scroll"},{"predicate":{"hexcasting:mana":1.0,"custom_model_data":5.0,"hexcasting:max_mana":0.0},"model":"hexcasting:item/phial_small_4"},{"predicate":{"hexcasting:mana":0.25,"custom_model_data":5.0,"hexcasting:max_mana":1.0},"model":"hexcasting:item/phial_medium_1"},{"predicate":{"hexcasting:mana":0.5,"custom_model_data":5.0,"hexcasting:max_mana":1.0},"model":"hexcasting:item/phial_medium_2"},{"predicate":{"hexcasting:mana":0.75,"custom_model_data":5.0,"hexcasting:max_mana":1.0},"model":"hexcasting:item/phial_medium_3"},{"predicate":{"hexcasting:mana":1.0,"custom_model_data":5.0,"hexcasting:max_mana":1.0},"model":"hexcasting:item/phial_medium_4"},{"predicate":{"hexcasting:mana":0.25,"custom_model_data":5.0,"hexcasting:max_mana":2.0},"model":"hexcasting:item/phial_large_1"},{"predicate":{"hexcasting:mana":0.5,"custom_model_data":5.0,"hexcasting:max_mana":2.0},"model":"hexcasting:item/phial_large_2"},{"predicate":{"hexcasting:mana":0.75,"custom_model_data":5.0,"hexcasting:max_mana":2.0},"model":"hexcasting:item/phial_large_3"},{"predicate":{"hexcasting:mana":1.0,"custom_model_data":5.0,"hexcasting:max_mana":2.0},"model":"hexcasting:item/phial_large_4"},{"predicate":{"custom_model_data":2.0},"model":"hexcasting:item/amethyst_dust"},{"predicate":{"custom_model_data":3.0},"model":"transpositioners:item/and_gate_module_mk2"},{"predicate":{"custom_model_data":4.0},"model":"create:item/attribute_filter"},{"predicate":{"custom_model_data":5.0},"model":"hexcasting:item/battery"},{"predicate":{"custom_model_data":6.0},"model":"decorative:item/brown_bath_tire"},{"predicate":{"custom_model_data":7.0},"model":"pswg:item/brown_cup"},{"predicate":{"custom_model_data":8.0},"model":"sandwichable:item/candescent_cheese_culture_bottle"},{"predicate":{"custom_model_data":9.0},"model":"sandwichable:item/charred_morsel"},{"predicate":{"custom_model_data":10.0},"model":"bewitchment:item/cleansing_balm"},{"predicate":{"custom_model_data":11.0},"model":"spacefactory:item/coal_dust"},{"predicate":{"custom_model_data":12.0},"model":"botania:item/cosmetic_black_tie"},{"predicate":{"custom_model_data":13.0},"model":"botania:item/cosmetic_groucho_glasses"},{"predicate":{"custom_model_data":14.0},"model":"botania:item/cosmetic_thinking_hand"},{"predicate":{"custom_model_data":15.0},"model":"automobility:item/crowbar"},{"predicate":{"custom_model_data":16.0},"model":"create:item/crushed_tin_ore"},{"predicate":{"custom_model_data":17.0},"model":"minecraft:item/barrier"},{"predicate":{"custom_model_data":18.0},"model":"consistency_plus:item/cyan_terracotta_brick"},{"predicate":{"custom_model_data":19.0},"model":"bewitchment:item/decay_sigil"},{"predicate":{"custom_model_data":20.0},"model":"bewitchment:item/demon_horn"},{"predicate":{"custom_model_data":21.0},"model":"sandwichable:item/diamond_kitchen_knife"},{"predicate":{"custom_model_data":22.0},"model":"consistency_plus:item/diorite_brick"},{"predicate":{"custom_model_data":23.0},"model":"botania:item/dodge_ring"},{"predicate":{"custom_model_data":24.0},"model":"additionalbanners:item/dragon"},{"predicate":{"custom_model_data":25.0},"model":"botania:item/dragonstone"},{"predicate":{"custom_model_data":26.0},"model":"botania:item/dreamwood_twig"},{"predicate":{"custom_model_data":27.0},"model":"decorative:item/duck_bath_tire"},{"predicate":{"custom_model_data":28.0},"model":"hexcasting:item/dye_colorizer_light_blue"},{"predicate":{"custom_model_data":29.0},"model":"rocks:item/end_stone_splitter"},{"predicate":{"custom_model_data":30.0},"model":"create:item/filter"},{"predicate":{"custom_model_data":31.0},"model":"terracraft:item/flaming_arrow"},{"predicate":{"custom_model_data":32.0},"model":"botania:item/flight_tiara"},{"predicate":{"custom_model_data":33.0},"model":"pswg:item/glass_4"},{"predicate":{"custom_model_data":34.0},"model":"terracraft:item/gold_coin"},{"predicate":{"custom_model_data":35.0},"model":"create:item/golden_sheet"},{"predicate":{"custom_model_data":36.0},"model":"ecotones:item/grass_strand"},{"predicate":{"custom_model_data":37.0},"model":"gravitychanger:item/gravity_changer_up"},{"predicate":{"custom_model_data":38.0},"model":"terracraft:item/heart"},{"predicate":{"custom_model_data":39.0},"model":"campanion:item/hiking_pack"},{"predicate":{"custom_model_data":40.0},"model":"botania:item/infused_seeds"},{"predicate":{"custom_model_data":41.0},"model":"terrariamod:item/iron_broadsword"},{"predicate":{"custom_model_data":42.0},"model":"terrariamod:item/iron_pickaxe"},{"predicate":{"custom_model_data":43.0},"model":"transpositioners:item/item_mover_module_mk3"},{"predicate":{"custom_model_data":44.0},"model":"botania:item/king_key"},{"predicate":{"custom_model_data":45.0},"model":"botania:item/lens_gravity"},{"predicate":{"custom_model_data":46.0},"model":"botania:item/lens_speed"},{"predicate":{"custom_model_data":47.0},"model":"minecraft:item/barrier"},{"predicate":{"custom_model_data":48.0},"model":"consistency_plus:item/light_blue_dyed_bundle"},{"predicate":{"custom_model_data":48.0,"filled":0.001},"model":"consistency_plus:item/light_blue_dyed_bundle_filled"},{"predicate":{"custom_model_data":49.0},"model":"wiredredstone:item/light_gray_bundled_cable"},{"predicate":{"custom_model_data":50.0},"model":"botania:item/living_root"},{"predicate":{"custom_model_data":51.0},"model":"extended_drawers:item/lock"},{"predicate":{"custom_model_data":52.0},"model":"bagels_baking:item/macaroni"},{"predicate":{"custom_model_data":53.0},"model":"minecraft:item/barrier"},{"predicate":{"custom_model_data":54.0},"model":"consistency_plus:item/magenta_dyed_bundle"},{"predicate":{"custom_model_data":54.0,"filled":0.001},"model":"consistency_plus:item/magenta_dyed_bundle_filled"},{"predicate":{"custom_model_data":55.0},"model":"portalcubed:item/mini_blackhole"},{"predicate":{"custom_model_data":56.0},"model":"minecraft:item/barrier"},{"predicate":{"custom_model_data":57.0},"model":"peculiarpieces:item/mounting_stick"},{"predicate":{"custom_model_data":58.0},"model":"bwplus:item/mutandis"},{"predicate":{"custom_model_data":59.0},"model":"consistency_plus:item/netherite_nugget"},{"predicate":{"custom_model_data":60.0},"model":"witherite_plus:item/organic_witherite"},{"predicate":{"custom_model_data":61.0},"model":"botania:item/pattern_donut"},{"predicate":{"custom_model_data":62.0},"model":"botania:item/pebble"},{"predicate":{"custom_model_data":63.0},"model":"additionalbanners:item/phantom"},{"predicate":{"custom_model_data":64.0},"model":"botania:item/pinkinator"},{"predicate":{"custom_model_data":65.0},"model":"computercraft:item/pocket_computer_normal"},{"predicate":{"custom_model_data":65.0,"computercraft:state":0.0,"computercraft:coloured":0.0},"model":"computercraft:item/pocket_computer_normal"},{"predicate":{"custom_model_data":65.0,"computercraft:state":1.0,"computercraft:coloured":0.0},"model":"computercraft:item/pocket_computer_normal_on"},{"predicate":{"custom_model_data":65.0,"computercraft:state":2.0,"computercraft:coloured":0.0},"model":"computercraft:item/pocket_computer_normal_blinking"},{"predicate":{"custom_model_data":65.0,"computercraft:state":0.0,"computercraft:coloured":1.0},"model":"computercraft:item/pocket_computer_colour"},{"predicate":{"custom_model_data":65.0,"computercraft:state":1.0,"computercraft:coloured":1.0},"model":"computercraft:item/pocket_computer_colour_on"},{"predicate":{"custom_model_data":65.0,"computercraft:state":2.0,"computercraft:coloured":1.0},"model":"computercraft:item/pocket_computer_colour_blinking"},{"predicate":{"custom_model_data":66.0},"model":"hexcasting:item/pride_colorizer_asexual"},{"predicate":{"custom_model_data":67.0},"model":"hexcasting:item/pride_colorizer_transgender"},{"predicate":{"custom_model_data":68.0},"model":"tot:item/raven_spawn_egg"},{"predicate":{"custom_model_data":69.0},"model":"automobility:item/rear_attachment"},{"predicate":{"custom_model_data":70.0},"model":"consistency_plus:item/red_sandstone_brick"},{"predicate":{"custom_model_data":71.0},"model":"rocks:item/red_sandstone_splitter"},{"predicate":{"custom_model_data":72.0},"model":"spacefactory:item/refined_iron_ingot"},{"predicate":{"custom_model_data":73.0},"model":"arcanus:item/rough_fae_stone"},{"predicate":{"custom_model_data":74.0},"model":"botania:item/rune_pride"},{"predicate":{"custom_model_data":75.0},"model":"minecraft:item/barrier"},{"predicate":{"custom_model_data":76.0},"model":"minecraft:item/barrier"},{"predicate":{"custom_model_data":77.0},"model":"minecraft:item/barrier"},{"predicate":{"custom_model_data":78.0},"model":"minecraft:item/barrier"},{"predicate":{"custom_model_data":79.0},"model":"minecraft:item/barrier"},{"predicate":{"custom_model_data":80.0},"model":"minecraft:item/barrier"},{"predicate":{"custom_model_data":81.0},"model":"minecraft:item/barrier"},{"predicate":{"custom_model_data":82.0},"model":"minecraft:item/barrier"},{"predicate":{"custom_model_data":83.0},"model":"peculiarpieces:item/slippery_shoes"},{"predicate":{"custom_model_data":84.0},"model":"bwplus:item/soul"},{"predicate":{"custom_model_data":85.0},"model":"botania:item/spawner_mover"},{"predicate":{"custom_model_data":85.0,"botania:full":1.0},"model":"botania:item/spawner_mover_full"},{"predicate":{"custom_model_data":86.0},"model":"hexcasting:item/spellbook"},{"predicate":{"custom_model_data":86.0,"hexcasting:datatype":0.0,"hexcasting:sealed":0.0},"model":"hexcasting:item/spellbook_empty"},{"predicate":{"custom_model_data":86.0,"hexcasting:datatype":1.0,"hexcasting:sealed":0.0},"model":"hexcasting:item/spellbook_entity"},{"predicate":{"custom_model_data":86.0,"hexcasting:datatype":2.0,"hexcasting:sealed":0.0},"model":"hexcasting:item/spellbook_double"},{"predicate":{"custom_model_data":86.0,"hexcasting:datatype":3.0,"hexcasting:sealed":0.0},"model":"hexcasting:item/spellbook_vec3"},{"predicate":{"custom_model_data":86.0,"hexcasting:datatype":4.0,"hexcasting:sealed":0.0},"model":"hexcasting:item/spellbook_widget"},{"predicate":{"custom_model_data":86.0,"hexcasting:datatype":5.0,"hexcasting:sealed":0.0},"model":"hexcasting:item/spellbook_list"},{"predicate":{"custom_model_data":86.0,"hexcasting:datatype":6.0,"hexcasting:sealed":0.0},"model":"hexcasting:item/spellbook_pattern"},{"predicate":{"custom_model_data":86.0,"hexcasting:datatype":0.0,"hexcasting:sealed":1.0},"model":"hexcasting:item/spellbook_empty_sealed"},{"predicate":{"custom_model_data":86.0,"hexcasting:datatype":1.0,"hexcasting:sealed":1.0},"model":"hexcasting:item/spellbook_entity_sealed"},{"predicate":{"custom_model_data":86.0,"hexcasting:datatype":2.0,"hexcasting:sealed":1.0},"model":"hexcasting:item/spellbook_double_sealed"},{"predicate":{"custom_model_data":86.0,"hexcasting:datatype":3.0,"hexcasting:sealed":1.0},"model":"hexcasting:item/spellbook_vec3_sealed"},{"predicate":{"custom_model_data":86.0,"hexcasting:datatype":4.0,"hexcasting:sealed":1.0},"model":"hexcasting:item/spellbook_widget_sealed"},{"predicate":{"custom_model_data":86.0,"hexcasting:datatype":5.0,"hexcasting:sealed":1.0},"model":"hexcasting:item/spellbook_list_sealed"},{"predicate":{"custom_model_data":86.0,"hexcasting:datatype":6.0,"hexcasting:sealed":1.0},"model":"hexcasting:item/spellbook_pattern_sealed"},{"predicate":{"custom_model_data":87.0},"model":"extended_drawers:item/t1_upgrade"},{"predicate":{"custom_model_data":88.0},"model":"botania:item/thor_ring"},{"predicate":{"custom_model_data":89.0},"model":"bewitchment:item/toad_spawn_egg"},{"predicate":{"custom_model_data":90.0},"model":"chocolatebar:item/toolchain_wrapping_paper"},{"predicate":{"custom_model_data":91.0},"model":"botania:item/travel_belt"},{"predicate":{"custom_model_data":92.0},"model":"pswg:item/turbine"},{"predicate":{"custom_model_data":93.0},"model":"bewitchment:item/vampire_spawn_egg"},{"predicate":{"custom_model_data":94.0},"model":"minecraft:item/barrier"},{"predicate":{"custom_model_data":95.0},"model":"hexcasting:item/wand_jungle"},{"predicate":{"custom_model_data":95.0,"hexcasting:funny_level":0.0},"model":"hexcasting:item/wand_jungle"},{"predicate":{"custom_model_data":95.0,"hexcasting:funny_level":1.0},"model":"hexcasting:item/wand_old"},{"predicate":{"custom_model_data":95.0,"hexcasting:funny_level":2.0},"model":"hexcasting:item/wand_bosnia"},{"predicate":{"custom_model_data":96.0},"model":"consistency_plus:item/waxed_weathered_copper_brick"},{"predicate":{"custom_model_data":97.0},"model":"consistency_plus:item/white_concrete_brick"},{"predicate":{"custom_model_data":98.0},"model":"consistency_plus:item/wigged_nubert_minecart"},{"predicate":{"custom_model_data":99.0},"model":"witherite_plus:item/witherite_ingot"},{"predicate":{"custom_model_data":100.0},"model":"wiredredstone:item/yellow_bundled_cable"}]}