{"parent":"item/generated","textures":{"layer0":"item/glistering_melon_slice"},"overrides":[{"predicate":{"hexcasting:mana":0.0,"custom_model_data":4.0,"hexcasting:max_mana":0.0},"model":"hexcasting:item/phial_small_0"},{"predicate":{"hexcasting:mana":0.25,"custom_model_data":4.0,"hexcasting:max_mana":0.0},"model":"hexcasting:item/phial_small_1"},{"predicate":{"hexcasting:mana":0.5,"custom_model_data":4.0,"hexcasting:max_mana":0.0},"model":"hexcasting:item/phial_small_2"},{"predicate":{"hexcasting:mana":0.75,"custom_model_data":4.0,"hexcasting:max_mana":0.0},"model":"hexcasting:item/phial_small_3"},{"predicate":{"hexcasting:mana":0.0,"custom_model_data":4.0,"hexcasting:max_mana":1.0},"model":"hexcasting:item/phial_medium_0"},{"predicate":{"hexcasting:mana":0.0,"custom_model_data":4.0,"hexcasting:max_mana":2.0},"model":"hexcasting:item/phial_large_0"},{"predicate":{"custom_model_data":1.0},"model":"archon:item/accelerate_scroll"},{"predicate":{"hexcasting:mana":1.0,"custom_model_data":4.0,"hexcasting:max_mana":0.0},"model":"hexcasting:item/phial_small_4"},{"predicate":{"hexcasting:mana":0.25,"custom_model_data":4.0,"hexcasting:max_mana":1.0},"model":"hexcasting:item/phial_medium_1"},{"predicate":{"hexcasting:mana":0.5,"custom_model_data":4.0,"hexcasting:max_mana":1.0},"model":"hexcasting:item/phial_medium_2"},{"predicate":{"hexcasting:mana":0.75,"custom_model_data":4.0,"hexcasting:max_mana":1.0},"model":"hexcasting:item/phial_medium_3"},{"predicate":{"hexcasting:mana":1.0,"custom_model_data":4.0,"hexcasting:max_mana":1.0},"model":"hexcasting:item/phial_medium_4"},{"predicate":{"hexcasting:mana":0.25,"custom_model_data":4.0,"hexcasting:max_mana":2.0},"model":"hexcasting:item/phial_large_1"},{"predicate":{"hexcasting:mana":0.5,"custom_model_data":4.0,"hexcasting:max_mana":2.0},"model":"hexcasting:item/phial_large_2"},{"predicate":{"hexcasting:mana":0.75,"custom_model_data":4.0,"hexcasting:max_mana":2.0},"model":"hexcasting:item/phial_large_3"},{"predicate":{"hexcasting:mana":1.0,"custom_model_data":4.0,"hexcasting:max_mana":2.0},"model":"hexcasting:item/phial_large_4"},{"predicate":{"custom_model_data":2.0},"model":"create:item/andesite_alloy"},{"predicate":{"custom_model_data":3.0},"model":"botania:item/aura_ring"},{"predicate":{"custom_model_data":4.0},"model":"hexcasting:item/battery"},{"predicate":{"custom_model_data":5.0},"model":"minecraft:item/barrier"},{"predicate":{"custom_model_data":6.0},"model":"consistency_plus:item/blue_dyed_bundle"},{"predicate":{"custom_model_data":6.0,"filled":0.001},"model":"consistency_plus:item/blue_dyed_bundle_filled"},{"predicate":{"custom_model_data":7.0},"model":"archon:item/capacity_scroll"},{"predicate":{"custom_model_data":8.0},"model":"bewitchment:item/cleansing_sigil"},{"predicate":{"custom_model_data":9.0},"model":"botania:item/cosmetic_black_tie"},{"predicate":{"custom_model_data":10.0},"model":"botania:item/cosmetic_groucho_glasses"},{"predicate":{"custom_model_data":11.0},"model":"botania:item/cosmetic_thinking_hand"},{"predicate":{"custom_model_data":12.0},"model":"automobility:item/crowbar"},{"predicate":{"custom_model_data":13.0},"model":"create:item/crushed_tin_ore"},{"predicate":{"custom_model_data":14.0},"model":"minecraft:item/barrier"},{"predicate":{"custom_model_data":15.0},"model":"consistency_plus:item/cyan_terracotta_brick"},{"predicate":{"custom_model_data":16.0},"model":"bewitchment:item/decay_sigil"},{"predicate":{"custom_model_data":17.0},"model":"pswg:item/desh_nugget"},{"predicate":{"custom_model_data":18.0},"model":"spacefactory:item/diamond_dust"},{"predicate":{"custom_model_data":19.0},"model":"botania:item/dirt_rod"},{"predicate":{"custom_model_data":20.0},"model":"botania:item/divining_rod"},{"predicate":{"custom_model_data":21.0},"model":"extended_drawers:item/downgrade"},{"predicate":{"custom_model_data":22.0},"model":"decorative:item/duck_bath_tire"},{"predicate":{"custom_model_data":23.0},"model":"hexcasting:item/dye_colorizer_light_blue"},{"predicate":{"custom_model_data":24.0},"model":"rocks:item/end_stone_splitter"},{"predicate":{"custom_model_data":25.0},"model":"incorporeal:item/enterbrilliance"},{"predicate":{"custom_model_data":26.0},"model":"terrariamod:item/fallen_star"},{"predicate":{"custom_model_data":27.0},"model":"minecraft:item/barrier"},{"predicate":{"custom_model_data":28.0},"model":"botania:item/fire_rod"},{"predicate":{"custom_model_data":29.0},"model":"peculiarpieces:item/flight_ring"},{"predicate":{"custom_model_data":30.0},"model":"terrariamod:item/gel"},{"predicate":{"custom_model_data":31.0},"model":"pswg:item/glass_3"},{"predicate":{"custom_model_data":32.0},"model":"minecraft:item/barrier"},{"predicate":{"custom_model_data":33.0},"model":"ecotones:item/gold_chunk"},{"predicate":{"custom_model_data":34.0},"model":"botania:item/golden_seeds"},{"predicate":{"custom_model_data":35.0},"model":"gravitychanger:item/gravity_changer_south_aoe"},{"predicate":{"custom_model_data":36.0},"model":"haema_extras_blanketcon:item/haema_booth_travel_token"},{"predicate":{"custom_model_data":37.0},"model":"terracraft:item/heart"},{"predicate":{"custom_model_data":38.0},"model":"campanion:item/hiking_pack"},{"predicate":{"custom_model_data":39.0},"model":"terrariamod:item/iron_bow"},{"predicate":{"custom_model_data":40.0},"model":"transpositioners:item/item_mover_module_mk2"},{"predicate":{"custom_model_data":41.0},"model":"botania:item/laputa_shard"},{"predicate":{"custom_model_data":42.0},"model":"botania:item/lens_flare"},{"predicate":{"custom_model_data":43.0},"model":"botania:item/lens_redirect"},{"predicate":{"custom_model_data":44.0},"model":"pswg:item/lightsaber"},{"predicate":{"custom_model_data":45.0},"model":"create:item/linked_controller"},{"predicate":{"custom_model_data":46.0},"model":"promenade:item/lush_creeper_spawn_egg"},{"predicate":{"custom_model_data":47.0},"model":"botania:item/mana_bottle"},{"predicate":{"custom_model_data":47.0,"botania:swigs_taken":1.0},"model":"botania:item/mana_bottle_1"},{"predicate":{"custom_model_data":47.0,"botania:swigs_taken":2.0},"model":"botania:item/mana_bottle_2"},{"predicate":{"custom_model_data":47.0,"botania:swigs_taken":3.0},"model":"botania:item/mana_bottle_3"},{"predicate":{"custom_model_data":47.0,"botania:swigs_taken":4.0},"model":"botania:item/mana_bottle_4"},{"predicate":{"custom_model_data":47.0,"botania:swigs_taken":5.0},"model":"botania:item/mana_bottle_5"},{"predicate":{"custom_model_data":48.0},"model":"botania:item/mana_pearl"},{"predicate":{"custom_model_data":49.0},"model":"botania:item/mana_tablet"},{"predicate":{"custom_model_data":50.0},"model":"minecraft:item/barrier"},{"predicate":{"custom_model_data":51.0},"model":"bagels_baking:item/music_disc_cafe"},{"predicate":{"custom_model_data":52.0},"model":"bwplus:item/niffler_spawn_egg"},{"predicate":{"custom_model_data":53.0},"model":"consistency_plus:item/nubert_minecart"},{"predicate":{"custom_model_data":54.0},"model":"decorative:item/orange_bath_tire"},{"predicate":{"custom_model_data":55.0},"model":"pswg:item/orange_cup"},{"predicate":{"custom_model_data":56.0},"model":"consistency_plus:item/orange_terracotta_brick"},{"predicate":{"custom_model_data":57.0},"model":"ecotones:item/peat_item"},{"predicate":{"custom_model_data":58.0},"model":"bwplus:item/phoenix_spawn_egg"},{"predicate":{"custom_model_data":59.0},"model":"minecraft:item/barrier"},{"predicate":{"custom_model_data":60.0},"model":"consistency_plus:item/pink_dyed_bundle"},{"predicate":{"custom_model_data":60.0,"filled":0.001},"model":"consistency_plus:item/pink_dyed_bundle_filled"},{"predicate":{"custom_model_data":61.0},"model":"pswg:item/plasteel_rod"},{"predicate":{"custom_model_data":62.0},"model":"hexcasting:item/pride_colorizer_demigirl"},{"predicate":{"custom_model_data":63.0},"model":"computercraft:item/printed_pages"},{"predicate":{"custom_model_data":64.0},"model":"additionalbanners:item/pumpkin"},{"predicate":{"custom_model_data":65.0},"model":"consistency_plus:item/quartz_brick"},{"predicate":{"custom_model_data":66.0},"model":"botania:item/quartz_mana"},{"predicate":{"custom_model_data":67.0},"model":"pswg:item/raw_ionite"},{"predicate":{"custom_model_data":68.0},"model":"create:item/raw_zinc"},{"predicate":{"custom_model_data":69.0},"model":"minecraft:item/barrier"},{"predicate":{"custom_model_data":70.0},"model":"consistency_plus:item/red_dyed_bundle"},{"predicate":{"custom_model_data":70.0,"filled":0.001},"model":"consistency_plus:item/red_dyed_bundle_filled"},{"predicate":{"custom_model_data":71.0},"model":"consistency_plus:item/red_terracotta_brick"},{"predicate":{"custom_model_data":72.0},"model":"bewitchment:item/ruin_sigil"},{"predicate":{"custom_model_data":73.0},"model":"botania:item/rune_greed"},{"predicate":{"custom_model_data":74.0},"model":"bagels_baking:item/salt"},{"predicate":{"custom_model_data":75.0},"model":"minecraft:item/barrier"},{"predicate":{"custom_model_data":76.0},"model":"minecraft:item/barrier"},{"predicate":{"custom_model_data":77.0},"model":"minecraft:item/barrier"},{"predicate":{"custom_model_data":78.0},"model":"minecraft:item/barrier"},{"predicate":{"custom_model_data":79.0},"model":"bewitchment:item/shadows_sigil"},{"predicate":{"custom_model_data":80.0},"model":"minecraft:item/barrier"},{"predicate":{"custom_model_data":81.0},"model":"minecraft:item/barrier"},{"predicate":{"custom_model_data":82.0},"model":"minecraft:item/barrier"},{"predicate":{"custom_model_data":83.0},"model":"minecraft:item/barrier"},{"predicate":{"custom_model_data":84.0},"model":"minecraft:item/barrier"},{"predicate":{"custom_model_data":85.0},"model":"bewitchment:item/snake_tongue"},{"predicate":{"custom_model_data":86.0},"model":"incorporeal:item/solidified_request_conjurer"},{"predicate":{"custom_model_data":87.0},"model":"consistency_plus:item/soul_sandstone_brick"},{"predicate":{"custom_model_data":88.0},"model":"additionalbanners:item/spades"},{"predicate":{"custom_model_data":89.0},"model":"pswg:item/spawn_xwing_t65b"},{"predicate":{"custom_model_data":90.0},"model":"minecraft:item/barrier"},{"predicate":{"custom_model_data":91.0},"model":"promenade:item/sunken_skeleton_spawn_egg"},{"predicate":{"custom_model_data":92.0},"model":"terrariamod:item/suspicious_looking_eye"},{"predicate":{"custom_model_data":93.0},"model":"campanion:item/tanned_leather_pouch"},{"predicate":{"custom_model_data":94.0},"model":"bagels_baking:item/tea_leaves"},{"predicate":{"custom_model_data":95.0},"model":"pswg:item/tongue_of_worrt"},{"predicate":{"custom_model_data":96.0},"model":"bwplus:item/unicorn_spawn_egg"},{"predicate":{"custom_model_data":97.0},"model":"minecraft:item/barrier"},{"predicate":{"custom_model_data":98.0},"model":"hexcasting:item/wand_spruce"},{"predicate":{"custom_model_data":98.0,"hexcasting:funny_level":0.0},"model":"hexcasting:item/wand_spruce"},{"predicate":{"custom_model_data":98.0,"hexcasting:funny_level":1.0},"model":"hexcasting:item/wand_old"},{"predicate":{"custom_model_data":98.0,"hexcasting:funny_level":2.0},"model":"hexcasting:item/wand_bosnia"},{"predicate":{"custom_model_data":99.0},"model":"pswg:item/white_cup"},{"predicate":{"custom_model_data":100.0},"model":"consistency_plus:item/withered_bone_brick"},{"predicate":{"custom_model_data":101.0},"model":"minecraft:item/barrier"}]}