{"parent":"item/generated","textures":{"layer0":"item/gold_ingot"},"overrides":[{"predicate":{"bewitchment:variant":1.0,"custom_model_data":102.0},"model":"bewitchment:item/taglock_variant"},{"predicate":{"custom_model_data":1.0},"model":"minecraft:item/barrier"},{"predicate":{"custom_model_data":2.0},"model":"botania:item/ancient_will_ahrim"},{"predicate":{"custom_model_data":3.0},"model":"consistency_plus:item/andesite_brick"},{"predicate":{"custom_model_data":4.0},"model":"bewitchment:item/aqua_cerate"},{"predicate":{"custom_model_data":5.0},"model":"ecotones:item/basic_fertilizer"},{"predicate":{"custom_model_data":6.0},"model":"bewitchment:item/birch_bark"},{"predicate":{"custom_model_data":7.0},"model":"wiredredstone:item/black_insulated_wire"},{"predicate":{"custom_model_data":8.0},"model":"botania:item/blood_pendant"},{"predicate":{"custom_model_data":9.0},"model":"botania:item/brew_flask"},{"predicate":{"custom_model_data":9.0,"botania:swigs_taken":1.0},"model":"botania:item/brew_flask_1"},{"predicate":{"custom_model_data":9.0,"botania:swigs_taken":2.0},"model":"botania:item/brew_flask_2"},{"predicate":{"custom_model_data":9.0,"botania:swigs_taken":3.0},"model":"botania:item/brew_flask_3"},{"predicate":{"custom_model_data":9.0,"botania:swigs_taken":4.0},"model":"botania:item/brew_flask_4"},{"predicate":{"custom_model_data":9.0,"botania:swigs_taken":5.0},"model":"botania:item/brew_flask_5"},{"predicate":{"custom_model_data":10.0},"model":"minecraft:item/barrier"},{"predicate":{"custom_model_data":11.0},"model":"consistency_plus:item/brown_dyed_bundle"},{"predicate":{"custom_model_data":11.0,"filled":0.001},"model":"consistency_plus:item/brown_dyed_bundle_filled"},{"predicate":{"custom_model_data":12.0},"model":"wiredredstone:item/bundled_cable"},{"predicate":{"custom_model_data":13.0},"model":"spacefactory:item/copper_nugget"},{"predicate":{"custom_model_data":14.0},"model":"bagels_baking:item/corn_meal"},{"predicate":{"custom_model_data":15.0},"model":"botania:item/cosmetic_clock_eye"},{"predicate":{"custom_model_data":16.0},"model":"botania:item/cosmetic_orange_shades"},{"predicate":{"custom_model_data":17.0},"model":"botania:item/cosmetic_witch_pin"},{"predicate":{"custom_model_data":18.0},"model":"create:item/crafting_blueprint"},{"predicate":{"custom_model_data":19.0},"model":"consistency_plus:item/crimson_wart_brick"},{"predicate":{"custom_model_data":20.0},"model":"create:item/crushed_gold_ore"},{"predicate":{"custom_model_data":21.0},"model":"consistency_plus:item/crying_obsidian_brick"},{"predicate":{"custom_model_data":22.0},"model":"bewitchment:item/cypress_bark"},{"predicate":{"custom_model_data":23.0},"model":"witherite_plus:item/damaged_nether_star"},{"predicate":{"custom_model_data":24.0},"model":"incorporeal:item/data_monocle"},{"predicate":{"custom_model_data":25.0},"model":"terrariamod:item/demonite_bar"},{"predicate":{"custom_model_data":26.0},"model":"pswg:item/dewback_bone"},{"predicate":{"custom_model_data":27.0},"model":"pswg:item/diatium_ingot"},{"predicate":{"custom_model_data":28.0},"model":"computercraft:item/disk"},{"predicate":{"custom_model_data":29.0},"model":"bewitchment:item/dragons_blood_boat"},{"predicate":{"custom_model_data":30.0},"model":"bewitchment:item/dragons_blood_resin"},{"predicate":{"custom_model_data":31.0},"model":"bewitchment:item/druid_band"},{"predicate":{"custom_model_data":32.0},"model":"pswg:item/durasteel_rod"},{"predicate":{"custom_model_data":33.0},"model":"hexcasting:item/dye_colorizer_orange"},{"predicate":{"custom_model_data":34.0},"model":"bewitchment:item/ectoplasm"},{"predicate":{"custom_model_data":35.0},"model":"minecraft:item/barrier"},{"predicate":{"custom_model_data":36.0},"model":"create:item/furnace_minecart_contraption"},{"predicate":{"custom_model_data":37.0},"model":"transpositioners:item/gate_module_base_mk2"},{"predicate":{"custom_model_data":38.0},"model":"bewitchment:item/ghost_spawn_egg"},{"predicate":{"custom_model_data":39.0},"model":"pswg:item/glass_8"},{"predicate":{"custom_model_data":40.0},"model":"additionalbanners:item/grass"},{"predicate":{"custom_model_data":41.0},"model":"gravitychanger:item/gravity_changer_down"},{"predicate":{"custom_model_data":42.0},"model":"botania:item/gravity_rod"},{"predicate":{"custom_model_data":43.0},"model":"decorative:item/green_bath_tire"},{"predicate":{"custom_model_data":44.0},"model":"pswg:item/green_cup"},{"predicate":{"custom_model_data":45.0},"model":"botania:item/horn_leaves"},{"predicate":{"custom_model_data":45.0,"botania:vuvuzela":1.0},"model":"botania:item/vuvuzela"},{"predicate":{"custom_model_data":46.0},"model":"minecraft:item/barrier"},{"predicate":{"custom_model_data":47.0},"model":"sandwichable:item/intoxicating_cheese_culture_bottle"},{"predicate":{"custom_model_data":48.0},"model":"spacefactory:item/iron_dust"},{"predicate":{"custom_model_data":49.0},"model":"aurorasdeco:item/jacaranda_boat"},{"predicate":{"custom_model_data":50.0},"model":"botania:item/knockback_belt"},{"predicate":{"custom_model_data":51.0},"model":"pswg:item/laa_bucket"},{"predicate":{"custom_model_data":52.0},"model":"terrariamod:item/lens"},{"predicate":{"custom_model_data":53.0},"model":"botania:item/lens_messenger"},{"predicate":{"custom_model_data":54.0},"model":"botania:item/lens_warp"},{"predicate":{"custom_model_data":55.0},"model":"decorative:item/lime_bath_tire"},{"predicate":{"custom_model_data":56.0},"model":"pswg:item/lime_cup"},{"predicate":{"custom_model_data":57.0},"model":"pswg:item/lommite_crystal"},{"predicate":{"custom_model_data":58.0},"model":"campanion:item/marshmallow_on_a_stick"},{"predicate":{"custom_model_data":59.0},"model":"bagels_baking:item/milk_cup"},{"predicate":{"custom_model_data":60.0},"model":"minecraft:item/barrier"},{"predicate":{"custom_model_data":61.0},"model":"minecraft:item/barrier"},{"predicate":{"custom_model_data":62.0},"model":"refmagic:item/necklace"},{"predicate":{"custom_model_data":63.0},"model":"transpositioners:item/not_gate_module"},{"predicate":{"custom_model_data":64.0},"model":"transpositioners:item/or_gate_module_mk2"},{"predicate":{"custom_model_data":65.0},"model":"botania:item/overgrowth_seed"},{"predicate":{"custom_model_data":66.0},"model":"botania:item/pattern_1_2"},{"predicate":{"custom_model_data":67.0},"model":"bagels_baking:item/peach_boat"},{"predicate":{"custom_model_data":68.0},"model":"ecotones:item/phosphate"},{"predicate":{"custom_model_data":69.0},"model":"ecotones:item/pine_sap"},{"predicate":{"custom_model_data":70.0},"model":"consistency_plus:item/pink_concrete_brick"},{"predicate":{"custom_model_data":71.0},"model":"wiredredstone:item/pink_insulated_wire"},{"predicate":{"custom_model_data":72.0},"model":"pswg:item/plastic_bottle_1"},{"predicate":{"custom_model_data":73.0},"model":"hexcasting:item/pride_colorizer_gay"},{"predicate":{"custom_model_data":74.0},"model":"decorative:item/purple_bath_tire"},{"predicate":{"custom_model_data":75.0},"model":"pswg:item/purple_cup"},{"predicate":{"custom_model_data":76.0},"model":"pswg:item/raw_cortosis"},{"predicate":{"custom_model_data":77.0},"model":"bewitchment:item/raw_silver"},{"predicate":{"custom_model_data":78.0},"model":"wiredredstone:item/red_alloy_wire"},{"predicate":{"custom_model_data":79.0},"model":"transpositioners:item/redstone_gate_module"},{"predicate":{"custom_model_data":80.0},"model":"create:item/refined_radiance"},{"predicate":{"custom_model_data":81.0},"model":"minecraft:item/barrier"},{"predicate":{"custom_model_data":82.0},"model":"botania:item/rune_autumn"},{"predicate":{"custom_model_data":83.0},"model":"botania:item/rune_water"},{"predicate":{"custom_model_data":84.0},"model":"create:item/schematic"},{"predicate":{"custom_model_data":85.0},"model":"hexcasting:item/scroll_medium"},{"predicate":{"custom_model_data":85.0,"hexcasting:ancient":0.0},"model":"hexcasting:item/scroll_pristine_medium"},{"predicate":{"custom_model_data":85.0,"hexcasting:ancient":1.0},"model":"hexcasting:item/scroll_ancient_medium"},{"predicate":{"custom_model_data":86.0},"model":"minecraft:item/barrier"},{"predicate":{"custom_model_data":87.0},"model":"minecraft:item/barrier"},{"predicate":{"custom_model_data":88.0},"model":"minecraft:item/barrier"},{"predicate":{"custom_model_data":89.0},"model":"minecraft:item/barrier"},{"predicate":{"custom_model_data":90.0},"model":"botania:item/sextant"},{"predicate":{"custom_model_data":91.0},"model":"minecraft:item/barrier"},{"predicate":{"custom_model_data":92.0},"model":"minecraft:item/barrier"},{"predicate":{"custom_model_data":93.0},"model":"minecraft:item/barrier"},{"predicate":{"custom_model_data":94.0},"model":"minecraft:item/barrier"},{"predicate":{"custom_model_data":95.0},"model":"campanion:item/skipping_stone"},{"predicate":{"custom_model_data":96.0},"model":"bewitchment:item/smelly_sigil"},{"predicate":{"custom_model_data":97.0},"model":"additionalbanners:item/snowflake"},{"predicate":{"custom_model_data":98.0},"model":"incorporeal:item/soul_core_frame"},{"predicate":{"custom_model_data":99.0},"model":"botania:item/spark_upgrade_recessive"},{"predicate":{"custom_model_data":100.0},"model":"spacefactory:item/stone_dust"},{"predicate":{"custom_model_data":101.0},"model":"archon:item/super_experience_pouch"},{"predicate":{"custom_model_data":102.0},"model":"bewitchment:item/taglock"},{"predicate":{"custom_model_data":103.0},"model":"darkutils:item/tome_illager"},{"predicate":{"custom_model_data":104.0},"model":"quark:item/toretoise_spawn_egg"},{"predicate":{"custom_model_data":105.0},"model":"transpositioners:item/transpositioner_mk1"},{"predicate":{"custom_model_data":106.0},"model":"additionalbanners:item/trident"},{"predicate":{"custom_model_data":107.0},"model":"terrariamod:item/underground_disc"},{"predicate":{"custom_model_data":108.0},"model":"minecraft:item/barrier"},{"predicate":{"custom_model_data":109.0},"model":"hexcasting:item/wand_spruce"},{"predicate":{"custom_model_data":109.0,"hexcasting:funny_level":0.0},"model":"hexcasting:item/wand_spruce"},{"predicate":{"custom_model_data":109.0,"hexcasting:funny_level":1.0},"model":"hexcasting:item/wand_old"},{"predicate":{"custom_model_data":109.0,"hexcasting:funny_level":2.0},"model":"hexcasting:item/wand_bosnia"},{"predicate":{"custom_model_data":110.0},"model":"create:item/wheat_flour"},{"predicate":{"custom_model_data":111.0},"model":"campanion:item/wool_tarp"}]}