{"parent":"item/generated","textures":{"layer0":"item/golden_carrot"},"overrides":[{"predicate":{"custom_model_data":1.0},"model":"pswg:item/bantha_cookie"},{"predicate":{"custom_model_data":2.0},"model":"ecotones:item/cactus_fruit"},{"predicate":{"custom_model_data":3.0},"model":"culinaire:item/cheese"},{"predicate":{"custom_model_data":4.0},"model":"bagels_baking:item/chicken_nuggets"},{"predicate":{"custom_model_data":5.0},"model":"culinaire:item/chouquette"},{"predicate":{"custom_model_data":6.0},"model":"sandwichable:item/cooked_pork_cuts"},{"predicate":{"custom_model_data":7.0},"model":"sandwichable:item/fermenting_milk_bucket"},{"predicate":{"custom_model_data":8.0},"model":"bagels_baking:item/fruit_martini"},{"predicate":{"custom_model_data":9.0},"model":"sandwichable:item/golden_apple_slices"},{"predicate":{"custom_model_data":10.0},"model":"bagels_baking:item/grape_swirl_ice_cream"},{"predicate":{"custom_model_data":11.0},"model":"pswg:item/haroun_bread"},{"predicate":{"custom_model_data":12.0},"model":"bagels_baking:item/jerky"},{"predicate":{"custom_model_data":13.0},"model":"bagels_baking:item/lemon"},{"predicate":{"custom_model_data":14.0},"model":"sandwichable:item/sliced_toasted_warped_fungus"},{"predicate":{"custom_model_data":15.0},"model":"sandwichable:item/toasted_crimson_fungus"},{"predicate":{"custom_model_data":16.0},"model":"pswg:item/worrt_egg"}]}