{"parent":"item/generated","textures":{"layer0":"item/gold_nugget"},"overrides":[{"predicate":{"bewitchment:variant":1.0,"custom_model_data":65.0},"model":"bewitchment:item/nazar_variant"},{"predicate":{"custom_model_data":1.0},"model":"botania:item/auto_crafting_halo"},{"predicate":{"botania:elven":1.0,"custom_model_data":55.0},"model":"botania:item/lexicon_elven"},{"predicate":{"custom_model_data":2.0},"model":"portalcubed:item/base_gel"},{"predicate":{"custom_model_data":3.0},"model":"pswg:item/beskar_ingot"},{"predicate":{"custom_model_data":4.0},"model":"decorative:item/black_bath_tire"},{"predicate":{"custom_model_data":5.0},"model":"pswg:item/black_cup"},{"predicate":{"custom_model_data":6.0},"model":"consistency_plus:item/black_terracotta_brick"},{"predicate":{"custom_model_data":7.0},"model":"pswg:item/blaster"},{"predicate":{"custom_model_data":8.0},"model":"terrariamod:item/blue_slime_spawn_egg"},{"predicate":{"custom_model_data":9.0},"model":"bitsandchisels:item/blueprint"},{"predicate":{"custom_model_data":10.0},"model":"bewitchment:item/book_of_shadows"},{"predicate":{"custom_model_data":11.0},"model":"create:item/builders_tea"},{"predicate":{"custom_model_data":12.0},"model":"create:item/chromatic_compound"},{"predicate":{"custom_model_data":13.0},"model":"refmagic:item/citrine"},{"predicate":{"custom_model_data":14.0},"model":"botania:item/clip"},{"predicate":{"custom_model_data":15.0},"model":"oxidized:item/copper_nugget"},{"predicate":{"custom_model_data":16.0},"model":"botania:item/cosmetic_cat_ears"},{"predicate":{"custom_model_data":17.0},"model":"botania:item/cosmetic_lusitanic_shield"},{"predicate":{"custom_model_data":18.0},"model":"botania:item/cosmetic_wicked_eyepatch"},{"predicate":{"custom_model_data":19.0},"model":"create:item/crafter_slot_cover"},{"predicate":{"custom_model_data":20.0},"model":"purpeille:item/creative_core"},{"predicate":{"custom_model_data":21.0},"model":"create:item/crushed_copper_ore"},{"predicate":{"custom_model_data":22.0},"model":"spacefactory:item/crystalite_matrix"},{"predicate":{"custom_model_data":23.0},"model":"wiredredstone:item/cyan_bundled_cable"},{"predicate":{"custom_model_data":24.0},"model":"hexcasting:item/cypher"},{"predicate":{"custom_model_data":24.0,"hexcasting:has_patterns":-0.01},"model":"hexcasting:item/cypher"},{"predicate":{"custom_model_data":24.0,"hexcasting:has_patterns":0.99},"model":"hexcasting:item/cypher_filled"},{"predicate":{"custom_model_data":25.0},"model":"consistency_plus:item/dark_prismarine_brick"},{"predicate":{"custom_model_data":26.0},"model":"consistency_plus:item/deepslate_brick"},{"predicate":{"custom_model_data":27.0},"model":"bewitchment:item/demonic_contract"},{"predicate":{"custom_model_data":28.0},"model":"minecraft:item/barrier"},{"predicate":{"custom_model_data":29.0},"model":"hexcasting:item/dye_colorizer_magenta"},{"predicate":{"custom_model_data":30.0},"model":"ecotones:item/ecotones_book"},{"predicate":{"custom_model_data":31.0},"model":"botania:item/elementium_nugget"},{"predicate":{"custom_model_data":32.0},"model":"witherite_plus:item/enriched_witherite_ingot"},{"predicate":{"custom_model_data":33.0},"model":"botania:item/exchange_rod"},{"predicate":{"custom_model_data":34.0},"model":"botania:item/flugel_eye"},{"predicate":{"custom_model_data":35.0},"model":"additionalbanners:item/frame"},{"predicate":{"custom_model_data":36.0},"model":"automobility:item/front_attachment"},{"predicate":{"custom_model_data":37.0},"model":"transpositioners:item/gate_module_base_mk1"},{"predicate":{"custom_model_data":38.0},"model":"pswg:item/glass_7"},{"predicate":{"custom_model_data":39.0},"model":"create:item/goggles"},{"predicate":{"custom_model_data":40.0},"model":"spacefactory:item/gold_dust"},{"predicate":{"custom_model_data":41.0},"model":"terrariamod:item/granite_elemental_spawn_egg"},{"predicate":{"custom_model_data":42.0},"model":"gravitychanger:item/gravity_changer_west_aoe"},{"predicate":{"custom_model_data":43.0},"model":"bewitchment:item/heaven_extract"},{"predicate":{"custom_model_data":44.0},"model":"pswg:item/helicite_dust"},{"predicate":{"custom_model_data":45.0},"model":"botania:item/holy_cloak"},{"predicate":{"custom_model_data":46.0},"model":"botania:item/horn_grass"},{"predicate":{"custom_model_data":46.0,"botania:vuvuzela":1.0},"model":"botania:item/vuvuzela"},{"predicate":{"custom_model_data":47.0},"model":"spacefactory:item/hyper_ai_core"},{"predicate":{"custom_model_data":48.0},"model":"botania:item/incense_stick"},{"predicate":{"custom_model_data":49.0},"model":"incorporeal:item/integer_ticket"},{"predicate":{"custom_model_data":49.0,"incorporeal:written_ticket":1.0},"model":"incorporeal:item/integer_ticket_written"},{"predicate":{"custom_model_data":50.0},"model":"terrariamod:item/iron_shortsword"},{"predicate":{"custom_model_data":51.0},"model":"refmagic:item/kyrite_shard"},{"predicate":{"custom_model_data":52.0},"model":"hexcasting:item/lens"},{"predicate":{"custom_model_data":53.0},"model":"botania:item/lens_magnet"},{"predicate":{"custom_model_data":54.0},"model":"botania:item/lens_tripwire"},{"predicate":{"custom_model_data":55.0},"model":"botania:item/lexicon"},{"predicate":{"custom_model_data":56.0},"model":"consistency_plus:item/light_gray_concrete_brick"},{"predicate":{"custom_model_data":57.0},"model":"consistency_plus:item/light_gray_terracotta_brick"},{"predicate":{"custom_model_data":58.0},"model":"ecotones:item/magnifying_glass"},{"predicate":{"custom_model_data":59.0},"model":"minecraft:item/barrier"},{"predicate":{"custom_model_data":60.0},"model":"bewitchment:item/mending_sigil"},{"predicate":{"custom_model_data":61.0},"model":"botania:item/missile_rod"},{"predicate":{"custom_model_data":62.0},"model":"minecraft:item/barrier"},{"predicate":{"custom_model_data":63.0},"model":"bwplus:item/moonlight_infusion"},{"predicate":{"custom_model_data":64.0},"model":"botania:item/mutated_seeds"},{"predicate":{"custom_model_data":65.0},"model":"bewitchment:item/nazar"},{"predicate":{"custom_model_data":66.0},"model":"consistency_plus:item/obsidian_brick"},{"predicate":{"custom_model_data":67.0},"model":"transpositioners:item/or_gate_module_mk1"},{"predicate":{"custom_model_data":68.0},"model":"botania:item/pattern_1_1"},{"predicate":{"custom_model_data":69.0},"model":"bwplus:item/phoenix_spawn_egg"},{"predicate":{"custom_model_data":70.0},"model":"minecraft:item/barrier"},{"predicate":{"custom_model_data":71.0},"model":"consistency_plus:item/pink_dyed_bundle"},{"predicate":{"custom_model_data":71.0,"filled":0.001},"model":"consistency_plus:item/pink_dyed_bundle_filled"},{"predicate":{"custom_model_data":72.0},"model":"pswg:item/plasteel_rod"},{"predicate":{"custom_model_data":73.0},"model":"hexcasting:item/pride_colorizer_demigirl"},{"predicate":{"custom_model_data":74.0},"model":"computercraft:item/printed_pages"},{"predicate":{"custom_model_data":75.0},"model":"additionalbanners:item/pumpkin"},{"predicate":{"custom_model_data":76.0},"model":"pswg:item/raw_rubindum"},{"predicate":{"custom_model_data":77.0},"model":"bagels_baking:item/rice"},{"predicate":{"custom_model_data":78.0},"model":"botania:item/rune_air"},{"predicate":{"custom_model_data":79.0},"model":"botania:item/rune_summer"},{"predicate":{"custom_model_data":80.0},"model":"sandwichable:item/salt_rock"},{"predicate":{"custom_model_data":81.0},"model":"hexcasting:item/scroll"},{"predicate":{"custom_model_data":81.0,"hexcasting:ancient":0.0},"model":"hexcasting:item/scroll_pristine_large"},{"predicate":{"custom_model_data":81.0,"hexcasting:ancient":1.0},"model":"hexcasting:item/scroll_ancient_large"},{"predicate":{"custom_model_data":82.0},"model":"minecraft:item/barrier"},{"predicate":{"custom_model_data":83.0},"model":"minecraft:item/barrier"},{"predicate":{"custom_model_data":84.0},"model":"minecraft:item/barrier"},{"predicate":{"custom_model_data":85.0},"model":"minecraft:item/barrier"},{"predicate":{"custom_model_data":86.0},"model":"minecraft:item/barrier"},{"predicate":{"custom_model_data":87.0},"model":"minecraft:item/barrier"},{"predicate":{"custom_model_data":88.0},"model":"minecraft:item/barrier"},{"predicate":{"custom_model_data":89.0},"model":"minecraft:item/barrier"},{"predicate":{"custom_model_data":90.0},"model":"spacefactory:item/small_iridium_dust"},{"predicate":{"custom_model_data":91.0},"model":"archon:item/soul_core_creature"},{"predicate":{"custom_model_data":92.0},"model":"botania:item/spark_upgrade_isolated"},{"predicate":{"custom_model_data":93.0},"model":"bewitchment:item/specter_bangle"},{"predicate":{"custom_model_data":94.0},"model":"milk:item/splash_milk_bottle"},{"predicate":{"custom_model_data":95.0},"model":"additionalbanners:item/squid"},{"predicate":{"custom_model_data":96.0},"model":"botania:item/super_cloud_pendant"},{"predicate":{"custom_model_data":97.0},"model":"extended_drawers:item/t4_upgrade"},{"predicate":{"custom_model_data":98.0},"model":"botania:item/terrasteel_ingot"},{"predicate":{"custom_model_data":99.0},"model":"pswg:item/thorilide_dust"},{"predicate":{"custom_model_data":100.0},"model":"darkutils:item/tome_enchanting"},{"predicate":{"custom_model_data":101.0},"model":"transpositioners:item/transpositioner_configurator"},{"predicate":{"custom_model_data":102.0},"model":"ecotones:item/turpentine"},{"predicate":{"custom_model_data":103.0},"model":"archon:item/undead_staff"},{"predicate":{"custom_model_data":104.0},"model":"botania:item/virus_nullodermal"},{"predicate":{"custom_model_data":105.0},"model":"minecraft:item/barrier"},{"predicate":{"custom_model_data":106.0},"model":"create:item/wand_of_symmetry"},{"predicate":{"custom_model_data":107.0},"model":"botania:item/water_rod"},{"predicate":{"custom_model_data":108.0},"model":"consistency_plus:item/waxed_oxidized_copper_brick"},{"predicate":{"custom_model_data":109.0},"model":"wiredredstone:item/white_bundled_cable"},{"predicate":{"custom_model_data":110.0},"model":"consistency_plus:item/withered_bone_meal"},{"predicate":{"custom_model_data":111.0},"model":"consistency_plus:item/yellow_concrete_brick"},{"predicate":{"custom_model_data":112.0},"model":"wiredredstone:item/yellow_insulated_wire"},{"predicate":{"custom_model_data":113.0},"model":"bwplus:item/yew_broom"},{"predicate":{"custom_model_data":114.0},"model":"create:item/zinc_nugget"}]}