{"parent":"item/generated","textures":{"layer0":"item/golden_carrot"},"overrides":[{"predicate":{"custom_model_data":1.0},"model":"pswg:item/bantha_cookie"},{"predicate":{"custom_model_data":2.0},"model":"bagels_baking:item/cactus_chiller_slushee"},{"predicate":{"custom_model_data":3.0},"model":"bagels_baking:item/cheese"},{"predicate":{"custom_model_data":4.0},"model":"bagels_baking:item/chicken_meal"},{"predicate":{"custom_model_data":5.0},"model":"sandwichable:item/chopped_onion"},{"predicate":{"custom_model_data":6.0},"model":"pswg:item/classic_soda"},{"predicate":{"custom_model_data":7.0},"model":"bagels_baking:item/cooked_pizza"},{"predicate":{"custom_model_data":8.0},"model":"pswg:item/eopie_loin"},{"predicate":{"custom_model_data":9.0},"model":"bagels_baking:item/fruit_salad"},{"predicate":{"custom_model_data":10.0},"model":"bagels_baking:item/golden_bagel"},{"predicate":{"custom_model_data":11.0},"model":"bagels_baking:item/grape_swirl_milkshake"},{"predicate":{"custom_model_data":12.0},"model":"pswg:item/haroun_bread"},{"predicate":{"custom_model_data":13.0},"model":"bagels_baking:item/katsu_sandwich"},{"predicate":{"custom_model_data":14.0},"model":"culinaire:item/marshmallow_on_a_stick"},{"predicate":{"custom_model_data":15.0},"model":"bagels_baking:item/plain_milkshake"},{"predicate":{"custom_model_data":16.0},"model":"bagels_baking:item/rum"},{"predicate":{"custom_model_data":17.0},"model":"culinaire:item/sandwich"},{"predicate":{"custom_model_data":18.0},"model":"create:item/sweet_roll"},{"predicate":{"custom_model_data":19.0},"model":"bagels_baking:item/tomato_soup"},{"predicate":{"custom_model_data":20.0},"model":"pswg:item/tuber_mash"}]}