{"parent":"item/generated","textures":{"layer0":"item/golden_carrot"},"overrides":[{"predicate":{"custom_model_data":1.0},"model":"pswg:item/bantha_cookie"},{"predicate":{"custom_model_data":2.0},"model":"bagels_baking:item/cactus_chiller_slushee"},{"predicate":{"custom_model_data":3.0},"model":"bagels_baking:item/cheese"},{"predicate":{"custom_model_data":4.0},"model":"bagels_baking:item/chicken_meal"},{"predicate":{"custom_model_data":5.0},"model":"sandwichable:item/chopped_onion"},{"predicate":{"custom_model_data":6.0},"model":"pswg:item/classic_soda"},{"predicate":{"custom_model_data":7.0},"model":"bagels_baking:item/cooked_pizza"},{"predicate":{"custom_model_data":8.0},"model":"pswg:item/diet_soda"},{"predicate":{"custom_model_data":9.0},"model":"bagels_baking:item/grape_swirl_cream"},{"predicate":{"custom_model_data":10.0},"model":"bagels_baking:item/jerky"},{"predicate":{"custom_model_data":11.0},"model":"bagels_baking:item/malt_vinegar"},{"predicate":{"custom_model_data":12.0},"model":"bagels_baking:item/mutton_meal"},{"predicate":{"custom_model_data":13.0},"model":"pswg:item/qrikki_bread"},{"predicate":{"custom_model_data":14.0},"model":"pswg:item/raw_sketto_nugget"},{"predicate":{"custom_model_data":15.0},"model":"bagels_baking:item/rice_ball"},{"predicate":{"custom_model_data":16.0},"model":"bagels_baking:item/sweet_berry_swirl_ice_cream"}]}