{"parent":"item/generated","textures":{"layer0":"item/gold_nugget"},"overrides":[{"predicate":{"custom_model_data":1.0},"model":"minecraft:item/barrier"},{"predicate":{"botania:active":1.0,"custom_model_data":62.0},"model":"botania:item/magnet_ring_greater_active"},{"predicate":{"custom_model_data":2.0},"model":"botania:item/ancient_will_dharok"},{"predicate":{"custom_model_data":3.0},"model":"bewitchment:item/aqua_cerate"},{"predicate":{"custom_model_data":4.0},"model":"portalcubed:item/base_gel"},{"predicate":{"custom_model_data":5.0},"model":"pswg:item/beskar_ingot"},{"predicate":{"custom_model_data":6.0},"model":"decorative:item/black_bath_tire"},{"predicate":{"custom_model_data":7.0},"model":"pswg:item/black_cup"},{"predicate":{"custom_model_data":8.0},"model":"consistency_plus:item/black_terracotta_brick"},{"predicate":{"custom_model_data":9.0},"model":"pswg:item/blaster"},{"predicate":{"custom_model_data":10.0},"model":"botania:item/brew_flask"},{"predicate":{"custom_model_data":10.0,"botania:swigs_taken":1.0},"model":"botania:item/brew_flask_1"},{"predicate":{"custom_model_data":10.0,"botania:swigs_taken":2.0},"model":"botania:item/brew_flask_2"},{"predicate":{"custom_model_data":10.0,"botania:swigs_taken":3.0},"model":"botania:item/brew_flask_3"},{"predicate":{"custom_model_data":10.0,"botania:swigs_taken":4.0},"model":"botania:item/brew_flask_4"},{"predicate":{"custom_model_data":10.0,"botania:swigs_taken":5.0},"model":"botania:item/brew_flask_5"},{"predicate":{"custom_model_data":11.0},"model":"minecraft:item/barrier"},{"predicate":{"custom_model_data":12.0},"model":"consistency_plus:item/brown_dyed_bundle"},{"predicate":{"custom_model_data":12.0,"filled":0.001},"model":"consistency_plus:item/brown_dyed_bundle_filled"},{"predicate":{"custom_model_data":13.0},"model":"wiredredstone:item/bundled_cable"},{"predicate":{"custom_model_data":14.0},"model":"oxidized:item/copper_nugget"},{"predicate":{"custom_model_data":15.0},"model":"botania:item/cosmetic_cat_ears"},{"predicate":{"custom_model_data":16.0},"model":"botania:item/cosmetic_lusitanic_shield"},{"predicate":{"custom_model_data":17.0},"model":"botania:item/cosmetic_wicked_eyepatch"},{"predicate":{"custom_model_data":18.0},"model":"create:item/crafter_slot_cover"},{"predicate":{"custom_model_data":19.0},"model":"purpeille:item/creative_core"},{"predicate":{"custom_model_data":20.0},"model":"create:item/crushed_copper_ore"},{"predicate":{"custom_model_data":21.0},"model":"spacefactory:item/crystalite_matrix"},{"predicate":{"custom_model_data":22.0},"model":"wiredredstone:item/cyan_bundled_cable"},{"predicate":{"custom_model_data":23.0},"model":"hexcasting:item/cypher"},{"predicate":{"custom_model_data":23.0,"hexcasting:has_patterns":-0.01},"model":"hexcasting:item/cypher"},{"predicate":{"custom_model_data":23.0,"hexcasting:has_patterns":0.99},"model":"hexcasting:item/cypher_filled"},{"predicate":{"custom_model_data":24.0},"model":"consistency_plus:item/dark_prismarine_brick"},{"predicate":{"custom_model_data":25.0},"model":"consistency_plus:item/deepslate_brick"},{"predicate":{"custom_model_data":26.0},"model":"matchbox:item/detacher"},{"predicate":{"custom_model_data":27.0},"model":"rocks:item/diorite_splitter"},{"predicate":{"custom_model_data":28.0},"model":"mbembe:item/dodo_spawn_egg"},{"predicate":{"custom_model_data":29.0},"model":"bwplus:item/dragonblood_staff"},{"predicate":{"custom_model_data":30.0},"model":"minecraft:item/barrier"},{"predicate":{"custom_model_data":31.0},"model":"hexcasting:item/dye_colorizer_magenta"},{"predicate":{"custom_model_data":32.0},"model":"ecotones:item/ecotones_book"},{"predicate":{"custom_model_data":33.0},"model":"botania:item/elementium_nugget"},{"predicate":{"custom_model_data":34.0},"model":"witherite_plus:item/enriched_witherite_ingot"},{"predicate":{"custom_model_data":35.0},"model":"incorporeal:item/fractured_space_rod"},{"predicate":{"custom_model_data":36.0},"model":"wiredredstone:item/gate_diode"},{"predicate":{"custom_model_data":37.0},"model":"pswg:item/glass_6"},{"predicate":{"custom_model_data":38.0},"model":"botania:item/goddess_charm"},{"predicate":{"custom_model_data":39.0},"model":"halfdoors:item/gold_door_nugget"},{"predicate":{"custom_model_data":39.0,"empty":1.0},"model":"halfdoors:item/gold_door_nugget_empty"},{"predicate":{"custom_model_data":40.0},"model":"terrariamod:item/gold_shortsword"},{"predicate":{"custom_model_data":41.0},"model":"gravitychanger:item/gravity_changer_west"},{"predicate":{"custom_model_data":42.0},"model":"archon:item/grimoire"},{"predicate":{"custom_model_data":43.0},"model":"bewitchment:item/heaven_extract"},{"predicate":{"custom_model_data":44.0},"model":"pswg:item/helicite_dust"},{"predicate":{"custom_model_data":45.0},"model":"botania:item/holy_cloak"},{"predicate":{"custom_model_data":46.0},"model":"botania:item/horn_grass"},{"predicate":{"custom_model_data":46.0,"botania:vuvuzela":1.0},"model":"botania:item/vuvuzela"},{"predicate":{"custom_model_data":47.0},"model":"spacefactory:item/hyper_ai_core"},{"predicate":{"custom_model_data":48.0},"model":"botania:item/incense_stick"},{"predicate":{"custom_model_data":49.0},"model":"pswg:item/insulated_desh_cable"},{"predicate":{"custom_model_data":50.0},"model":"pswg:item/ionite_nugget"},{"predicate":{"custom_model_data":51.0},"model":"create:item/iron_sheet"},{"predicate":{"custom_model_data":52.0},"model":"botania:item/itemfinder"},{"predicate":{"custom_model_data":53.0},"model":"sandwichable:item/kitchen_knife"},{"predicate":{"custom_model_data":54.0},"model":"refmagic:item/kyrite_powder"},{"predicate":{"custom_model_data":55.0},"model":"botania:item/lens_light"},{"predicate":{"custom_model_data":56.0},"model":"botania:item/lens_time"},{"predicate":{"custom_model_data":57.0},"model":"minecraft:item/barrier"},{"predicate":{"custom_model_data":58.0},"model":"consistency_plus:item/light_gray_dyed_bundle"},{"predicate":{"custom_model_data":58.0,"filled":0.001},"model":"consistency_plus:item/light_gray_dyed_bundle_filled"},{"predicate":{"custom_model_data":59.0},"model":"bewitchment:item/lilith_spawn_egg"},{"predicate":{"custom_model_data":60.0},"model":"consistency_plus:item/lime_terracotta_brick"},{"predicate":{"custom_model_data":61.0},"model":"botania:item/loki_ring"},{"predicate":{"custom_model_data":62.0},"model":"botania:item/magnet_ring_greater"},{"predicate":{"custom_model_data":63.0},"model":"botania:item/mana_diamond"},{"predicate":{"custom_model_data":64.0},"model":"bewitchment:item/mending_sigil"},{"predicate":{"custom_model_data":65.0},"model":"milk:item/milk_bottle"},{"predicate":{"custom_model_data":66.0},"model":"minecraft:item/barrier"},{"predicate":{"custom_model_data":67.0},"model":"minecraft:item/barrier"},{"predicate":{"custom_model_data":68.0},"model":"botania:item/monocle"},{"predicate":{"custom_model_data":69.0},"model":"bingbingwahoo:item/music_disc_slider"},{"predicate":{"custom_model_data":70.0},"model":"sandwichable:item/netherite_kitchen_knife"},{"predicate":{"custom_model_data":71.0},"model":"rocks:item/netherrack_splitter"},{"predicate":{"custom_model_data":72.0},"model":"bagels_baking:item/pasta_dough"},{"predicate":{"custom_model_data":73.0},"model":"minecraft:item/barrier"},{"predicate":{"custom_model_data":74.0},"model":"archon:item/pixie_leaves"},{"predicate":{"custom_model_data":75.0},"model":"bagels_baking:item/plate"},{"predicate":{"custom_model_data":76.0},"model":"create:item/polished_rose_quartz"},{"predicate":{"custom_model_data":77.0},"model":"portalcubed:item/portal_gun_frame"},{"predicate":{"custom_model_data":78.0},"model":"create:item/precision_mechanism"},{"predicate":{"custom_model_data":79.0},"model":"hexcasting:item/pride_colorizer_genderqueer"},{"predicate":{"custom_model_data":80.0},"model":"wiredredstone:item/purple_bundled_cable"},{"predicate":{"custom_model_data":81.0},"model":"tot:item/raven_spawn_egg"},{"predicate":{"custom_model_data":82.0},"model":"automobility:item/rear_attachment"},{"predicate":{"custom_model_data":83.0},"model":"consistency_plus:item/red_sandstone_brick"},{"predicate":{"custom_model_data":84.0},"model":"rocks:item/red_sandstone_splitter"},{"predicate":{"custom_model_data":85.0},"model":"spacefactory:item/refined_iron_ingot"},{"predicate":{"custom_model_data":86.0},"model":"arcanus:item/rough_fae_stone"},{"predicate":{"custom_model_data":87.0},"model":"botania:item/rune_pride"},{"predicate":{"custom_model_data":88.0},"model":"ecotones:item/sap_ball"},{"predicate":{"custom_model_data":89.0},"model":"minecraft:item/barrier"},{"predicate":{"custom_model_data":90.0},"model":"minecraft:item/barrier"},{"predicate":{"custom_model_data":91.0},"model":"minecraft:item/barrier"},{"predicate":{"custom_model_data":92.0},"model":"minecraft:item/barrier"},{"predicate":{"custom_model_data":93.0},"model":"additionalbanners:item/shield"},{"predicate":{"custom_model_data":94.0},"model":"bewitchment:item/shrieking_sigil"},{"predicate":{"custom_model_data":95.0},"model":"minecraft:item/barrier"},{"predicate":{"custom_model_data":96.0},"model":"minecraft:item/barrier"},{"predicate":{"custom_model_data":97.0},"model":"minecraft:item/barrier"},{"predicate":{"custom_model_data":98.0},"model":"minecraft:item/barrier"},{"predicate":{"custom_model_data":99.0},"model":"bewitchment:item/slippery_sigil"},{"predicate":{"custom_model_data":100.0},"model":"botania:item/spark_upgrade_dispersive"},{"predicate":{"custom_model_data":101.0},"model":"archon:item/spry_dust"},{"predicate":{"custom_model_data":102.0},"model":"pswg:item/stripped_japor_branch"},{"predicate":{"custom_model_data":103.0},"model":"extended_drawers:item/t1_upgrade"},{"predicate":{"custom_model_data":104.0},"model":"botania:item/thor_ring"},{"predicate":{"custom_model_data":105.0},"model":"bewitchment:item/toad_spawn_egg"},{"predicate":{"custom_model_data":106.0},"model":"chocolatebar:item/toolchain_wrapping_paper"},{"predicate":{"custom_model_data":107.0},"model":"botania:item/travel_belt"},{"predicate":{"custom_model_data":108.0},"model":"pswg:item/turbine"},{"predicate":{"custom_model_data":109.0},"model":"purpeille:item/ultraviolet_prism"},{"predicate":{"custom_model_data":110.0},"model":"minecraft:item/barrier"},{"predicate":{"custom_model_data":111.0},"model":"hexcasting:item/wand_acacia"},{"predicate":{"custom_model_data":111.0,"hexcasting:funny_level":0.0},"model":"hexcasting:item/wand_acacia"},{"predicate":{"custom_model_data":111.0,"hexcasting:funny_level":1.0},"model":"hexcasting:item/wand_old"},{"predicate":{"custom_model_data":111.0,"hexcasting:funny_level":2.0},"model":"hexcasting:item/wand_bosnia"},{"predicate":{"custom_model_data":112.0},"model":"spacefactory:item/warp_prism"},{"predicate":{"custom_model_data":113.0},"model":"terrariamod:item/water_bottle"},{"predicate":{"custom_model_data":114.0},"model":"bewitchment:item/werewolf_spawn_egg"},{"predicate":{"custom_model_data":115.0},"model":"decorative:item/yellow_bath_tire"},{"predicate":{"custom_model_data":116.0},"model":"pswg:item/yellow_cup"},{"predicate":{"custom_model_data":117.0},"model":"pswg:item/zersium_crystal"}]}