{"parent":"item/generated","textures":{"layer0":"item/heart_of_the_sea"},"overrides":[{"predicate":{"custom_model_data":1.0},"model":"hexcasting:item/abacus"},{"predicate":{"custom_model_data":2.0},"model":"additionalbanners:item/anchor"},{"predicate":{"custom_model_data":3.0},"model":"botania:item/ancient_will_guthan"},{"predicate":{"custom_model_data":4.0},"model":"aurorasdeco:item/azalea_boat"},{"predicate":{"custom_model_data":5.0},"model":"pswg:item/bantha_horn"},{"predicate":{"custom_model_data":6.0},"model":"bwplus:item/bloodroot_item"},{"predicate":{"custom_model_data":7.0},"model":"terrariamod:item/boss_one_disc"},{"predicate":{"custom_model_data":8.0},"model":"create:item/brass_hand"},{"predicate":{"custom_model_data":9.0},"model":"consistency_plus:item/calcite_brick"},{"predicate":{"custom_model_data":10.0},"model":"archon:item/channeler"},{"predicate":{"custom_model_data":11.0},"model":"pswg:item/chromium_nugget"},{"predicate":{"custom_model_data":12.0},"model":"botania:item/cloud_pendant"},{"predicate":{"custom_model_data":13.0},"model":"rocks:item/cobblestone_splitter"},{"predicate":{"custom_model_data":14.0},"model":"portalcubed:item/companion_cube"},{"predicate":{"custom_model_data":15.0},"model":"oxidized:item/copper_golem_spawn_egg"},{"predicate":{"custom_model_data":16.0},"model":"pswg:item/cortosis_ingot"},{"predicate":{"custom_model_data":17.0},"model":"botania:item/cosmetic_devil_tail"},{"predicate":{"custom_model_data":18.0},"model":"botania:item/cosmetic_polka_dotted_bows"},{"predicate":{"custom_model_data":19.0},"model":"create:item/crushed_lead_ore"},{"predicate":{"custom_model_data":20.0},"model":"consistency_plus:item/cyan_concrete_brick"},{"predicate":{"custom_model_data":21.0},"model":"wiredredstone:item/cyan_insulated_wire"},{"predicate":{"custom_model_data":22.0},"model":"bewitchment:item/cypress_broom"},{"predicate":{"custom_model_data":23.0},"model":"terrariamod:item/day_one_disc"},{"predicate":{"custom_model_data":24.0},"model":"minecraft:item/barrier"},{"predicate":{"custom_model_data":25.0},"model":"hexcasting:item/dye_colorizer_black"},{"predicate":{"custom_model_data":26.0},"model":"hexcasting:item/dye_colorizer_purple"},{"predicate":{"custom_model_data":27.0},"model":"create:item/electron_tube"},{"predicate":{"custom_model_data":28.0},"model":"create:item/empty_schematic"},{"predicate":{"custom_model_data":29.0},"model":"pswg:item/exonium"},{"predicate":{"custom_model_data":30.0},"model":"pswg:item/faa_bucket"},{"predicate":{"custom_model_data":31.0},"model":"campanion:item/flare"},{"predicate":{"custom_model_data":32.0},"model":"wiredredstone:item/gate_not"},{"predicate":{"custom_model_data":33.0},"model":"pswg:item/glass_bottle_1"},{"predicate":{"custom_model_data":34.0},"model":"consistency_plus:item/glow_ink_sac"},{"predicate":{"custom_model_data":35.0},"model":"terrariamod:item/gold_bar"},{"predicate":{"custom_model_data":36.0},"model":"gravitychanger:item/gravity_changer_east"},{"predicate":{"custom_model_data":37.0},"model":"wiredredstone:item/green_bundled_cable"},{"predicate":{"custom_model_data":38.0},"model":"consistency_plus:item/green_terracotta_brick"},{"predicate":{"custom_model_data":39.0},"model":"bagels_baking:item/ground_tea"},{"predicate":{"custom_model_data":40.0},"model":"bewitchment:item/hellish_bauble"},{"predicate":{"custom_model_data":41.0},"model":"create:item/honey_bucket"},{"predicate":{"custom_model_data":42.0},"model":"botania:item/ice_pendant"},{"predicate":{"custom_model_data":43.0},"model":"create:item/incomplete_large_cogwheel"},{"predicate":{"custom_model_data":44.0},"model":"spacefactory:item/iridium_ingot"},{"predicate":{"custom_model_data":45.0},"model":"botania:item/keep_ivy"},{"predicate":{"custom_model_data":46.0},"model":"pswg:item/krayt_pearl"},{"predicate":{"custom_model_data":47.0},"model":"campanion:item/large_unbuilt_tent"},{"predicate":{"custom_model_data":48.0},"model":"botania:item/lens_damage"},{"predicate":{"custom_model_data":49.0},"model":"botania:item/lens_normal"},{"predicate":{"custom_model_data":50.0},"model":"bewitchment:item/leonard_spawn_egg"},{"predicate":{"custom_model_data":51.0},"model":"terrariamod:item/life_crystal"},{"predicate":{"custom_model_data":52.0},"model":"consistency_plus:item/light_blue_terracotta_brick"},{"predicate":{"custom_model_data":53.0},"model":"pswg:item/light_panel"},{"predicate":{"custom_model_data":54.0},"model":"wiredredstone:item/lime_bundled_cable"},{"predicate":{"custom_model_data":55.0},"model":"consistency_plus:item/magenta_terracotta_brick"},{"predicate":{"custom_model_data":56.0},"model":"ecotones:item/maple_sap_jar"},{"predicate":{"custom_model_data":57.0},"model":"incorporeal:item/matcher_conjurer"},{"predicate":{"custom_model_data":58.0},"model":"transpositioners:item/module_base_mk2"},{"predicate":{"custom_model_data":59.0},"model":"bagels_baking:item/molasses"},{"predicate":{"custom_model_data":60.0},"model":"decorative:item/orange_bath_tire"},{"predicate":{"custom_model_data":61.0},"model":"pswg:item/orange_cup"},{"predicate":{"custom_model_data":62.0},"model":"consistency_plus:item/orange_terracotta_brick"},{"predicate":{"custom_model_data":63.0},"model":"botania:item/pattern_2_1"},{"predicate":{"custom_model_data":64.0},"model":"minecraft:item/barrier"},{"predicate":{"custom_model_data":65.0},"model":"archon:item/pixie_leaves"},{"predicate":{"custom_model_data":66.0},"model":"bagels_baking:item/plate"},{"predicate":{"custom_model_data":67.0},"model":"create:item/polished_rose_quartz"},{"predicate":{"custom_model_data":68.0},"model":"portalcubed:item/portal_gun_frame"},{"predicate":{"custom_model_data":69.0},"model":"create:item/precision_mechanism"},{"predicate":{"custom_model_data":70.0},"model":"hexcasting:item/pride_colorizer_genderqueer"},{"predicate":{"custom_model_data":71.0},"model":"wiredredstone:item/purple_bundled_cable"},{"predicate":{"custom_model_data":72.0},"model":"spacefactory:item/quantum_circuit"},{"predicate":{"custom_model_data":73.0},"model":"botania:item/quartz_elven"},{"predicate":{"custom_model_data":74.0},"model":"chocolatebar:item/quilty_wrapping_paper"},{"predicate":{"custom_model_data":75.0},"model":"pswg:item/raw_desh"},{"predicate":{"custom_model_data":76.0},"model":"witherite_plus:item/refined_witherite"},{"predicate":{"custom_model_data":77.0},"model":"purpeille:item/remnant_brick"},{"predicate":{"custom_model_data":78.0},"model":"refmagic:item/rose_quartz"},{"predicate":{"custom_model_data":79.0},"model":"botania:item/rune_envy"},{"predicate":{"custom_model_data":80.0},"model":"botania:item/rune_wrath"},{"predicate":{"custom_model_data":81.0},"model":"minecraft:item/barrier"},{"predicate":{"custom_model_data":82.0},"model":"minecraft:item/barrier"},{"predicate":{"custom_model_data":83.0},"model":"minecraft:item/barrier"},{"predicate":{"custom_model_data":84.0},"model":"minecraft:item/barrier"},{"predicate":{"custom_model_data":85.0},"model":"minecraft:item/barrier"},{"predicate":{"custom_model_data":86.0},"model":"minecraft:item/barrier"},{"predicate":{"custom_model_data":87.0},"model":"minecraft:item/barrier"},{"predicate":{"custom_model_data":88.0},"model":"minecraft:item/barrier"},{"predicate":{"custom_model_data":89.0},"model":"pswg:item/small_power_pack"},{"predicate":{"custom_model_data":90.0},"model":"rocks:item/soul_soil_splitter"},{"predicate":{"custom_model_data":91.0},"model":"pswg:item/spawn_faa"},{"predicate":{"custom_model_data":92.0},"model":"consistency_plus:item/stone_brick"},{"predicate":{"custom_model_data":93.0},"model":"sandwichable:item/stone_kitchen_knife"},{"predicate":{"custom_model_data":94.0},"model":"bagels_baking:item/sugar_water"},{"predicate":{"custom_model_data":95.0},"model":"botania:item/super_lava_pendant"},{"predicate":{"custom_model_data":96.0},"model":"culinaire:item/tea_bag"},{"predicate":{"custom_model_data":97.0},"model":"botania:item/thorn_chakram"},{"predicate":{"custom_model_data":98.0},"model":"darkutils:item/tome_runelic"},{"predicate":{"custom_model_data":99.0},"model":"pswg:item/tough_hide"},{"predicate":{"custom_model_data":100.0},"model":"transpositioners:item/transpositioner_mk3"},{"predicate":{"custom_model_data":101.0},"model":"haema:item/vampire_blood_injector"},{"predicate":{"custom_model_data":102.0},"model":"consistency_plus:item/white_terracotta_brick"}]}