{"parent":"item/generated","textures":{"layer0":"item/heart_of_the_sea"},"overrides":[{"predicate":{"custom_model_data":1.0},"model":"hexcasting:item/abacus"},{"predicate":{"custom_model_data":2.0},"model":"botania:item/ancient_will_torag"},{"predicate":{"custom_model_data":3.0},"model":"botania:item/astrolabe"},{"predicate":{"custom_model_data":4.0},"model":"aurorasdeco:item/azalea_boat"},{"predicate":{"custom_model_data":5.0},"model":"pswg:item/bantha_horn"},{"predicate":{"custom_model_data":6.0},"model":"archon:item/boss_soul"},{"predicate":{"custom_model_data":7.0},"model":"create:item/brass_ingot"},{"predicate":{"custom_model_data":8.0},"model":"bwplus:item/cambion_spawn_egg"},{"predicate":{"custom_model_data":9.0},"model":"minecraft:item/barrier"},{"predicate":{"custom_model_data":10.0},"model":"bagels_baking:item/cocoa_powder"},{"predicate":{"custom_model_data":11.0},"model":"oxidized:item/copper_golem_spawn_egg"},{"predicate":{"custom_model_data":12.0},"model":"pswg:item/cortosis_ingot"},{"predicate":{"custom_model_data":13.0},"model":"botania:item/cosmetic_devil_tail"},{"predicate":{"custom_model_data":14.0},"model":"botania:item/cosmetic_polka_dotted_bows"},{"predicate":{"custom_model_data":15.0},"model":"create:item/crushed_lead_ore"},{"predicate":{"custom_model_data":16.0},"model":"consistency_plus:item/cyan_concrete_brick"},{"predicate":{"custom_model_data":17.0},"model":"wiredredstone:item/cyan_insulated_wire"},{"predicate":{"custom_model_data":18.0},"model":"bewitchment:item/cypress_broom"},{"predicate":{"custom_model_data":19.0},"model":"terrariamod:item/day_one_disc"},{"predicate":{"custom_model_data":20.0},"model":"pswg:item/dewback_bone_shard"},{"predicate":{"custom_model_data":21.0},"model":"pswg:item/diatium_nugget"},{"predicate":{"custom_model_data":22.0},"model":"halfdoors:item/door_launcher"},{"predicate":{"custom_model_data":22.0,"open":1.0},"model":"halfdoors:item/door_launcher_open"},{"predicate":{"custom_model_data":23.0},"model":"bewitchment:item/dragons_blood_broom"},{"predicate":{"custom_model_data":24.0},"model":"hexcasting:item/dye_colorizer_black"},{"predicate":{"custom_model_data":25.0},"model":"hexcasting:item/dye_colorizer_purple"},{"predicate":{"custom_model_data":26.0},"model":"create:item/electron_tube"},{"predicate":{"custom_model_data":27.0},"model":"create:item/empty_schematic"},{"predicate":{"custom_model_data":28.0},"model":"pswg:item/eye_of_sketto"},{"predicate":{"custom_model_data":29.0},"model":"botania:item/fertilizer"},{"predicate":{"custom_model_data":30.0},"model":"transpositioners:item/gate_module_base_mk3"},{"predicate":{"custom_model_data":31.0},"model":"pswg:item/glass_9"},{"predicate":{"custom_model_data":32.0},"model":"terrariamod:item/gold_axe"},{"predicate":{"custom_model_data":33.0},"model":"gravitychanger:item/gravity_changer_down_aoe"},{"predicate":{"custom_model_data":34.0},"model":"decorative:item/gray_bath_tire"},{"predicate":{"custom_model_data":35.0},"model":"pswg:item/gray_cup"},{"predicate":{"custom_model_data":36.0},"model":"wiredredstone:item/gray_insulated_wire"},{"predicate":{"custom_model_data":37.0},"model":"bagels_baking:item/ground_coffee"},{"predicate":{"custom_model_data":38.0},"model":"bewitchment:item/hellish_bauble"},{"predicate":{"custom_model_data":39.0},"model":"create:item/honey_bucket"},{"predicate":{"custom_model_data":40.0},"model":"botania:item/ice_pendant"},{"predicate":{"custom_model_data":41.0},"model":"create:item/incomplete_large_cogwheel"},{"predicate":{"custom_model_data":42.0},"model":"sandwichable:item/intoxicating_cheese_culture_bottle"},{"predicate":{"custom_model_data":43.0},"model":"spacefactory:item/iridium_dust"},{"predicate":{"custom_model_data":44.0},"model":"terrariamod:item/ironskin_potion"},{"predicate":{"custom_model_data":45.0},"model":"bewitchment:item/juniper_bark"},{"predicate":{"custom_model_data":46.0},"model":"campanion:item/leather_pouch"},{"predicate":{"custom_model_data":47.0},"model":"botania:item/lens_bounce"},{"predicate":{"custom_model_data":48.0},"model":"botania:item/lens_mine"},{"predicate":{"custom_model_data":49.0},"model":"botania:item/lens_weight"},{"predicate":{"custom_model_data":50.0},"model":"pswg:item/lommite_dust"},{"predicate":{"custom_model_data":51.0},"model":"botania:item/manaweave_cloth"},{"predicate":{"custom_model_data":52.0},"model":"ecotones:item/maple_sap"},{"predicate":{"custom_model_data":53.0},"model":"culinaire:item/milk_chocolate_bottle"},{"predicate":{"custom_model_data":54.0},"model":"minecraft:item/barrier"},{"predicate":{"custom_model_data":55.0},"model":"spacefactory:item/netherite_scrap_dust"},{"predicate":{"custom_model_data":56.0},"model":"botania:item/obedience_stick"},{"predicate":{"custom_model_data":57.0},"model":"witherite_plus:item/organic_witherite"},{"predicate":{"custom_model_data":58.0},"model":"bewitchment:item/owl_spawn_egg"},{"predicate":{"custom_model_data":59.0},"model":"botania:item/pattern_1_3"},{"predicate":{"custom_model_data":60.0},"model":"consistency_plus:item/pink_terracotta_brick"},{"predicate":{"custom_model_data":61.0},"model":"botania:item/placeholder"},{"predicate":{"custom_model_data":62.0},"model":"hexcasting:item/pride_colorizer_agender"},{"predicate":{"custom_model_data":63.0},"model":"hexcasting:item/pride_colorizer_nonbinary"},{"predicate":{"custom_model_data":64.0},"model":"create:item/propeller"},{"predicate":{"custom_model_data":65.0},"model":"consistency_plus:item/purple_concrete_brick"},{"predicate":{"custom_model_data":66.0},"model":"wiredredstone:item/purple_insulated_wire"},{"predicate":{"custom_model_data":67.0},"model":"qcraft:item/quantum_dust"},{"predicate":{"custom_model_data":68.0},"model":"pswg:item/raw_rubindum"},{"predicate":{"custom_model_data":69.0},"model":"bagels_baking:item/rice"},{"predicate":{"custom_model_data":70.0},"model":"botania:item/rune_air"},{"predicate":{"custom_model_data":71.0},"model":"botania:item/rune_summer"},{"predicate":{"custom_model_data":72.0},"model":"sandwichable:item/salt_rock"},{"predicate":{"custom_model_data":73.0},"model":"minecraft:item/barrier"},{"predicate":{"custom_model_data":74.0},"model":"minecraft:item/barrier"},{"predicate":{"custom_model_data":75.0},"model":"minecraft:item/barrier"},{"predicate":{"custom_model_data":76.0},"model":"minecraft:item/barrier"},{"predicate":{"custom_model_data":77.0},"model":"botania:item/sextant"},{"predicate":{"custom_model_data":78.0},"model":"minecraft:item/barrier"},{"predicate":{"custom_model_data":79.0},"model":"minecraft:item/barrier"},{"predicate":{"custom_model_data":80.0},"model":"minecraft:item/barrier"},{"predicate":{"custom_model_data":81.0},"model":"minecraft:item/barrier"},{"predicate":{"custom_model_data":82.0},"model":"campanion:item/skipping_stone"},{"predicate":{"custom_model_data":83.0},"model":"bewitchment:item/smelly_sigil"},{"predicate":{"custom_model_data":84.0},"model":"additionalbanners:item/snowflake"},{"predicate":{"custom_model_data":85.0},"model":"incorporeal:item/soul_core_frame"},{"predicate":{"custom_model_data":86.0},"model":"botania:item/spark_upgrade_recessive"},{"predicate":{"custom_model_data":87.0},"model":"spacefactory:item/stone_dust"},{"predicate":{"custom_model_data":88.0},"model":"archon:item/super_experience_pouch"},{"predicate":{"custom_model_data":89.0},"model":"extended_drawers:item/t4_upgrade"},{"predicate":{"custom_model_data":90.0},"model":"botania:item/terrasteel_ingot"},{"predicate":{"custom_model_data":91.0},"model":"pswg:item/thorilide_dust"},{"predicate":{"custom_model_data":92.0},"model":"darkutils:item/tome_enchanting"},{"predicate":{"custom_model_data":93.0},"model":"transpositioners:item/transpositioner_configurator"},{"predicate":{"custom_model_data":94.0},"model":"ecotones:item/turpentine"},{"predicate":{"custom_model_data":95.0},"model":"terrariamod:item/underground_disc"},{"predicate":{"custom_model_data":96.0},"model":"minecraft:item/barrier"},{"predicate":{"custom_model_data":97.0},"model":"hexcasting:item/wand_crimson"},{"predicate":{"custom_model_data":97.0,"hexcasting:funny_level":0.0},"model":"hexcasting:item/wand_crimson"},{"predicate":{"custom_model_data":97.0,"hexcasting:funny_level":1.0},"model":"hexcasting:item/wand_old"},{"predicate":{"custom_model_data":97.0,"hexcasting:funny_level":2.0},"model":"hexcasting:item/wand_bosnia"},{"predicate":{"custom_model_data":98.0},"model":"decorative:item/white_bath_tire"}]}