{"parent":"item/generated","textures":{"layer0":"item/iron_nugget"},"overrides":[{"predicate":{"botania:active":1.0,"custom_model_data":48.0},"model":"botania:item/magnet_ring_active"},{"predicate":{"custom_model_data":1.0},"model":"botania:item/ancient_will_ahrim"},{"predicate":{"custom_model_data":2.0},"model":"consistency_plus:item/andesite_brick"},{"predicate":{"custom_model_data":3.0},"model":"botania:item/auto_crafting_halo"},{"predicate":{"custom_model_data":4.0},"model":"decorative:item/beach_ball"},{"predicate":{"custom_model_data":5.0},"model":"terrariamod:item/blue_slime_spawn_egg"},{"predicate":{"custom_model_data":6.0},"model":"bitsandchisels:item/blueprint"},{"predicate":{"custom_model_data":7.0},"model":"bewitchment:item/book_of_shadows"},{"predicate":{"custom_model_data":8.0},"model":"create:item/builders_tea"},{"predicate":{"custom_model_data":9.0},"model":"create:item/chromatic_compound"},{"predicate":{"custom_model_data":10.0},"model":"refmagic:item/citrine"},{"predicate":{"custom_model_data":11.0},"model":"botania:item/clip"},{"predicate":{"custom_model_data":12.0},"model":"spacefactory:item/copper_dust"},{"predicate":{"custom_model_data":13.0},"model":"create:item/copper_nugget"},{"predicate":{"custom_model_data":14.0},"model":"bagels_baking:item/corn_cereal"},{"predicate":{"custom_model_data":15.0},"model":"botania:item/cosmetic_botanist_emblem"},{"predicate":{"custom_model_data":16.0},"model":"botania:item/cosmetic_kamui_eye"},{"predicate":{"custom_model_data":17.0},"model":"botania:item/cosmetic_unicorn_horn"},{"predicate":{"custom_model_data":18.0},"model":"create:item/creative_blaze_cake"},{"predicate":{"custom_model_data":19.0},"model":"create:item/crushed_aluminum_ore"},{"predicate":{"custom_model_data":20.0},"model":"create:item/crushed_zinc_ore"},{"predicate":{"custom_model_data":21.0},"model":"spacefactory:item/crystalite_dust"},{"predicate":{"custom_model_data":22.0},"model":"bewitchment:item/demon_spawn_egg"},{"predicate":{"custom_model_data":23.0},"model":"pswg:item/desh_wire"},{"predicate":{"custom_model_data":24.0},"model":"promenade:item/duck_spawn_egg"},{"predicate":{"custom_model_data":25.0},"model":"pswg:item/durasteel_nugget"},{"predicate":{"custom_model_data":26.0},"model":"hexcasting:item/dye_colorizer_lime"},{"predicate":{"custom_model_data":27.0},"model":"terrariamod:item/eoc_bag"},{"predicate":{"custom_model_data":28.0},"model":"consistency_plus:item/exposed_copper_brick"},{"predicate":{"custom_model_data":29.0},"model":"bewitchment:item/extending_sigil"},{"predicate":{"custom_model_data":30.0},"model":"terrariamod:item/flaming_arrow"},{"predicate":{"custom_model_data":31.0},"model":"pswg:item/glass_5"},{"predicate":{"custom_model_data":32.0},"model":"terrariamod:item/gold_crown"},{"predicate":{"custom_model_data":33.0},"model":"gravitychanger:item/gravity_changer_up_aoe"},{"predicate":{"custom_model_data":34.0},"model":"consistency_plus:item/gray_terracotta_brick"},{"predicate":{"custom_model_data":35.0},"model":"terrariamod:item/green_slime_spawn_egg"},{"predicate":{"custom_model_data":36.0},"model":"bewitchment:item/grim_elixir"},{"predicate":{"custom_model_data":37.0},"model":"archon:item/heaven_dial"},{"predicate":{"custom_model_data":38.0},"model":"pswg:item/helicite_crystal"},{"predicate":{"custom_model_data":39.0},"model":"botania:item/infused_seeds"},{"predicate":{"custom_model_data":40.0},"model":"pswg:item/ionite_ingot"},{"predicate":{"custom_model_data":41.0},"model":"terrariamod:item/king_slime_bag"},{"predicate":{"custom_model_data":42.0},"model":"botania:item/lens_influence"},{"predicate":{"custom_model_data":43.0},"model":"botania:item/lens_storm"},{"predicate":{"custom_model_data":44.0},"model":"consistency_plus:item/light_blue_concrete_brick"},{"predicate":{"custom_model_data":45.0},"model":"wiredredstone:item/light_blue_insulated_wire"},{"predicate":{"custom_model_data":46.0},"model":"consistency_plus:item/magenta_concrete_brick"},{"predicate":{"custom_model_data":47.0},"model":"wiredredstone:item/magenta_insulated_wire"},{"predicate":{"custom_model_data":48.0},"model":"botania:item/magnet_ring"},{"predicate":{"custom_model_data":49.0},"model":"botania:item/mana_powder"},{"predicate":{"custom_model_data":50.0},"model":"culinaire:item/milk_bottle"},{"predicate":{"custom_model_data":51.0},"model":"create:item/minecart_coupling"},{"predicate":{"custom_model_data":52.0},"model":"minecraft:item/barrier"},{"predicate":{"custom_model_data":53.0},"model":"bwplus:item/music_disc_petals"},{"predicate":{"custom_model_data":54.0},"model":"botania:item/mycelium_seeds"},{"predicate":{"custom_model_data":55.0},"model":"consistency_plus:item/netherite_horse_armor"},{"predicate":{"custom_model_data":56.0},"model":"bewitchment:item/oak_bark"},{"predicate":{"custom_model_data":57.0},"model":"wiredredstone:item/orange_bundled_cable"},{"predicate":{"custom_model_data":58.0},"model":"arcanus:item/passable_fae_stone"},{"predicate":{"custom_model_data":59.0},"model":"botania:item/pixie_dust"},{"predicate":{"custom_model_data":60.0},"model":"pswg:item/plastic_bottle_2"},{"predicate":{"custom_model_data":61.0},"model":"portalcubed:item/portal_gun_casing"},{"predicate":{"custom_model_data":62.0},"model":"hexcasting:item/pride_colorizer_4"},{"predicate":{"custom_model_data":63.0},"model":"consistency_plus:item/purpur_brick"},{"predicate":{"custom_model_data":64.0},"model":"spacefactory:item/quantum_circuit"},{"predicate":{"custom_model_data":65.0},"model":"pswg:item/raw_beskar"},{"predicate":{"custom_model_data":66.0},"model":"pswg:item/raw_kelerium"},{"predicate":{"custom_model_data":67.0},"model":"botania:item/record_gaia_1"},{"predicate":{"custom_model_data":68.0},"model":"botania:item/rune_sloth"},{"predicate":{"custom_model_data":69.0},"model":"minecraft:item/barrier"},{"predicate":{"custom_model_data":70.0},"model":"minecraft:item/barrier"},{"predicate":{"custom_model_data":71.0},"model":"minecraft:item/barrier"},{"predicate":{"custom_model_data":72.0},"model":"minecraft:item/barrier"},{"predicate":{"custom_model_data":73.0},"model":"bewitchment:item/sentinel_sigil"},{"predicate":{"custom_model_data":74.0},"model":"minecraft:item/barrier"},{"predicate":{"custom_model_data":75.0},"model":"minecraft:item/barrier"},{"predicate":{"custom_model_data":76.0},"model":"minecraft:item/barrier"},{"predicate":{"custom_model_data":77.0},"model":"minecraft:item/barrier"},{"predicate":{"custom_model_data":78.0},"model":"bewitchment:item/silver_arrow"},{"predicate":{"custom_model_data":79.0},"model":"archon:item/soul_core_boss"},{"predicate":{"custom_model_data":80.0},"model":"botania:item/spark_upgrade_dominant"},{"predicate":{"custom_model_data":81.0},"model":"additionalbanners:item/squares"},{"predicate":{"custom_model_data":82.0},"model":"extended_drawers:item/t2_upgrade"},{"predicate":{"custom_model_data":83.0},"model":"botania:item/thor_ring"},{"predicate":{"custom_model_data":84.0},"model":"bagels_baking:item/tomato_sauce"},{"predicate":{"custom_model_data":85.0},"model":"bewitchment:item/wood_ash"},{"predicate":{"custom_model_data":86.0},"model":"create:item/wrench"}]}