{"parent":"item/generated","textures":{"layer0":"item/iron_nugget"},"overrides":[{"predicate":{"custom_model_data":1.0},"model":"create:item/andesite_alloy"},{"predicate":{"botania:active":1.0,"custom_model_data":51.0},"model":"botania:item/magnet_ring_greater_active"},{"predicate":{"custom_model_data":2.0},"model":"botania:item/aura_ring_greater"},{"predicate":{"custom_model_data":3.0},"model":"decorative:item/beach_ball"},{"predicate":{"custom_model_data":4.0},"model":"consistency_plus:item/blue_concrete_brick"},{"predicate":{"custom_model_data":5.0},"model":"wiredredstone:item/blue_insulated_wire"},{"predicate":{"custom_model_data":6.0},"model":"wiredredstone:item/brown_bundled_cable"},{"predicate":{"custom_model_data":7.0},"model":"create:item/chocolate_bucket"},{"predicate":{"custom_model_data":8.0},"model":"spacefactory:item/circuit"},{"predicate":{"custom_model_data":9.0},"model":"botania:item/cobble_rod"},{"predicate":{"custom_model_data":10.0},"model":"spacefactory:item/copper_dust"},{"predicate":{"custom_model_data":11.0},"model":"create:item/copper_nugget"},{"predicate":{"custom_model_data":12.0},"model":"bagels_baking:item/corn_cereal"},{"predicate":{"custom_model_data":13.0},"model":"botania:item/cosmetic_botanist_emblem"},{"predicate":{"custom_model_data":14.0},"model":"botania:item/cosmetic_kamui_eye"},{"predicate":{"custom_model_data":15.0},"model":"botania:item/cosmetic_unicorn_horn"},{"predicate":{"custom_model_data":16.0},"model":"create:item/creative_blaze_cake"},{"predicate":{"custom_model_data":17.0},"model":"create:item/crushed_aluminum_ore"},{"predicate":{"custom_model_data":18.0},"model":"create:item/crushed_zinc_ore"},{"predicate":{"custom_model_data":19.0},"model":"spacefactory:item/crystalite_dust"},{"predicate":{"custom_model_data":20.0},"model":"matchbox:item/detacher"},{"predicate":{"custom_model_data":21.0},"model":"rocks:item/diorite_splitter"},{"predicate":{"custom_model_data":22.0},"model":"mbembe:item/dodo_spawn_egg"},{"predicate":{"custom_model_data":23.0},"model":"bwplus:item/dragonblood_staff"},{"predicate":{"custom_model_data":24.0},"model":"botania:item/dreamwood_wand"},{"predicate":{"custom_model_data":24.0,"botania:bindmode":1.0},"model":"botania:item/dreamwood_wand_bind"},{"predicate":{"custom_model_data":25.0},"model":"promenade:item/duck_spawn_egg"},{"predicate":{"custom_model_data":26.0},"model":"pswg:item/durasteel_nugget"},{"predicate":{"custom_model_data":27.0},"model":"hexcasting:item/dye_colorizer_lime"},{"predicate":{"custom_model_data":28.0},"model":"incorporeal:item/fractured_space_rod"},{"predicate":{"custom_model_data":29.0},"model":"wiredredstone:item/gate_diode"},{"predicate":{"custom_model_data":30.0},"model":"pswg:item/glass_6"},{"predicate":{"custom_model_data":31.0},"model":"botania:item/goddess_charm"},{"predicate":{"custom_model_data":32.0},"model":"halfdoors:item/gold_door_nugget"},{"predicate":{"custom_model_data":32.0,"empty":1.0},"model":"halfdoors:item/gold_door_nugget_empty"},{"predicate":{"custom_model_data":33.0},"model":"terrariamod:item/gold_shortsword"},{"predicate":{"custom_model_data":34.0},"model":"gravitychanger:item/gravity_changer_west"},{"predicate":{"custom_model_data":35.0},"model":"archon:item/grimoire"},{"predicate":{"custom_model_data":36.0},"model":"archon:item/heaven_dial"},{"predicate":{"custom_model_data":37.0},"model":"pswg:item/helicite_crystal"},{"predicate":{"custom_model_data":38.0},"model":"incorporeal:item/integer_conjurer"},{"predicate":{"custom_model_data":39.0},"model":"pswg:item/ionite_nugget"},{"predicate":{"custom_model_data":40.0},"model":"create:item/iron_sheet"},{"predicate":{"custom_model_data":41.0},"model":"botania:item/itemfinder"},{"predicate":{"custom_model_data":42.0},"model":"sandwichable:item/kitchen_knife"},{"predicate":{"custom_model_data":43.0},"model":"refmagic:item/kyrite_powder"},{"predicate":{"custom_model_data":44.0},"model":"botania:item/lens_light"},{"predicate":{"custom_model_data":45.0},"model":"botania:item/lens_time"},{"predicate":{"custom_model_data":46.0},"model":"minecraft:item/barrier"},{"predicate":{"custom_model_data":47.0},"model":"consistency_plus:item/light_gray_dyed_bundle"},{"predicate":{"custom_model_data":47.0,"filled":0.001},"model":"consistency_plus:item/light_gray_dyed_bundle_filled"},{"predicate":{"custom_model_data":48.0},"model":"bewitchment:item/lilith_spawn_egg"},{"predicate":{"custom_model_data":49.0},"model":"consistency_plus:item/lime_terracotta_brick"},{"predicate":{"custom_model_data":50.0},"model":"botania:item/loki_ring"},{"predicate":{"custom_model_data":51.0},"model":"botania:item/magnet_ring_greater"},{"predicate":{"custom_model_data":52.0},"model":"botania:item/mana_diamond"},{"predicate":{"custom_model_data":53.0},"model":"culinaire:item/milk_chocolate_bottle"},{"predicate":{"custom_model_data":54.0},"model":"minecraft:item/barrier"},{"predicate":{"custom_model_data":55.0},"model":"spacefactory:item/netherite_scrap_dust"},{"predicate":{"custom_model_data":56.0},"model":"botania:item/obedience_stick"},{"predicate":{"custom_model_data":57.0},"model":"bagels_baking:item/pasta_dough"},{"predicate":{"custom_model_data":58.0},"model":"botania:item/phantom_ink"},{"predicate":{"custom_model_data":59.0},"model":"pswg:item/plasteel_nugget"},{"predicate":{"custom_model_data":60.0},"model":"botania:item/podzol_seeds"},{"predicate":{"custom_model_data":61.0},"model":"create:item/powdered_obsidian"},{"predicate":{"custom_model_data":62.0},"model":"hexcasting:item/pride_colorizer_demiboy"},{"predicate":{"custom_model_data":63.0},"model":"computercraft:item/printed_page"},{"predicate":{"custom_model_data":64.0},"model":"consistency_plus:item/purple_terracotta_brick"},{"predicate":{"custom_model_data":65.0},"model":"pswg:item/raw_chromium"},{"predicate":{"custom_model_data":66.0},"model":"spacefactory:item/raw_rubber"},{"predicate":{"custom_model_data":67.0},"model":"botania:item/record_gaia_2"},{"predicate":{"custom_model_data":68.0},"model":"minecraft:item/barrier"},{"predicate":{"custom_model_data":69.0},"model":"spacefactory:item/rubber"},{"predicate":{"custom_model_data":70.0},"model":"botania:item/rune_spring"},{"predicate":{"custom_model_data":71.0},"model":"pswg:item/salt_pile"},{"predicate":{"custom_model_data":72.0},"model":"minecraft:item/barrier"},{"predicate":{"custom_model_data":73.0},"model":"minecraft:item/barrier"},{"predicate":{"custom_model_data":74.0},"model":"minecraft:item/barrier"},{"predicate":{"custom_model_data":75.0},"model":"minecraft:item/barrier"},{"predicate":{"custom_model_data":76.0},"model":"bewitchment:item/sentinel_sigil"},{"predicate":{"custom_model_data":77.0},"model":"minecraft:item/barrier"},{"predicate":{"custom_model_data":78.0},"model":"minecraft:item/barrier"},{"predicate":{"custom_model_data":79.0},"model":"minecraft:item/barrier"},{"predicate":{"custom_model_data":80.0},"model":"minecraft:item/barrier"},{"predicate":{"custom_model_data":81.0},"model":"bewitchment:item/silver_arrow"},{"predicate":{"custom_model_data":82.0},"model":"archon:item/soul_core_boss"},{"predicate":{"custom_model_data":83.0},"model":"botania:item/spark_upgrade_dominant"},{"predicate":{"custom_model_data":84.0},"model":"additionalbanners:item/squares"},{"predicate":{"custom_model_data":85.0},"model":"extended_drawers:item/t3_upgrade"},{"predicate":{"custom_model_data":86.0},"model":"pswg:item/thorilide_crystal"},{"predicate":{"custom_model_data":87.0},"model":"peculiarpieces:item/transport_pearl"},{"predicate":{"custom_model_data":88.0},"model":"create:item/tree_fertilizer"},{"predicate":{"custom_model_data":89.0},"model":"hexcasting:item/uuid_colorizer"},{"predicate":{"custom_model_data":90.0},"model":"botania:item/virus_necrodermal"},{"predicate":{"custom_model_data":91.0},"model":"minecraft:item/barrier"},{"predicate":{"custom_model_data":92.0},"model":"botania:item/water_ring"},{"predicate":{"custom_model_data":93.0},"model":"consistency_plus:item/waxed_copper_brick"},{"predicate":{"custom_model_data":94.0},"model":"bagels_baking:item/wheat_cereal"},{"predicate":{"custom_model_data":95.0},"model":"minecraft:item/barrier"},{"predicate":{"custom_model_data":96.0},"model":"witherite_plus:item/witherite_nugget"},{"predicate":{"custom_model_data":97.0},"model":"campanion:item/wooden_rod"},{"predicate":{"custom_model_data":98.0},"model":"minecraft:item/barrier"},{"predicate":{"custom_model_data":99.0},"model":"consistency_plus:item/yellow_dyed_bundle"},{"predicate":{"custom_model_data":99.0,"filled":0.001},"model":"consistency_plus:item/yellow_dyed_bundle_filled"},{"predicate":{"custom_model_data":100.0},"model":"bwplus:item/yew_boat"},{"predicate":{"custom_model_data":101.0},"model":"create:item/zinc_ingot"}]}