{"parent":"item/generated","textures":{"layer0":"item/leather_chestplate","layer1":"item/leather_chestplate_overlay"},"overrides":[{"predicate":{"custom_model_data":1.0},"model":"bewitchment:item/alchemist_robes"},{"predicate":{"custom_model_data":2.0},"model":"bewitchment:item/besmirched_robes"},{"predicate":{"custom_model_data":3.0},"model":"soul_ice:item/cactus_chestplate"},{"predicate":{"custom_model_data":4.0},"model":"terracraft:item/cactus_chestplate"},{"predicate":{"custom_model_data":5.0},"model":"arcanus:item/conjurer_mage_robe"},{"predicate":{"custom_model_data":6.0},"model":"create:item/copper_backtank"},{"predicate":{"custom_model_data":7.0},"model":"terrariamod:item/copper_chestplate"},{"predicate":{"custom_model_data":8.0},"model":"botania:item/elementium_chestplate"},{"predicate":{"custom_model_data":9.0},"model":"arcanus:item/emitter_mage_robe"},{"predicate":{"custom_model_data":10.0},"model":"arcanus:item/enhancer_mage_robe"},{"predicate":{"custom_model_data":11.0},"model":"witherite_plus:item/enriched_witherite_chestplate"},{"predicate":{"custom_model_data":12.0},"model":"spacefactory:item/flak_vest"},{"predicate":{"custom_model_data":13.0},"model":"terrariamod:item/gold_chestplate"},{"predicate":{"custom_model_data":14.0},"model":"bewitchment:item/hedgewitch_robes"},{"predicate":{"custom_model_data":15.0},"model":"terrariamod:item/iron_chestplate"},{"predicate":{"custom_model_data":16.0},"model":"arcanus:item/mage_robe"},{"predicate":{"custom_model_data":17.0},"model":"botania:item/manasteel_chestplate"},{"predicate":{"custom_model_data":18.0},"model":"botania:item/manaweave_chestplate"},{"predicate":{"custom_model_data":18.0,"botania:holiday":1.0},"model":"botania:item/manaweave_chestplate_holiday"},{"predicate":{"custom_model_data":19.0},"model":"arcanus:item/manipulator_mage_robe"},{"predicate":{"custom_model_data":20.0},"model":"terrariamod:item/ninja_chestplate"},{"predicate":{"custom_model_data":21.0},"model":"purpeille:item/purpeille_chestplate"},{"predicate":{"custom_model_data":22.0},"model":"tot:item/silksteel_chestplate"},{"predicate":{"custom_model_data":23.0},"model":"pswg:item/stormtrooper_chestplate"},{"predicate":{"custom_model_data":24.0},"model":"botania:item/terrasteel_chestplate"},{"predicate":{"custom_model_data":25.0},"model":"arcanus:item/time_cultist_leader_cloak"},{"predicate":{"custom_model_data":26.0},"model":"arcanus:item/time_cultist_robe"},{"predicate":{"custom_model_data":27.0},"model":"arcanus:item/transmuter_mage_robe"},{"predicate":{"custom_model_data":28.0},"model":"consistency_plus:item/turtle_chestplate"},{"predicate":{"custom_model_data":29.0},"model":"witherite_plus:item/witherite_chestplate"}]}