{"parent":"item/generated","textures":{"layer0":"item/leather_leggings","layer1":"item/leather_leggings_overlay"},"overrides":[{"predicate":{"custom_model_data":1.0},"model":"bewitchment:item/alchemist_pants"},{"predicate":{"custom_model_data":2.0},"model":"bewitchment:item/besmirched_pants"},{"predicate":{"custom_model_data":3.0},"model":"soul_ice:item/cactus_leggings"},{"predicate":{"custom_model_data":4.0},"model":"terracraft:item/cactus_leggings"},{"predicate":{"custom_model_data":5.0},"model":"arcanus:item/conjurer_mage_belt"},{"predicate":{"custom_model_data":6.0},"model":"terrariamod:item/copper_leggings"},{"predicate":{"custom_model_data":7.0},"model":"botania:item/elementium_leggings"},{"predicate":{"custom_model_data":8.0},"model":"arcanus:item/emitter_mage_belt"},{"predicate":{"custom_model_data":9.0},"model":"arcanus:item/enhancer_mage_belt"},{"predicate":{"custom_model_data":10.0},"model":"witherite_plus:item/enriched_witherite_leggings"},{"predicate":{"custom_model_data":11.0},"model":"terrariamod:item/gold_leggings"},{"predicate":{"custom_model_data":12.0},"model":"bewitchment:item/hedgewitch_pants"},{"predicate":{"custom_model_data":13.0},"model":"terrariamod:item/iron_leggings"},{"predicate":{"custom_model_data":14.0},"model":"arcanus:item/mage_belt"},{"predicate":{"custom_model_data":15.0},"model":"botania:item/manasteel_leggings"},{"predicate":{"custom_model_data":16.0},"model":"botania:item/manaweave_leggings"},{"predicate":{"custom_model_data":16.0,"botania:holiday":1.0},"model":"botania:item/manaweave_leggings_holiday"},{"predicate":{"custom_model_data":17.0},"model":"arcanus:item/manipulator_mage_belt"},{"predicate":{"custom_model_data":18.0},"model":"terrariamod:item/ninja_leggings"},{"predicate":{"custom_model_data":19.0},"model":"purpeille:item/purpeille_leggings"},{"predicate":{"custom_model_data":20.0},"model":"pswg:item/stormtrooper_leggings"},{"predicate":{"custom_model_data":21.0},"model":"botania:item/terrasteel_leggings"},{"predicate":{"custom_model_data":22.0},"model":"arcanus:item/time_cultist_leader_leggings"},{"predicate":{"custom_model_data":23.0},"model":"arcanus:item/time_cultist_leggings"},{"predicate":{"custom_model_data":24.0},"model":"arcanus:item/transmuter_mage_belt"},{"predicate":{"custom_model_data":25.0},"model":"consistency_plus:item/turtle_leggings"},{"predicate":{"custom_model_data":26.0},"model":"witherite_plus:item/witherite_leggings"}]}