{"parent":"item/generated","textures":{"layer0":"item/leather_horse_armor"},"overrides":[{"predicate":{"custom_model_data":1.0},"model":"cardstock:item/card_binder"},{"predicate":{"custom_model_data":2.0},"model":"grapple:item/grapple"},{"predicate":{"custom_model_data":2.0,"hooked":1.0},"model":"grapple:item/grapple_fired"},{"predicate":{"custom_model_data":3.0},"model":"portalcubed:item/portal_gun"},{"predicate":{"custom_model_data":3.0,"portalcubed:variant":1.0},"model":"portalcubed:item/portal_gun_detailed"},{"predicate":{"custom_model_data":3.0,"portalcubed:variant":2.0},"model":"portalcubed:item/portal_gun_ultra_detailed"}]}