{"parent":"item/generated","textures":{"layer0":"item/leather_boots","layer1":"item/leather_boots_overlay"},"overrides":[{"predicate":{"custom_model_data":1.0},"model":"soul_ice:item/cactus_boots"},{"predicate":{"custom_model_data":2.0},"model":"terracraft:item/cactus_boots"},{"predicate":{"custom_model_data":3.0},"model":"arcanus:item/conjurer_mage_boots"},{"predicate":{"custom_model_data":4.0},"model":"create:item/diving_boots"},{"predicate":{"custom_model_data":5.0},"model":"archon:item/druid_boots"},{"predicate":{"custom_model_data":6.0},"model":"botania:item/elementium_boots"},{"predicate":{"custom_model_data":7.0},"model":"arcanus:item/emitter_mage_boots"},{"predicate":{"custom_model_data":8.0},"model":"arcanus:item/enhancer_mage_boots"},{"predicate":{"custom_model_data":9.0},"model":"witherite_plus:item/enriched_witherite_boots"},{"predicate":{"custom_model_data":10.0},"model":"bewitchment:item/harbinger"},{"predicate":{"custom_model_data":11.0},"model":"doublejumpattribute:item/jump_boots"},{"predicate":{"custom_model_data":12.0},"model":"portalcubed:item/long_fall_boots"},{"predicate":{"custom_model_data":13.0},"model":"arcanus:item/mage_boots"},{"predicate":{"custom_model_data":14.0},"model":"botania:item/manasteel_boots"},{"predicate":{"custom_model_data":15.0},"model":"botania:item/manaweave_boots"},{"predicate":{"custom_model_data":15.0,"botania:holiday":1.0},"model":"botania:item/manaweave_boots_holiday"},{"predicate":{"custom_model_data":16.0},"model":"arcanus:item/manipulator_mage_boots"},{"predicate":{"custom_model_data":17.0},"model":"flyingfluxery:item/pigstomps"},{"predicate":{"custom_model_data":18.0},"model":"purpeille:item/purpeille_boots"},{"predicate":{"custom_model_data":19.0},"model":"soul_ice:item/soul_ice_covered_leather_boots"},{"predicate":{"custom_model_data":20.0},"model":"pswg:item/stormtrooper_boots"},{"predicate":{"custom_model_data":21.0},"model":"botania:item/terrasteel_boots"},{"predicate":{"custom_model_data":22.0},"model":"arcanus:item/time_cultist_boots"},{"predicate":{"custom_model_data":23.0},"model":"arcanus:item/time_cultist_leader_boots"},{"predicate":{"custom_model_data":24.0},"model":"arcanus:item/transmuter_mage_boots"},{"predicate":{"custom_model_data":25.0},"model":"consistency_plus:item/turtle_boots"},{"predicate":{"custom_model_data":26.0},"model":"witherite_plus:item/witherite_boots"}]}