{"parent":"item/generated","textures":{"layer0":"item/leather_helmet","layer1":"item/leather_helmet_overlay"},"overrides":[{"predicate":{"bewitchment:variant":1.0,"custom_model_data":4.0},"model":"bewitchment:item/witch_hat_variant"},{"predicate":{"bewitchment:variant":1.0,"custom_model_data":17.0},"model":"bewitchment:item/witch_hat_variant"},{"predicate":{"custom_model_data":1.0},"model":"bewitchment:item/alchemist_hat"},{"predicate":{"bewitchment:variant":1.0,"custom_model_data":1.0},"model":"bewitchment:item/witch_hat_variant"},{"predicate":{"custom_model_data":2.0},"model":"bewitchment:item/alchemist_hood"},{"predicate":{"custom_model_data":3.0},"model":"qcraft:item/anti_observation_goggles"},{"predicate":{"custom_model_data":4.0},"model":"bewitchment:item/besmirched_hat"},{"predicate":{"custom_model_data":5.0},"model":"bewitchment:item/besmirched_hood"},{"predicate":{"custom_model_data":6.0},"model":"soul_ice:item/cactus_helmet"},{"predicate":{"custom_model_data":7.0},"model":"terracraft:item/cactus_helmet"},{"predicate":{"custom_model_data":8.0},"model":"arcanus:item/conjurer_mage_hood"},{"predicate":{"custom_model_data":8.0,"arcanus:closed":1.0},"model":"arcanus:item/conjurer_mage_hood_closed"},{"predicate":{"custom_model_data":9.0},"model":"terrariamod:item/copper_helmet"},{"predicate":{"custom_model_data":10.0},"model":"create:item/diving_helmet"},{"predicate":{"custom_model_data":11.0},"model":"botania:item/elementium_helmet"},{"predicate":{"custom_model_data":12.0},"model":"arcanus:item/emitter_mage_hood"},{"predicate":{"custom_model_data":12.0,"arcanus:closed":1.0},"model":"arcanus:item/emitter_mage_hood_closed"},{"predicate":{"custom_model_data":13.0},"model":"arcanus:item/enhancer_mage_hood"},{"predicate":{"custom_model_data":13.0,"arcanus:closed":1.0},"model":"arcanus:item/enhancer_mage_hood_closed"},{"predicate":{"custom_model_data":14.0},"model":"witherite_plus:item/enriched_witherite_helmet"},{"predicate":{"custom_model_data":15.0},"model":"minecraft:item/barrier"},{"predicate":{"custom_model_data":16.0},"model":"terrariamod:item/gold_helmet"},{"predicate":{"custom_model_data":17.0},"model":"bewitchment:item/hedgewitch_hat"},{"predicate":{"custom_model_data":18.0},"model":"bewitchment:item/hedgewitch_hood"},{"predicate":{"custom_model_data":19.0},"model":"terrariamod:item/iron_helmet"},{"predicate":{"custom_model_data":20.0},"model":"bwplus:item/leshon_skull"},{"predicate":{"custom_model_data":21.0},"model":"arcanus:item/mage_hood"},{"predicate":{"custom_model_data":21.0,"arcanus:closed":1.0},"model":"arcanus:item/mage_hood_closed"},{"predicate":{"custom_model_data":22.0},"model":"botania:item/manasteel_helmet"},{"predicate":{"custom_model_data":23.0},"model":"botania:item/manaweave_helmet"},{"predicate":{"custom_model_data":23.0,"botania:holiday":1.0},"model":"botania:item/manaweave_helmet_holiday"},{"predicate":{"custom_model_data":24.0},"model":"arcanus:item/manipulator_mage_hood"},{"predicate":{"custom_model_data":24.0,"arcanus:closed":1.0},"model":"arcanus:item/manipulator_mage_hood_closed"},{"predicate":{"custom_model_data":25.0},"model":"archon:item/mask_of_power"},{"predicate":{"custom_model_data":26.0},"model":"bingbingwahoo:item/mysterious_cap"},{"predicate":{"custom_model_data":27.0},"model":"terrariamod:item/ninja_helmet"},{"predicate":{"custom_model_data":28.0},"model":"purpeille:item/purpeille_helmet"},{"predicate":{"custom_model_data":29.0},"model":"qcraft:item/quantum_goggles"},{"predicate":{"custom_model_data":30.0},"model":"tot:item/silksteel_helmet"},{"predicate":{"custom_model_data":31.0},"model":"campanion:item/sleeping_bag"},{"predicate":{"custom_model_data":31.0,"campanion:open":1.0},"model":"campanion:item/sleeping_bag_open"},{"predicate":{"custom_model_data":32.0},"model":"pswg:item/stormtrooper_helmet"},{"predicate":{"custom_model_data":33.0},"model":"overweight_farming:item/straw_hat"},{"predicate":{"custom_model_data":34.0},"model":"botania:item/terrasteel_helmet"},{"predicate":{"custom_model_data":35.0},"model":"arcanus:item/time_cultist_hood"},{"predicate":{"custom_model_data":35.0,"arcanus:closed":1.0},"model":"arcanus:item/time_cultist_hood_closed"},{"predicate":{"custom_model_data":36.0},"model":"arcanus:item/time_cultist_leader_skull"},{"predicate":{"custom_model_data":37.0},"model":"arcanus:item/transmuter_mage_hood"},{"predicate":{"custom_model_data":37.0,"arcanus:closed":1.0},"model":"arcanus:item/transmuter_mage_hood_closed"},{"predicate":{"custom_model_data":38.0},"model":"witherite_plus:item/witherite_helmet"}]}