{"parent":"item/generated","textures":{"layer0":"item/mutton"},"overrides":[{"predicate":{"custom_model_data":1.0},"model":"ecotones:item/blueberries"},{"predicate":{"custom_model_data":2.0},"model":"bagels_baking:item/caramel_apple"},{"predicate":{"custom_model_data":3.0},"model":"bagels_baking:item/chocolate_milk_cup"},{"predicate":{"custom_model_data":4.0},"model":"bagels_baking:item/coffee_cup"},{"predicate":{"custom_model_data":5.0},"model":"pswg:item/cooked_gizka_chop"},{"predicate":{"custom_model_data":6.0},"model":"bagels_baking:item/egg_yolk"},{"predicate":{"custom_model_data":7.0},"model":"bewitchment:item/garlic"},{"predicate":{"custom_model_data":8.0},"model":"bagels_baking:item/grape_soda"},{"predicate":{"custom_model_data":9.0},"model":"pswg:item/kreetlejuice"},{"predicate":{"custom_model_data":10.0},"model":"archon:item/mana_berries"},{"predicate":{"custom_model_data":11.0},"model":"bagels_baking:item/mayonnaise"},{"predicate":{"custom_model_data":12.0},"model":"culinaire:item/milk_chocolate_pie"},{"predicate":{"custom_model_data":13.0},"model":"bagels_baking:item/mutton_pocket"},{"predicate":{"custom_model_data":14.0},"model":"pswg:item/qrikki_waffle"},{"predicate":{"custom_model_data":15.0},"model":"pswg:item/raw_sketto_nugget"},{"predicate":{"custom_model_data":16.0},"model":"sandwichable:item/sour_cheese_wheel"},{"predicate":{"custom_model_data":17.0},"model":"bagels_baking:item/sweet_berry_pie"},{"predicate":{"custom_model_data":18.0},"model":"culinaire:item/tomato"},{"predicate":{"custom_model_data":19.0},"model":"bagels_baking:item/whiskey"}]}