{"parent":"item/generated","textures":{"layer0":"item/mutton"},"overrides":[{"predicate":{"custom_model_data":1.0},"model":"promenade:item/blueberries"},{"predicate":{"custom_model_data":2.0},"model":"bagels_baking:item/chocolate_milkshake"},{"predicate":{"custom_model_data":3.0},"model":"campanion:item/cooked_marshmallow"},{"predicate":{"custom_model_data":4.0},"model":"bewitchment:item/demon_heart"},{"predicate":{"custom_model_data":5.0},"model":"bagels_baking:item/egg_yolk"},{"predicate":{"custom_model_data":6.0},"model":"bagels_baking:item/fish_taco"},{"predicate":{"custom_model_data":7.0},"model":"bagels_baking:item/fried_porkchop"},{"predicate":{"custom_model_data":8.0},"model":"bagels_baking:item/grape_jam_sandwich"},{"predicate":{"custom_model_data":9.0},"model":"bagels_baking:item/malt_vinegar"},{"predicate":{"custom_model_data":10.0},"model":"pswg:item/mynock_wing"},{"predicate":{"custom_model_data":11.0},"model":"pswg:item/pika_fruit"},{"predicate":{"custom_model_data":12.0},"model":"bagels_baking:item/pork_stew"},{"predicate":{"custom_model_data":13.0},"model":"bagels_baking:item/rabbit_sandwich"},{"predicate":{"custom_model_data":14.0},"model":"culinaire:item/salad"},{"predicate":{"custom_model_data":15.0},"model":"bagels_baking:item/smoked_bacon"},{"predicate":{"custom_model_data":16.0},"model":"sandwichable:item/spread"},{"predicate":{"custom_model_data":16.0,"sandwichable:loaf_shape":1.0},"model":"sandwichable:item/spread_bread_loaf"},{"predicate":{"custom_model_data":17.0},"model":"bagels_baking:item/steak_meal"}]}