{"parent":"item/generated","textures":{"layer0":"item/mutton"},"overrides":[{"predicate":{"custom_model_data":1.0},"model":"ecotones:item/blueberries"},{"predicate":{"custom_model_data":2.0},"model":"bagels_baking:item/caramel_apple"},{"predicate":{"custom_model_data":3.0},"model":"bagels_baking:item/chocolate_milk_cup"},{"predicate":{"custom_model_data":4.0},"model":"bagels_baking:item/coffee_cup"},{"predicate":{"custom_model_data":5.0},"model":"pswg:item/cooked_gizka_chop"},{"predicate":{"custom_model_data":6.0},"model":"bagels_baking:item/fish_sandwich"},{"predicate":{"custom_model_data":7.0},"model":"bagels_baking:item/fried_chicken_nuggets"},{"predicate":{"custom_model_data":8.0},"model":"pswg:item/gizka_chop"},{"predicate":{"custom_model_data":9.0},"model":"bagels_baking:item/grape_jam"},{"predicate":{"custom_model_data":10.0},"model":"pswg:item/meiloorun"},{"predicate":{"custom_model_data":11.0},"model":"bagels_baking:item/onion"},{"predicate":{"custom_model_data":12.0},"model":"pswg:item/pika_fruit"},{"predicate":{"custom_model_data":13.0},"model":"bagels_baking:item/pork_stew"},{"predicate":{"custom_model_data":14.0},"model":"hexcasting:item/sub_sandwich"},{"predicate":{"custom_model_data":15.0},"model":"sandwichable:item/sweet_berry_jam_bottle"},{"predicate":{"custom_model_data":16.0},"model":"bagels_baking:item/tea_cup"}]}