{"parent":"item/generated","textures":{"layer0":"item/netherite_ingot"},"overrides":[{"predicate":{"botania:active":1.0,"custom_model_data":7.0},"model":"botania:item/black_hole_talisman_active"},{"predicate":{"bewitchment:variant":1.0,"custom_model_data":74.0},"model":"bewitchment:item/prickly_belt_variant"},{"predicate":{"bewitchment:variant":1.0,"custom_model_data":100.0},"model":"bewitchment:item/taglock_variant"},{"predicate":{"custom_model_data":1.0},"model":"botania:item/ancient_will_karil"},{"predicate":{"custom_model_data":2.0},"model":"archon:item/angelic_star"},{"predicate":{"custom_model_data":3.0},"model":"automobility:item/automobile"},{"predicate":{"custom_model_data":4.0},"model":"bewitchment:item/belladonna"},{"predicate":{"custom_model_data":5.0},"model":"wiredredstone:item/black_bundled_cable"},{"predicate":{"custom_model_data":6.0},"model":"bwplus:item/black_dog_spawn_egg"},{"predicate":{"custom_model_data":7.0},"model":"botania:item/black_hole_talisman"},{"predicate":{"custom_model_data":8.0},"model":"bwplus:item/bloodroot_item"},{"predicate":{"custom_model_data":9.0},"model":"terrariamod:item/boss_one_disc"},{"predicate":{"custom_model_data":10.0},"model":"create:item/brass_hand"},{"predicate":{"custom_model_data":11.0},"model":"consistency_plus:item/calcite_brick"},{"predicate":{"custom_model_data":12.0},"model":"archon:item/channeler"},{"predicate":{"custom_model_data":13.0},"model":"pswg:item/chromium_nugget"},{"predicate":{"custom_model_data":14.0},"model":"botania:item/cloud_pendant"},{"predicate":{"custom_model_data":15.0},"model":"rocks:item/cobblestone_splitter"},{"predicate":{"custom_model_data":16.0},"model":"portalcubed:item/companion_cube"},{"predicate":{"custom_model_data":17.0},"model":"terrariamod:item/copper_axe"},{"predicate":{"custom_model_data":18.0},"model":"terrariamod:item/copper_broadsword"},{"predicate":{"custom_model_data":19.0},"model":"terrariamod:item/copper_shortsword"},{"predicate":{"custom_model_data":20.0},"model":"botania:item/cosmetic_devil_horns"},{"predicate":{"custom_model_data":21.0},"model":"botania:item/cosmetic_pink_flower_bud"},{"predicate":{"custom_model_data":22.0},"model":"botania:item/crafting_halo"},{"predicate":{"custom_model_data":23.0},"model":"create:item/crushed_iron_ore"},{"predicate":{"custom_model_data":24.0},"model":"minecraft:item/barrier"},{"predicate":{"custom_model_data":25.0},"model":"consistency_plus:item/cyan_dyed_bundle"},{"predicate":{"custom_model_data":25.0,"filled":0.001},"model":"consistency_plus:item/cyan_dyed_bundle_filled"},{"predicate":{"custom_model_data":26.0},"model":"bewitchment:item/cypress_boat"},{"predicate":{"custom_model_data":27.0},"model":"terrariamod:item/demonite_bar"},{"predicate":{"custom_model_data":28.0},"model":"pswg:item/dewback_bone"},{"predicate":{"custom_model_data":29.0},"model":"pswg:item/diatium_ingot"},{"predicate":{"custom_model_data":30.0},"model":"computercraft:item/disk"},{"predicate":{"custom_model_data":31.0},"model":"bewitchment:item/dragons_blood_boat"},{"predicate":{"custom_model_data":32.0},"model":"bewitchment:item/dragons_blood_resin"},{"predicate":{"custom_model_data":33.0},"model":"hexcasting:item/dye_colorizer_pink"},{"predicate":{"custom_model_data":34.0},"model":"pswg:item/electric_motor"},{"predicate":{"custom_model_data":35.0},"model":"minecraft:item/barrier"},{"predicate":{"custom_model_data":36.0},"model":"botania:item/ender_hand"},{"predicate":{"custom_model_data":37.0},"model":"witherite_plus:item/enriched_witherite_nugget"},{"predicate":{"custom_model_data":38.0},"model":"create:item/furnace_minecart_contraption"},{"predicate":{"custom_model_data":39.0},"model":"transpositioners:item/gate_module_base_mk2"},{"predicate":{"custom_model_data":40.0},"model":"bewitchment:item/ghost_spawn_egg"},{"predicate":{"custom_model_data":41.0},"model":"pswg:item/glass_8"},{"predicate":{"custom_model_data":42.0},"model":"additionalbanners:item/grass"},{"predicate":{"custom_model_data":43.0},"model":"gravitychanger:item/gravity_changer_down"},{"predicate":{"custom_model_data":44.0},"model":"botania:item/gravity_rod"},{"predicate":{"custom_model_data":45.0},"model":"decorative:item/green_bath_tire"},{"predicate":{"custom_model_data":46.0},"model":"pswg:item/green_cup"},{"predicate":{"custom_model_data":47.0},"model":"bewitchment:item/heavy_sigil"},{"predicate":{"custom_model_data":48.0},"model":"bewitchment:item/hellhound_spawn_egg"},{"predicate":{"custom_model_data":49.0},"model":"terrariamod:item/honey_bottle"},{"predicate":{"custom_model_data":50.0},"model":"botania:item/horn_snow"},{"predicate":{"custom_model_data":50.0,"botania:vuvuzela":1.0},"model":"botania:item/vuvuzela"},{"predicate":{"custom_model_data":51.0},"model":"create:item/incomplete_cogwheel"},{"predicate":{"custom_model_data":52.0},"model":"incorporeal:item/integer_ticket"},{"predicate":{"custom_model_data":52.0,"incorporeal:written_ticket":1.0},"model":"incorporeal:item/integer_ticket_written"},{"predicate":{"custom_model_data":53.0},"model":"spacefactory:item/iron_dust"},{"predicate":{"custom_model_data":54.0},"model":"aurorasdeco:item/jacaranda_boat"},{"predicate":{"custom_model_data":55.0},"model":"botania:item/knockback_belt"},{"predicate":{"custom_model_data":56.0},"model":"pswg:item/laa_bucket"},{"predicate":{"custom_model_data":57.0},"model":"terrariamod:item/lens"},{"predicate":{"custom_model_data":58.0},"model":"botania:item/lens_messenger"},{"predicate":{"custom_model_data":59.0},"model":"botania:item/lens_warp"},{"predicate":{"custom_model_data":60.0},"model":"decorative:item/lime_bath_tire"},{"predicate":{"custom_model_data":61.0},"model":"pswg:item/lime_cup"},{"predicate":{"custom_model_data":62.0},"model":"pswg:item/lommite_crystal"},{"predicate":{"custom_model_data":63.0},"model":"campanion:item/marshmallow_on_a_stick"},{"predicate":{"custom_model_data":64.0},"model":"botania:item/mining_ring"},{"predicate":{"custom_model_data":65.0},"model":"minecraft:item/barrier"},{"predicate":{"custom_model_data":66.0},"model":"additionalbanners:item/moon"},{"predicate":{"custom_model_data":67.0},"model":"bwplus:item/mutandis_brew"},{"predicate":{"custom_model_data":68.0},"model":"consistency_plus:item/orange_concrete_brick"},{"predicate":{"custom_model_data":69.0},"model":"wiredredstone:item/orange_insulated_wire"},{"predicate":{"custom_model_data":70.0},"model":"botania:item/pattern_1_2"},{"predicate":{"custom_model_data":71.0},"model":"bagels_baking:item/peach_boat"},{"predicate":{"custom_model_data":72.0},"model":"sandwichable:item/pickle_brine_bucket"},{"predicate":{"custom_model_data":73.0},"model":"decorative:item/pink_bath_tire"},{"predicate":{"custom_model_data":74.0},"model":"bewitchment:item/prickly_belt"},{"predicate":{"custom_model_data":75.0},"model":"hexcasting:item/pride_colorizer_7"},{"predicate":{"custom_model_data":76.0},"model":"pswg:item/raw_cortosis"},{"predicate":{"custom_model_data":77.0},"model":"bewitchment:item/raw_silver"},{"predicate":{"custom_model_data":78.0},"model":"wiredredstone:item/red_alloy_wire"},{"predicate":{"custom_model_data":79.0},"model":"transpositioners:item/redstone_gate_module"},{"predicate":{"custom_model_data":80.0},"model":"create:item/refined_radiance"},{"predicate":{"custom_model_data":81.0},"model":"minecraft:item/barrier"},{"predicate":{"custom_model_data":82.0},"model":"botania:item/rune_autumn"},{"predicate":{"custom_model_data":83.0},"model":"botania:item/rune_water"},{"predicate":{"custom_model_data":84.0},"model":"hexcasting:item/scroll"},{"predicate":{"custom_model_data":84.0,"hexcasting:ancient":0.0},"model":"hexcasting:item/scroll_pristine_large"},{"predicate":{"custom_model_data":84.0,"hexcasting:ancient":1.0},"model":"hexcasting:item/scroll_ancient_large"},{"predicate":{"custom_model_data":85.0},"model":"minecraft:item/barrier"},{"predicate":{"custom_model_data":86.0},"model":"minecraft:item/barrier"},{"predicate":{"custom_model_data":87.0},"model":"minecraft:item/barrier"},{"predicate":{"custom_model_data":88.0},"model":"minecraft:item/barrier"},{"predicate":{"custom_model_data":89.0},"model":"minecraft:item/barrier"},{"predicate":{"custom_model_data":90.0},"model":"minecraft:item/barrier"},{"predicate":{"custom_model_data":91.0},"model":"minecraft:item/barrier"},{"predicate":{"custom_model_data":92.0},"model":"minecraft:item/barrier"},{"predicate":{"custom_model_data":93.0},"model":"minecraft:item/barrier"},{"predicate":{"custom_model_data":94.0},"model":"terracraft:item/silver_coin"},{"predicate":{"custom_model_data":95.0},"model":"archon:item/sky_gem"},{"predicate":{"custom_model_data":96.0},"model":"botania:item/smelt_rod"},{"predicate":{"custom_model_data":97.0},"model":"archon:item/soul_core_player"},{"predicate":{"custom_model_data":98.0},"model":"pswg:item/squill_liver"},{"predicate":{"custom_model_data":99.0},"model":"tot:item/steelsilk"},{"predicate":{"custom_model_data":100.0},"model":"bewitchment:item/taglock"},{"predicate":{"custom_model_data":101.0},"model":"botania:item/terrasteel_ingot"},{"predicate":{"custom_model_data":102.0},"model":"pswg:item/thorilide_dust"},{"predicate":{"custom_model_data":103.0},"model":"peculiarpieces:item/transport_pearl"},{"predicate":{"custom_model_data":104.0},"model":"create:item/tree_fertilizer"},{"predicate":{"custom_model_data":105.0},"model":"archon:item/undead_staff"},{"predicate":{"custom_model_data":106.0},"model":"botania:item/vial"},{"predicate":{"custom_model_data":107.0},"model":"hexcasting:item/wand_birch"},{"predicate":{"custom_model_data":107.0,"hexcasting:funny_level":0.0},"model":"hexcasting:item/wand_birch"},{"predicate":{"custom_model_data":107.0,"hexcasting:funny_level":1.0},"model":"hexcasting:item/wand_old"},{"predicate":{"custom_model_data":107.0,"hexcasting:funny_level":2.0},"model":"hexcasting:item/wand_bosnia"},{"predicate":{"custom_model_data":108.0},"model":"sandwichable:item/warped_bleu_cheese_culture_bottle"},{"predicate":{"custom_model_data":109.0},"model":"bagels_baking:item/water_cup"},{"predicate":{"custom_model_data":110.0},"model":"consistency_plus:item/waxed_weathered_copper_brick"},{"predicate":{"custom_model_data":111.0},"model":"consistency_plus:item/white_concrete_brick"},{"predicate":{"custom_model_data":112.0},"model":"consistency_plus:item/wigged_nubert_minecart"},{"predicate":{"custom_model_data":113.0},"model":"witherite_plus:item/witherite_ingot"},{"predicate":{"custom_model_data":114.0},"model":"wiredredstone:item/yellow_bundled_cable"}]}