{"parent":"item/generated","textures":{"layer0":"item/netherite_ingot"},"overrides":[{"predicate":{"custom_model_data":1.0},"model":"botania:item/ancient_will_dharok"},{"predicate":{"bewitchment:variant":1.0,"custom_model_data":89.0},"model":"bewitchment:item/taglock_variant"},{"predicate":{"botania:active":1.0,"custom_model_data":7.0},"model":"botania:item/black_hole_talisman_active"},{"predicate":{"custom_model_data":2.0},"model":"hexcasting:item/artifact"},{"predicate":{"custom_model_data":2.0,"hexcasting:has_patterns":-0.01},"model":"hexcasting:item/artifact"},{"predicate":{"custom_model_data":2.0,"hexcasting:has_patterns":0.99},"model":"hexcasting:item/artifact_filled"},{"predicate":{"custom_model_data":3.0},"model":"automobility:item/automobile"},{"predicate":{"custom_model_data":4.0},"model":"bewitchment:item/belladonna"},{"predicate":{"custom_model_data":5.0},"model":"wiredredstone:item/black_bundled_cable"},{"predicate":{"custom_model_data":6.0},"model":"bwplus:item/black_dog_spawn_egg"},{"predicate":{"custom_model_data":7.0},"model":"botania:item/black_hole_talisman"},{"predicate":{"custom_model_data":8.0},"model":"botania:item/brew_vial"},{"predicate":{"custom_model_data":8.0,"botania:swigs_taken":1.0},"model":"botania:item/brew_vial_1"},{"predicate":{"custom_model_data":8.0,"botania:swigs_taken":2.0},"model":"botania:item/brew_vial_2"},{"predicate":{"custom_model_data":8.0,"botania:swigs_taken":3.0},"model":"botania:item/brew_vial_3"},{"predicate":{"custom_model_data":9.0},"model":"consistency_plus:item/brown_concrete_brick"},{"predicate":{"custom_model_data":10.0},"model":"wiredredstone:item/brown_insulated_wire"},{"predicate":{"custom_model_data":11.0},"model":"minecraft:item/barrier"},{"predicate":{"custom_model_data":12.0},"model":"peculiarpieces:item/checkpoint_pearl"},{"predicate":{"custom_model_data":13.0},"model":"bagels_baking:item/cherry_boat"},{"predicate":{"custom_model_data":14.0},"model":"pswg:item/chromium_ingot"},{"predicate":{"custom_model_data":15.0},"model":"archon:item/combustion_charge"},{"predicate":{"custom_model_data":16.0},"model":"terrariamod:item/copper_axe"},{"predicate":{"custom_model_data":17.0},"model":"terrariamod:item/copper_broadsword"},{"predicate":{"custom_model_data":18.0},"model":"terrariamod:item/copper_shortsword"},{"predicate":{"custom_model_data":19.0},"model":"botania:item/cosmetic_devil_horns"},{"predicate":{"custom_model_data":20.0},"model":"botania:item/cosmetic_pink_flower_bud"},{"predicate":{"custom_model_data":21.0},"model":"botania:item/crafting_halo"},{"predicate":{"custom_model_data":22.0},"model":"create:item/crushed_iron_ore"},{"predicate":{"custom_model_data":23.0},"model":"minecraft:item/barrier"},{"predicate":{"custom_model_data":24.0},"model":"consistency_plus:item/cyan_dyed_bundle"},{"predicate":{"custom_model_data":24.0,"filled":0.001},"model":"consistency_plus:item/cyan_dyed_bundle_filled"},{"predicate":{"custom_model_data":25.0},"model":"bewitchment:item/cypress_boat"},{"predicate":{"custom_model_data":26.0},"model":"matchbox:item/detacher"},{"predicate":{"custom_model_data":27.0},"model":"rocks:item/diorite_splitter"},{"predicate":{"custom_model_data":28.0},"model":"mbembe:item/dodo_spawn_egg"},{"predicate":{"custom_model_data":29.0},"model":"bwplus:item/dragonblood_staff"},{"predicate":{"custom_model_data":30.0},"model":"botania:item/dreamwood_wand"},{"predicate":{"custom_model_data":30.0,"botania:bindmode":1.0},"model":"botania:item/dreamwood_wand_bind"},{"predicate":{"custom_model_data":31.0},"model":"promenade:item/duck_spawn_egg"},{"predicate":{"custom_model_data":32.0},"model":"pswg:item/durasteel_nugget"},{"predicate":{"custom_model_data":33.0},"model":"hexcasting:item/dye_colorizer_lime"},{"predicate":{"custom_model_data":34.0},"model":"incorporeal:item/fractured_space_rod"},{"predicate":{"custom_model_data":35.0},"model":"wiredredstone:item/gate_diode"},{"predicate":{"custom_model_data":36.0},"model":"pswg:item/glass_7"},{"predicate":{"custom_model_data":37.0},"model":"create:item/goggles"},{"predicate":{"custom_model_data":38.0},"model":"spacefactory:item/gold_dust"},{"predicate":{"custom_model_data":39.0},"model":"terrariamod:item/granite_elemental_spawn_egg"},{"predicate":{"custom_model_data":40.0},"model":"gravitychanger:item/gravity_changer_west_aoe"},{"predicate":{"custom_model_data":41.0},"model":"botania:item/horn_leaves"},{"predicate":{"custom_model_data":41.0,"botania:vuvuzela":1.0},"model":"botania:item/vuvuzela"},{"predicate":{"custom_model_data":42.0},"model":"minecraft:item/barrier"},{"predicate":{"custom_model_data":43.0},"model":"sandwichable:item/intoxicating_cheese_culture_bottle"},{"predicate":{"custom_model_data":44.0},"model":"spacefactory:item/iron_dust"},{"predicate":{"custom_model_data":45.0},"model":"aurorasdeco:item/jacaranda_boat"},{"predicate":{"custom_model_data":46.0},"model":"botania:item/laputa_shard"},{"predicate":{"custom_model_data":47.0},"model":"botania:item/lens_flare"},{"predicate":{"custom_model_data":48.0},"model":"botania:item/lens_redirect"},{"predicate":{"custom_model_data":49.0},"model":"pswg:item/lightsaber"},{"predicate":{"custom_model_data":50.0},"model":"create:item/linked_controller"},{"predicate":{"custom_model_data":51.0},"model":"promenade:item/lush_creeper_spawn_egg"},{"predicate":{"custom_model_data":52.0},"model":"botania:item/mana_bottle"},{"predicate":{"custom_model_data":52.0,"botania:swigs_taken":1.0},"model":"botania:item/mana_bottle_1"},{"predicate":{"custom_model_data":52.0,"botania:swigs_taken":2.0},"model":"botania:item/mana_bottle_2"},{"predicate":{"custom_model_data":52.0,"botania:swigs_taken":3.0},"model":"botania:item/mana_bottle_3"},{"predicate":{"custom_model_data":52.0,"botania:swigs_taken":4.0},"model":"botania:item/mana_bottle_4"},{"predicate":{"custom_model_data":52.0,"botania:swigs_taken":5.0},"model":"botania:item/mana_bottle_5"},{"predicate":{"custom_model_data":53.0},"model":"botania:item/mana_pearl"},{"predicate":{"custom_model_data":54.0},"model":"botania:item/mana_tablet"},{"predicate":{"custom_model_data":55.0},"model":"milk:item/milk_bottle"},{"predicate":{"custom_model_data":56.0},"model":"minecraft:item/barrier"},{"predicate":{"custom_model_data":57.0},"model":"minecraft:item/barrier"},{"predicate":{"custom_model_data":58.0},"model":"botania:item/monocle"},{"predicate":{"custom_model_data":59.0},"model":"bingbingwahoo:item/music_disc_slider"},{"predicate":{"custom_model_data":60.0},"model":"sandwichable:item/netherite_kitchen_knife"},{"predicate":{"custom_model_data":61.0},"model":"rocks:item/netherrack_splitter"},{"predicate":{"custom_model_data":62.0},"model":"consistency_plus:item/orange_concrete_brick"},{"predicate":{"custom_model_data":63.0},"model":"wiredredstone:item/orange_insulated_wire"},{"predicate":{"custom_model_data":64.0},"model":"ecotones:item/peat_item"},{"predicate":{"custom_model_data":65.0},"model":"pswg:item/pink_cup"},{"predicate":{"custom_model_data":66.0},"model":"computercraft:item/pocket_computer_advanced"},{"predicate":{"custom_model_data":66.0,"computercraft:state":0.0,"computercraft:coloured":0.0},"model":"computercraft:item/pocket_computer_advanced"},{"predicate":{"custom_model_data":66.0,"computercraft:state":1.0,"computercraft:coloured":0.0},"model":"computercraft:item/pocket_computer_advanced_on"},{"predicate":{"custom_model_data":66.0,"computercraft:state":2.0,"computercraft:coloured":0.0},"model":"computercraft:item/pocket_computer_advanced_blinking"},{"predicate":{"custom_model_data":66.0,"computercraft:state":0.0,"computercraft:coloured":1.0},"model":"computercraft:item/pocket_computer_colour"},{"predicate":{"custom_model_data":66.0,"computercraft:state":1.0,"computercraft:coloured":1.0},"model":"computercraft:item/pocket_computer_colour_on"},{"predicate":{"custom_model_data":66.0,"computercraft:state":2.0,"computercraft:coloured":1.0},"model":"computercraft:item/pocket_computer_colour_blinking"},{"predicate":{"custom_model_data":67.0},"model":"hexcasting:item/pride_colorizer_aromantic"},{"predicate":{"custom_model_data":68.0},"model":"hexcasting:item/pride_colorizer_plural"},{"predicate":{"custom_model_data":69.0},"model":"purpeille:item/purpeille_ingot"},{"predicate":{"custom_model_data":70.0},"model":"botania:item/quartz_sunny"},{"predicate":{"custom_model_data":71.0},"model":"bewitchment:item/raven_spawn_egg"},{"predicate":{"custom_model_data":72.0},"model":"automobility:item/rear_attachment"},{"predicate":{"custom_model_data":73.0},"model":"wiredredstone:item/red_insulated_wire"},{"predicate":{"custom_model_data":74.0},"model":"spacefactory:item/refined_iron_dust"},{"predicate":{"custom_model_data":75.0},"model":"botania:item/rune_sloth"},{"predicate":{"custom_model_data":76.0},"model":"minecraft:item/barrier"},{"predicate":{"custom_model_data":77.0},"model":"minecraft:item/barrier"},{"predicate":{"custom_model_data":78.0},"model":"minecraft:item/barrier"},{"predicate":{"custom_model_data":79.0},"model":"minecraft:item/barrier"},{"predicate":{"custom_model_data":80.0},"model":"minecraft:item/barrier"},{"predicate":{"custom_model_data":81.0},"model":"minecraft:item/barrier"},{"predicate":{"custom_model_data":82.0},"model":"minecraft:item/barrier"},{"predicate":{"custom_model_data":83.0},"model":"minecraft:item/barrier"},{"predicate":{"custom_model_data":84.0},"model":"bewitchment:item/silver_arrow"},{"predicate":{"custom_model_data":85.0},"model":"archon:item/soul_core_boss"},{"predicate":{"custom_model_data":86.0},"model":"botania:item/spark_upgrade_dominant"},{"predicate":{"custom_model_data":87.0},"model":"additionalbanners:item/squares"},{"predicate":{"custom_model_data":88.0},"model":"botania:item/super_cloud_pendant"},{"predicate":{"custom_model_data":89.0},"model":"bewitchment:item/taglock"},{"predicate":{"custom_model_data":90.0},"model":"darkutils:item/tome_enchanting"},{"predicate":{"custom_model_data":91.0},"model":"transpositioners:item/transpositioner_configurator"},{"predicate":{"custom_model_data":92.0},"model":"ecotones:item/turpentine"},{"predicate":{"custom_model_data":93.0},"model":"archon:item/undead_staff"},{"predicate":{"custom_model_data":94.0},"model":"botania:item/virus_nullodermal"},{"predicate":{"custom_model_data":95.0},"model":"minecraft:item/barrier"},{"predicate":{"custom_model_data":96.0},"model":"create:item/wand_of_symmetry"},{"predicate":{"custom_model_data":97.0},"model":"botania:item/water_rod"},{"predicate":{"custom_model_data":98.0},"model":"consistency_plus:item/waxed_oxidized_copper_brick"},{"predicate":{"custom_model_data":99.0},"model":"create:item/wheat_flour"},{"predicate":{"custom_model_data":100.0},"model":"campanion:item/wool_tarp"},{"predicate":{"custom_model_data":101.0},"model":"consistency_plus:item/yellow_concrete_brick"},{"predicate":{"custom_model_data":102.0},"model":"wiredredstone:item/yellow_insulated_wire"},{"predicate":{"custom_model_data":103.0},"model":"bwplus:item/yew_broom"},{"predicate":{"custom_model_data":104.0},"model":"create:item/zinc_nugget"}]}