{"parent":"item/generated","textures":{"layer0":"item/netherite_ingot"},"overrides":[{"predicate":{"custom_model_data":1.0},"model":"botania:item/ancient_will_dharok"},{"predicate":{"botania:active":1.0,"custom_model_data":7.0},"model":"botania:item/black_hole_talisman_active"},{"predicate":{"botania:active":1.0,"custom_model_data":100.0},"model":"botania:item/tornado_rod_active"},{"predicate":{"custom_model_data":2.0},"model":"hexcasting:item/artifact"},{"predicate":{"custom_model_data":2.0,"hexcasting:has_patterns":-0.01},"model":"hexcasting:item/artifact"},{"predicate":{"custom_model_data":2.0,"hexcasting:has_patterns":0.99},"model":"hexcasting:item/artifact_filled"},{"predicate":{"custom_model_data":3.0},"model":"automobility:item/automobile"},{"predicate":{"custom_model_data":4.0},"model":"bewitchment:item/belladonna"},{"predicate":{"custom_model_data":5.0},"model":"wiredredstone:item/black_bundled_cable"},{"predicate":{"custom_model_data":6.0},"model":"bwplus:item/black_dog_spawn_egg"},{"predicate":{"custom_model_data":7.0},"model":"botania:item/black_hole_talisman"},{"predicate":{"custom_model_data":8.0},"model":"botania:item/brew_vial"},{"predicate":{"custom_model_data":8.0,"botania:swigs_taken":1.0},"model":"botania:item/brew_vial_1"},{"predicate":{"custom_model_data":8.0,"botania:swigs_taken":2.0},"model":"botania:item/brew_vial_2"},{"predicate":{"custom_model_data":8.0,"botania:swigs_taken":3.0},"model":"botania:item/brew_vial_3"},{"predicate":{"custom_model_data":9.0},"model":"consistency_plus:item/brown_concrete_brick"},{"predicate":{"custom_model_data":10.0},"model":"wiredredstone:item/brown_insulated_wire"},{"predicate":{"custom_model_data":11.0},"model":"minecraft:item/barrier"},{"predicate":{"custom_model_data":12.0},"model":"peculiarpieces:item/checkpoint_pearl"},{"predicate":{"custom_model_data":13.0},"model":"bagels_baking:item/cherry_boat"},{"predicate":{"custom_model_data":14.0},"model":"pswg:item/chromium_ingot"},{"predicate":{"custom_model_data":15.0},"model":"archon:item/combustion_charge"},{"predicate":{"custom_model_data":16.0},"model":"terrariamod:item/copper_axe"},{"predicate":{"custom_model_data":17.0},"model":"terrariamod:item/copper_broadsword"},{"predicate":{"custom_model_data":18.0},"model":"terrariamod:item/copper_shortsword"},{"predicate":{"custom_model_data":19.0},"model":"botania:item/cosmetic_devil_horns"},{"predicate":{"custom_model_data":20.0},"model":"botania:item/cosmetic_pink_flower_bud"},{"predicate":{"custom_model_data":21.0},"model":"botania:item/crafting_halo"},{"predicate":{"custom_model_data":22.0},"model":"create:item/crushed_iron_ore"},{"predicate":{"custom_model_data":23.0},"model":"minecraft:item/barrier"},{"predicate":{"custom_model_data":24.0},"model":"consistency_plus:item/cyan_dyed_bundle"},{"predicate":{"custom_model_data":24.0,"filled":0.001},"model":"consistency_plus:item/cyan_dyed_bundle_filled"},{"predicate":{"custom_model_data":25.0},"model":"bewitchment:item/cypress_boat"},{"predicate":{"custom_model_data":26.0},"model":"pswg:item/dewback_bone_shard"},{"predicate":{"custom_model_data":27.0},"model":"pswg:item/diatium_nugget"},{"predicate":{"custom_model_data":28.0},"model":"halfdoors:item/door_launcher"},{"predicate":{"custom_model_data":28.0,"open":1.0},"model":"halfdoors:item/door_launcher_open"},{"predicate":{"custom_model_data":29.0},"model":"bewitchment:item/dragons_blood_broom"},{"predicate":{"custom_model_data":30.0},"model":"hexcasting:item/dye_colorizer_pink"},{"predicate":{"custom_model_data":31.0},"model":"pswg:item/electric_motor"},{"predicate":{"custom_model_data":32.0},"model":"minecraft:item/barrier"},{"predicate":{"custom_model_data":33.0},"model":"botania:item/ender_hand"},{"predicate":{"custom_model_data":34.0},"model":"witherite_plus:item/enriched_witherite_nugget"},{"predicate":{"custom_model_data":35.0},"model":"pswg:item/eye_of_sketto"},{"predicate":{"custom_model_data":36.0},"model":"botania:item/fertilizer"},{"predicate":{"custom_model_data":37.0},"model":"transpositioners:item/gate_module_base_mk3"},{"predicate":{"custom_model_data":38.0},"model":"pswg:item/glass_9"},{"predicate":{"custom_model_data":39.0},"model":"terrariamod:item/gold_axe"},{"predicate":{"custom_model_data":40.0},"model":"gravitychanger:item/gravity_changer_down_aoe"},{"predicate":{"custom_model_data":41.0},"model":"decorative:item/gray_bath_tire"},{"predicate":{"custom_model_data":42.0},"model":"pswg:item/gray_cup"},{"predicate":{"custom_model_data":43.0},"model":"wiredredstone:item/gray_insulated_wire"},{"predicate":{"custom_model_data":44.0},"model":"bagels_baking:item/ground_coffee"},{"predicate":{"custom_model_data":45.0},"model":"bewitchment:item/heavy_sigil"},{"predicate":{"custom_model_data":46.0},"model":"bewitchment:item/hellhound_spawn_egg"},{"predicate":{"custom_model_data":47.0},"model":"terrariamod:item/honey_bottle"},{"predicate":{"custom_model_data":48.0},"model":"botania:item/horn_snow"},{"predicate":{"custom_model_data":48.0,"botania:vuvuzela":1.0},"model":"botania:item/vuvuzela"},{"predicate":{"custom_model_data":49.0},"model":"create:item/incomplete_cogwheel"},{"predicate":{"custom_model_data":50.0},"model":"spacefactory:item/iridium_dust"},{"predicate":{"custom_model_data":51.0},"model":"terrariamod:item/ironskin_potion"},{"predicate":{"custom_model_data":52.0},"model":"bewitchment:item/juniper_bark"},{"predicate":{"custom_model_data":53.0},"model":"campanion:item/leather_pouch"},{"predicate":{"custom_model_data":54.0},"model":"botania:item/lens_bounce"},{"predicate":{"custom_model_data":55.0},"model":"botania:item/lens_mine"},{"predicate":{"custom_model_data":56.0},"model":"botania:item/lens_weight"},{"predicate":{"custom_model_data":57.0},"model":"pswg:item/lommite_dust"},{"predicate":{"custom_model_data":58.0},"model":"botania:item/manaweave_cloth"},{"predicate":{"custom_model_data":59.0},"model":"ecotones:item/maple_sap"},{"predicate":{"custom_model_data":60.0},"model":"transpositioners:item/module_base_mk1"},{"predicate":{"custom_model_data":61.0},"model":"mbembe:item/mokele_spawn_egg"},{"predicate":{"custom_model_data":62.0},"model":"additionalbanners:item/mushroom"},{"predicate":{"custom_model_data":63.0},"model":"incorporeal:item/negating_lens"},{"predicate":{"custom_model_data":64.0},"model":"spacefactory:item/nether_quartz_dust"},{"predicate":{"custom_model_data":65.0},"model":"minecraft:item/barrier"},{"predicate":{"custom_model_data":66.0},"model":"transpositioners:item/or_gate_module_mk3"},{"predicate":{"custom_model_data":67.0},"model":"bewitchment:item/owl_spawn_egg"},{"predicate":{"custom_model_data":68.0},"model":"botania:item/pattern_1_3"},{"predicate":{"custom_model_data":69.0},"model":"botania:item/pixie_dust"},{"predicate":{"custom_model_data":70.0},"model":"pswg:item/plastic_bottle_2"},{"predicate":{"custom_model_data":71.0},"model":"portalcubed:item/portal_gun_casing"},{"predicate":{"custom_model_data":72.0},"model":"hexcasting:item/pride_colorizer_genderfluid"},{"predicate":{"custom_model_data":73.0},"model":"botania:item/quartz_dark"},{"predicate":{"custom_model_data":74.0},"model":"spacefactory:item/raw_crystalite_dust"},{"predicate":{"custom_model_data":75.0},"model":"decorative:item/red_bath_tire"},{"predicate":{"custom_model_data":76.0},"model":"pswg:item/red_cup"},{"predicate":{"custom_model_data":77.0},"model":"tot:item/remembrance_token"},{"predicate":{"custom_model_data":78.0},"model":"bagels_baking:item/rice_cereal"},{"predicate":{"custom_model_data":79.0},"model":"create:item/rose_quartz"},{"predicate":{"custom_model_data":80.0},"model":"botania:item/rune_earth"},{"predicate":{"custom_model_data":81.0},"model":"botania:item/rune_winter"},{"predicate":{"custom_model_data":82.0},"model":"create:item/schematic_and_quill"},{"predicate":{"custom_model_data":83.0},"model":"minecraft:item/barrier"},{"predicate":{"custom_model_data":84.0},"model":"minecraft:item/barrier"},{"predicate":{"custom_model_data":85.0},"model":"minecraft:item/barrier"},{"predicate":{"custom_model_data":86.0},"model":"minecraft:item/barrier"},{"predicate":{"custom_model_data":87.0},"model":"minecraft:item/barrier"},{"predicate":{"custom_model_data":88.0},"model":"minecraft:item/barrier"},{"predicate":{"custom_model_data":89.0},"model":"minecraft:item/barrier"},{"predicate":{"custom_model_data":90.0},"model":"minecraft:item/barrier"},{"predicate":{"custom_model_data":91.0},"model":"minecraft:item/barrier"},{"predicate":{"custom_model_data":92.0},"model":"terracraft:item/silver_coin"},{"predicate":{"custom_model_data":93.0},"model":"archon:item/sky_gem"},{"predicate":{"custom_model_data":94.0},"model":"botania:item/smelt_rod"},{"predicate":{"custom_model_data":95.0},"model":"archon:item/soul_core_player"},{"predicate":{"custom_model_data":96.0},"model":"pswg:item/squill_liver"},{"predicate":{"custom_model_data":97.0},"model":"tot:item/steelsilk"},{"predicate":{"custom_model_data":98.0},"model":"botania:item/terrasteel_nugget"},{"predicate":{"custom_model_data":99.0},"model":"darkutils:item/tome_pigpen"},{"predicate":{"custom_model_data":100.0},"model":"botania:item/tornado_rod"},{"predicate":{"custom_model_data":101.0},"model":"transpositioners:item/transpositioner_mk2"},{"predicate":{"custom_model_data":102.0},"model":"hexcasting:item/trinket"},{"predicate":{"custom_model_data":102.0,"hexcasting:has_patterns":-0.01},"model":"hexcasting:item/trinket"},{"predicate":{"custom_model_data":102.0,"hexcasting:has_patterns":0.99},"model":"hexcasting:item/trinket_filled"},{"predicate":{"custom_model_data":103.0},"model":"terrariamod:item/underworld_disc"},{"predicate":{"custom_model_data":104.0},"model":"haema:item/vampire_blood"},{"predicate":{"custom_model_data":105.0},"model":"botania:item/vivid_seeds"},{"predicate":{"custom_model_data":106.0},"model":"hexcasting:item/wand_warped"},{"predicate":{"custom_model_data":106.0,"hexcasting:funny_level":0.0},"model":"hexcasting:item/wand_warped"},{"predicate":{"custom_model_data":106.0,"hexcasting:funny_level":1.0},"model":"hexcasting:item/wand_old"},{"predicate":{"custom_model_data":106.0,"hexcasting:funny_level":2.0},"model":"hexcasting:item/wand_bosnia"},{"predicate":{"custom_model_data":107.0},"model":"create:item/whisk"},{"predicate":{"custom_model_data":108.0},"model":"consistency_plus:item/withered_bone"},{"predicate":{"custom_model_data":109.0},"model":"botania:item/world_seed"}]}