{"parent":"item/generated","textures":{"layer0":"item/paper"},"overrides":[{"predicate":{"custom_model_data":1.0},"model":"purpeille:item/ancients_almanac"},{"predicate":{"custom_model_data":2.0},"model":"botania:item/balance_cloak"},{"predicate":{"custom_model_data":3.0},"model":"campanion:item/camping_pack"},{"predicate":{"custom_model_data":4.0},"model":"minecraft:item/barrier"},{"predicate":{"custom_model_data":5.0},"model":"darkutils:item/charm_sleep"},{"predicate":{"custom_model_data":6.0},"model":"bagels_baking:item/cinnamon_bark"},{"predicate":{"custom_model_data":7.0},"model":"peculiarpieces:item/consumable_position_pearl"},{"predicate":{"custom_model_data":8.0},"model":"terrariamod:item/copper_bow"},{"predicate":{"custom_model_data":9.0},"model":"botania:item/corporea_spark_creative"},{"predicate":{"custom_model_data":10.0},"model":"botania:item/cosmetic_ancient_mask"},{"predicate":{"custom_model_data":11.0},"model":"botania:item/cosmetic_four_leaf_clover"},{"predicate":{"custom_model_data":12.0},"model":"botania:item/cosmetic_red_ribbons"},{"predicate":{"custom_model_data":13.0},"model":"create:item/crushed_quicksilver_ore"},{"predicate":{"custom_model_data":14.0},"model":"culinaire:item/dark_chocolate_bottle"},{"predicate":{"custom_model_data":15.0},"model":"pswg:item/debug"},{"predicate":{"custom_model_data":16.0},"model":"terrariamod:item/demon_eye_slime_spawn_egg"},{"predicate":{"custom_model_data":17.0},"model":"pswg:item/desh_ingot"},{"predicate":{"custom_model_data":18.0},"model":"refmagic:item/dimensional_totem"},{"predicate":{"custom_model_data":19.0},"model":"create:item/dough"},{"predicate":{"custom_model_data":20.0},"model":"botania:item/dry_seeds"},{"predicate":{"custom_model_data":21.0},"model":"hexcasting:item/dye_colorizer_gray"},{"predicate":{"custom_model_data":22.0},"model":"archon:item/earth_gem"},{"predicate":{"custom_model_data":23.0},"model":"bewitchment:item/elder_broom"},{"predicate":{"custom_model_data":24.0},"model":"haema:item/empty_vampire_blood_injector"},{"predicate":{"custom_model_data":25.0},"model":"bwplus:item/ender_vial"},{"predicate":{"custom_model_data":26.0},"model":"botania:item/flower_bag"},{"predicate":{"custom_model_data":27.0},"model":"pswg:item/glass_2"},{"predicate":{"custom_model_data":28.0},"model":"rocks:item/granite_splitter"},{"predicate":{"custom_model_data":29.0},"model":"gravitychanger:item/gravity_changer_south"},{"predicate":{"custom_model_data":30.0},"model":"consistency_plus:item/gray_concrete_brick"},{"predicate":{"custom_model_data":31.0},"model":"terracraft:item/grenade"},{"predicate":{"custom_model_data":32.0},"model":"terrariamod:item/healing_potion"},{"predicate":{"custom_model_data":33.0},"model":"additionalbanners:item/hex"},{"predicate":{"custom_model_data":34.0},"model":"transpositioners:item/item_mover_module_mk1"},{"predicate":{"custom_model_data":35.0},"model":"ecotones:item/jar"},{"predicate":{"custom_model_data":36.0},"model":"botania:item/lens_firework"},{"predicate":{"custom_model_data":37.0},"model":"botania:item/lens_power"},{"predicate":{"custom_model_data":38.0},"model":"wiredredstone:item/light_blue_bundled_cable"},{"predicate":{"custom_model_data":39.0},"model":"decorative:item/light_gray_bath_tire"},{"predicate":{"custom_model_data":40.0},"model":"pswg:item/light_gray_cup"},{"predicate":{"custom_model_data":41.0},"model":"wiredredstone:item/light_gray_insulated_wire"},{"predicate":{"custom_model_data":42.0},"model":"archon:item/lightning_bottle"},{"predicate":{"custom_model_data":43.0},"model":"bagels_baking:item/linguine"},{"predicate":{"custom_model_data":44.0},"model":"wiredredstone:item/magenta_bundled_cable"},{"predicate":{"custom_model_data":45.0},"model":"terrariamod:item/magic_mirror"},{"predicate":{"custom_model_data":46.0},"model":"botania:item/mana_mirror"},{"predicate":{"custom_model_data":47.0},"model":"botania:item/mana_string"},{"predicate":{"custom_model_data":48.0},"model":"botania:item/manasteel_nugget"},{"predicate":{"custom_model_data":49.0},"model":"culinaire:item/milk_bottle"},{"predicate":{"custom_model_data":50.0},"model":"create:item/minecart_coupling"},{"predicate":{"custom_model_data":51.0},"model":"minecraft:item/barrier"},{"predicate":{"custom_model_data":52.0},"model":"bwplus:item/music_disc_petals"},{"predicate":{"custom_model_data":53.0},"model":"botania:item/mycelium_seeds"},{"predicate":{"custom_model_data":54.0},"model":"consistency_plus:item/netherite_horse_armor"},{"predicate":{"custom_model_data":55.0},"model":"bewitchment:item/oak_bark"},{"predicate":{"custom_model_data":56.0},"model":"refmagic:item/opal"},{"predicate":{"custom_model_data":57.0},"model":"minecraft:item/barrier"},{"predicate":{"custom_model_data":58.0},"model":"consistency_plus:item/orange_dyed_bundle"},{"predicate":{"custom_model_data":58.0,"filled":0.001},"model":"consistency_plus:item/orange_dyed_bundle_filled"},{"predicate":{"custom_model_data":59.0},"model":"consistency_plus:item/oxidized_copper_brick"},{"predicate":{"custom_model_data":60.0},"model":"botania:item/pattern_3_2"},{"predicate":{"custom_model_data":61.0},"model":"wiredredstone:item/pink_bundled_cable"},{"predicate":{"custom_model_data":62.0},"model":"archon:item/player_soul"},{"predicate":{"custom_model_data":63.0},"model":"hexcasting:item/pride_colorizer_aroace"},{"predicate":{"custom_model_data":64.0},"model":"hexcasting:item/pride_colorizer_pansexual"},{"predicate":{"custom_model_data":65.0},"model":"botania:item/quartz_red"},{"predicate":{"custom_model_data":66.0},"model":"spacefactory:item/raw_iridium"},{"predicate":{"custom_model_data":67.0},"model":"consistency_plus:item/red_concrete_brick"},{"predicate":{"custom_model_data":68.0},"model":"botania:item/red_string"},{"predicate":{"custom_model_data":69.0},"model":"archon:item/removal_scroll"},{"predicate":{"custom_model_data":70.0},"model":"botania:item/rune_lust"},{"predicate":{"custom_model_data":71.0},"model":"botania:item/scorched_seeds"},{"predicate":{"custom_model_data":72.0},"model":"minecraft:item/barrier"},{"predicate":{"custom_model_data":73.0},"model":"minecraft:item/barrier"},{"predicate":{"custom_model_data":74.0},"model":"minecraft:item/barrier"},{"predicate":{"custom_model_data":75.0},"model":"minecraft:item/barrier"},{"predicate":{"custom_model_data":76.0},"model":"bewitchment:item/shadows_sigil"},{"predicate":{"custom_model_data":77.0},"model":"minecraft:item/barrier"},{"predicate":{"custom_model_data":78.0},"model":"minecraft:item/barrier"},{"predicate":{"custom_model_data":79.0},"model":"minecraft:item/barrier"},{"predicate":{"custom_model_data":80.0},"model":"minecraft:item/barrier"},{"predicate":{"custom_model_data":81.0},"model":"minecraft:item/barrier"},{"predicate":{"custom_model_data":82.0},"model":"bewitchment:item/snake_tongue"},{"predicate":{"custom_model_data":83.0},"model":"incorporeal:item/solidified_request_conjurer"},{"predicate":{"custom_model_data":84.0},"model":"consistency_plus:item/soul_sandstone_brick"},{"predicate":{"custom_model_data":85.0},"model":"additionalbanners:item/spades"},{"predicate":{"custom_model_data":86.0},"model":"pswg:item/spawn_xwing_t65b"},{"predicate":{"custom_model_data":87.0},"model":"minecraft:item/barrier"},{"predicate":{"custom_model_data":88.0},"model":"promenade:item/sunken_skeleton_spawn_egg"},{"predicate":{"custom_model_data":89.0},"model":"additionalbanners:item/sword"},{"predicate":{"custom_model_data":90.0},"model":"archon:item/terranite_stone"},{"predicate":{"custom_model_data":91.0},"model":"botania:item/third_eye"},{"predicate":{"custom_model_data":92.0},"model":"consistency_plus:item/tuff_brick"},{"predicate":{"custom_model_data":93.0},"model":"botania:item/twig_wand"},{"predicate":{"custom_model_data":93.0,"botania:bindmode":1.0},"model":"botania:item/twig_wand_bind"},{"predicate":{"custom_model_data":94.0},"model":"bwplus:item/unicorn_spawn_egg"},{"predicate":{"custom_model_data":95.0},"model":"overweight_farming:item/vegetable_peels"},{"predicate":{"custom_model_data":96.0},"model":"minecraft:item/barrier"},{"predicate":{"custom_model_data":97.0},"model":"hexcasting:item/wand_crimson"},{"predicate":{"custom_model_data":97.0,"hexcasting:funny_level":0.0},"model":"hexcasting:item/wand_crimson"},{"predicate":{"custom_model_data":97.0,"hexcasting:funny_level":1.0},"model":"hexcasting:item/wand_old"},{"predicate":{"custom_model_data":97.0,"hexcasting:funny_level":2.0},"model":"hexcasting:item/wand_bosnia"},{"predicate":{"custom_model_data":98.0},"model":"bewitchment:item/werewolf_spawn_egg"},{"predicate":{"custom_model_data":99.0},"model":"decorative:item/yellow_bath_tire"},{"predicate":{"custom_model_data":100.0},"model":"pswg:item/yellow_cup"},{"predicate":{"custom_model_data":101.0},"model":"pswg:item/zersium_crystal"}]}