{"parent":"item/generated","textures":{"layer0":"item/paper"},"overrides":[{"predicate":{"custom_model_data":1.0},"model":"hexcasting:item/amethyst_dust"},{"predicate":{"botania:active":1.0,"custom_model_data":88.0},"model":"botania:item/slime_bottle_active"},{"predicate":{"custom_model_data":2.0},"model":"transpositioners:item/and_gate_module_mk2"},{"predicate":{"custom_model_data":3.0},"model":"botania:item/balance_cloak"},{"predicate":{"custom_model_data":4.0},"model":"wiredredstone:item/blue_bundled_cable"},{"predicate":{"custom_model_data":5.0},"model":"incorporeal:item/bound_ender_pearl"},{"predicate":{"custom_model_data":5.0,"incorporeal:is_bound":1.0},"model":"incorporeal:item/bound_ender_pearl_bound"},{"predicate":{"custom_model_data":6.0},"model":"haema_extras_blanketcon:item/campsite_travel_token"},{"predicate":{"custom_model_data":7.0},"model":"darkutils:item/charm_warding"},{"predicate":{"custom_model_data":8.0},"model":"create:item/chest_minecart_contraption"},{"predicate":{"custom_model_data":9.0},"model":"bagels_baking:item/cinnamon_powder"},{"predicate":{"custom_model_data":10.0},"model":"terrariamod:item/copper_bow"},{"predicate":{"custom_model_data":11.0},"model":"botania:item/corporea_spark_creative"},{"predicate":{"custom_model_data":12.0},"model":"botania:item/cosmetic_ancient_mask"},{"predicate":{"custom_model_data":13.0},"model":"botania:item/cosmetic_four_leaf_clover"},{"predicate":{"custom_model_data":14.0},"model":"botania:item/cosmetic_red_ribbons"},{"predicate":{"custom_model_data":15.0},"model":"create:item/crushed_quicksilver_ore"},{"predicate":{"custom_model_data":16.0},"model":"culinaire:item/dark_chocolate_bottle"},{"predicate":{"custom_model_data":17.0},"model":"pswg:item/debug"},{"predicate":{"custom_model_data":18.0},"model":"pswg:item/desh_cup"},{"predicate":{"custom_model_data":19.0},"model":"bagels_baking:item/dough"},{"predicate":{"custom_model_data":20.0},"model":"botania:item/dry_seeds"},{"predicate":{"custom_model_data":21.0},"model":"hexcasting:item/dye_colorizer_gray"},{"predicate":{"custom_model_data":22.0},"model":"archon:item/earth_gem"},{"predicate":{"custom_model_data":23.0},"model":"bewitchment:item/elder_broom"},{"predicate":{"custom_model_data":24.0},"model":"haema:item/empty_vampire_blood_injector"},{"predicate":{"custom_model_data":25.0},"model":"bwplus:item/ender_vial"},{"predicate":{"custom_model_data":26.0},"model":"bewitchment:item/fiery_serum"},{"predicate":{"custom_model_data":27.0},"model":"botania:item/flask"},{"predicate":{"custom_model_data":28.0},"model":"bagels_baking:item/flour"},{"predicate":{"custom_model_data":29.0},"model":"pswg:item/glass_10"},{"predicate":{"custom_model_data":30.0},"model":"sandwichable:item/glass_kitchen_knife"},{"predicate":{"custom_model_data":31.0},"model":"archon:item/glisteel_ingot"},{"predicate":{"custom_model_data":32.0},"model":"terrariamod:item/gold_broadsword"},{"predicate":{"custom_model_data":33.0},"model":"sandwichable:item/golden_kitchen_knife"},{"predicate":{"custom_model_data":34.0},"model":"botania:item/grass_seeds"},{"predicate":{"custom_model_data":35.0},"model":"gravitychanger:item/gravity_changer_north_aoe"},{"predicate":{"custom_model_data":36.0},"model":"minecraft:item/barrier"},{"predicate":{"custom_model_data":37.0},"model":"consistency_plus:item/gray_dyed_bundle"},{"predicate":{"custom_model_data":37.0,"filled":0.001},"model":"consistency_plus:item/gray_dyed_bundle_filled"},{"predicate":{"custom_model_data":38.0},"model":"consistency_plus:item/green_concrete_brick"},{"predicate":{"custom_model_data":39.0},"model":"wiredredstone:item/green_insulated_wire"},{"predicate":{"custom_model_data":40.0},"model":"patchouli:item/guide_book"},{"predicate":{"custom_model_data":41.0},"model":"terrariamod:item/healing_potion"},{"predicate":{"custom_model_data":42.0},"model":"additionalbanners:item/hex"},{"predicate":{"custom_model_data":43.0},"model":"terrariamod:item/iron_bar"},{"predicate":{"custom_model_data":44.0},"model":"transpositioners:item/item_gate_module_mk2"},{"predicate":{"custom_model_data":45.0},"model":"bewitchment:item/juniper_broom"},{"predicate":{"custom_model_data":46.0},"model":"additionalbanners:item/kelp"},{"predicate":{"custom_model_data":47.0},"model":"botania:item/lens_fire"},{"predicate":{"custom_model_data":48.0},"model":"botania:item/lens_piston"},{"predicate":{"custom_model_data":49.0},"model":"consistency_plus:item/lime_concrete_brick"},{"predicate":{"custom_model_data":50.0},"model":"wiredredstone:item/lime_insulated_wire"},{"predicate":{"custom_model_data":51.0},"model":"milk:item/lingering_milk_bottle"},{"predicate":{"custom_model_data":52.0},"model":"pswg:item/lizard_gizzard"},{"predicate":{"custom_model_data":53.0},"model":"terracraft:item/magic_mirror"},{"predicate":{"custom_model_data":54.0},"model":"archon:item/mana_leech_spawn_egg"},{"predicate":{"custom_model_data":55.0},"model":"transpositioners:item/module_base_mk2"},{"predicate":{"custom_model_data":56.0},"model":"bagels_baking:item/molasses"},{"predicate":{"custom_model_data":57.0},"model":"transpositioners:item/or_gate_module_mk2"},{"predicate":{"custom_model_data":58.0},"model":"botania:item/overgrowth_seed"},{"predicate":{"custom_model_data":59.0},"model":"botania:item/pattern_3_1"},{"predicate":{"custom_model_data":60.0},"model":"flyingfluxery:item/phantom_farmer"},{"predicate":{"custom_model_data":61.0},"model":"witherite_plus:item/piece_of_damaged_nether_star"},{"predicate":{"custom_model_data":62.0},"model":"pswg:item/plasteel_ingot"},{"predicate":{"custom_model_data":63.0},"model":"minecraft:item/barrier"},{"predicate":{"custom_model_data":64.0},"model":"botania:item/pool_minecart"},{"predicate":{"custom_model_data":65.0},"model":"hexcasting:item/pride_colorizer_bisexual"},{"predicate":{"custom_model_data":66.0},"model":"computercraft:item/printed_book"},{"predicate":{"custom_model_data":67.0},"model":"ecotones:item/pyrite_item"},{"predicate":{"custom_model_data":68.0},"model":"botania:item/quartz_blaze"},{"predicate":{"custom_model_data":69.0},"model":"botania:item/rainbow_rod"},{"predicate":{"custom_model_data":70.0},"model":"pswg:item/raw_diatium"},{"predicate":{"custom_model_data":71.0},"model":"pswg:item/raw_titanium"},{"predicate":{"custom_model_data":72.0},"model":"wiredredstone:item/red_bundled_cable"},{"predicate":{"custom_model_data":73.0},"model":"terrariamod:item/regeneration_potion"},{"predicate":{"custom_model_data":74.0},"model":"campanion:item/rope"},{"predicate":{"custom_model_data":75.0},"model":"pswg:item/rubindum_shard"},{"predicate":{"custom_model_data":76.0},"model":"botania:item/rune_fire"},{"predicate":{"custom_model_data":77.0},"model":"minecraft:item/barrier"},{"predicate":{"custom_model_data":78.0},"model":"minecraft:item/barrier"},{"predicate":{"custom_model_data":79.0},"model":"minecraft:item/barrier"},{"predicate":{"custom_model_data":80.0},"model":"minecraft:item/barrier"},{"predicate":{"custom_model_data":81.0},"model":"create:item/shadow_steel"},{"predicate":{"custom_model_data":82.0},"model":"minecraft:item/barrier"},{"predicate":{"custom_model_data":83.0},"model":"minecraft:item/barrier"},{"predicate":{"custom_model_data":84.0},"model":"minecraft:item/barrier"},{"predicate":{"custom_model_data":85.0},"model":"minecraft:item/barrier"},{"predicate":{"custom_model_data":86.0},"model":"spacefactory:item/silicon_ingot"},{"predicate":{"custom_model_data":87.0},"model":"bewitchment:item/silver_nugget"},{"predicate":{"custom_model_data":88.0},"model":"botania:item/slime_bottle"},{"predicate":{"custom_model_data":89.0},"model":"campanion:item/small_unbuilt_tent"},{"predicate":{"custom_model_data":90.0},"model":"lovely_snails:item/snail_spawn_egg"},{"predicate":{"custom_model_data":91.0},"model":"pswg:item/spawn_landspeeder_x34"},{"predicate":{"custom_model_data":92.0},"model":"bewitchment:item/spruce_bark"},{"predicate":{"custom_model_data":93.0},"model":"qcraft:item/superposition_essence"},{"predicate":{"custom_model_data":94.0},"model":"culinaire:item/tea_bottle"},{"predicate":{"custom_model_data":95.0},"model":"botania:item/terraform_rod"},{"predicate":{"custom_model_data":96.0},"model":"pswg:item/titanium_ingot"},{"predicate":{"custom_model_data":97.0},"model":"darkutils:item/tome_sga"},{"predicate":{"custom_model_data":98.0},"model":"botania:item/unholy_cloak"},{"predicate":{"custom_model_data":99.0},"model":"botania:item/virus_necrodermal"},{"predicate":{"custom_model_data":100.0},"model":"minecraft:item/barrier"},{"predicate":{"custom_model_data":101.0},"model":"botania:item/water_ring"},{"predicate":{"custom_model_data":102.0},"model":"consistency_plus:item/waxed_copper_brick"},{"predicate":{"custom_model_data":103.0},"model":"consistency_plus:item/waxed_oxidized_copper_brick"},{"predicate":{"custom_model_data":104.0},"model":"create:item/whisk"},{"predicate":{"custom_model_data":105.0},"model":"consistency_plus:item/withered_bone"},{"predicate":{"custom_model_data":106.0},"model":"botania:item/world_seed"}]}