{"parent":"item/generated","textures":{"layer0":"item/phantom_membrane"},"overrides":[{"predicate":{"custom_model_data":1.0},"model":"botania:item/ancient_will_verac"},{"predicate":{"bewitchment:variant":1.0,"custom_model_data":58.0},"model":"bewitchment:item/nazar_variant"},{"predicate":{"custom_model_data":2.0},"model":"automobility:item/automobile_engine"},{"predicate":{"custom_model_data":3.0},"model":"bewitchment:item/baphomet_spawn_egg"},{"predicate":{"custom_model_data":4.0},"model":"minecraft:item/barrier"},{"predicate":{"custom_model_data":5.0},"model":"campanion:item/blackened_marshmallow_on_a_stick"},{"predicate":{"custom_model_data":6.0},"model":"create:item/blaze_cake"},{"predicate":{"custom_model_data":7.0},"model":"decorative:item/blue_bath_tire"},{"predicate":{"custom_model_data":8.0},"model":"consistency_plus:item/blue_terracotta_brick"},{"predicate":{"custom_model_data":9.0},"model":"create:item/brass_nugget"},{"predicate":{"custom_model_data":10.0},"model":"consistency_plus:item/brown_terracotta_brick"},{"predicate":{"custom_model_data":11.0},"model":"polaroidcamera:item/camera"},{"predicate":{"custom_model_data":12.0},"model":"cardstock:item/card"},{"predicate":{"custom_model_data":13.0},"model":"hexcasting:item/charged_amethyst"},{"predicate":{"custom_model_data":14.0},"model":"campanion:item/cooked_marshmallow_on_a_stick"},{"predicate":{"custom_model_data":15.0},"model":"terrariamod:item/copper_pickaxe"},{"predicate":{"custom_model_data":16.0},"model":"botania:item/cosmetic_eerie_mask"},{"predicate":{"custom_model_data":17.0},"model":"botania:item/cosmetic_puffy_scarf"},{"predicate":{"custom_model_data":18.0},"model":"create:item/crushed_nickel_ore"},{"predicate":{"custom_model_data":19.0},"model":"campanion:item/day_pack"},{"predicate":{"custom_model_data":20.0},"model":"minecraft:item/barrier"},{"predicate":{"custom_model_data":21.0},"model":"bagels_baking:item/dried_tea_leaves"},{"predicate":{"custom_model_data":22.0},"model":"hexcasting:item/dye_colorizer_blue"},{"predicate":{"custom_model_data":23.0},"model":"hexcasting:item/dye_colorizer_red"},{"predicate":{"custom_model_data":24.0},"model":"spacefactory:item/ender_pearl_dust"},{"predicate":{"custom_model_data":25.0},"model":"witherite_plus:item/enriched_witherite_powder"},{"predicate":{"custom_model_data":26.0},"model":"pswg:item/exonium"},{"predicate":{"custom_model_data":27.0},"model":"pswg:item/faa_bucket"},{"predicate":{"custom_model_data":28.0},"model":"campanion:item/flare"},{"predicate":{"custom_model_data":29.0},"model":"wiredredstone:item/gate_not"},{"predicate":{"custom_model_data":30.0},"model":"pswg:item/glass_bottle_1"},{"predicate":{"custom_model_data":31.0},"model":"consistency_plus:item/glow_ink_sac"},{"predicate":{"custom_model_data":32.0},"model":"terrariamod:item/gold_bar"},{"predicate":{"custom_model_data":33.0},"model":"gravitychanger:item/gravity_changer_east"},{"predicate":{"custom_model_data":34.0},"model":"wiredredstone:item/green_bundled_cable"},{"predicate":{"custom_model_data":35.0},"model":"consistency_plus:item/green_terracotta_brick"},{"predicate":{"custom_model_data":36.0},"model":"bagels_baking:item/ground_tea"},{"predicate":{"custom_model_data":37.0},"model":"terrariamod:item/honey_bucket"},{"predicate":{"custom_model_data":38.0},"model":"create:item/incomplete_precision_mechanism"},{"predicate":{"custom_model_data":39.0},"model":"spacefactory:item/iridium_ingot"},{"predicate":{"custom_model_data":40.0},"model":"botania:item/keep_ivy"},{"predicate":{"custom_model_data":41.0},"model":"pswg:item/krayt_pearl"},{"predicate":{"custom_model_data":42.0},"model":"campanion:item/large_unbuilt_tent"},{"predicate":{"custom_model_data":43.0},"model":"botania:item/lens_damage"},{"predicate":{"custom_model_data":44.0},"model":"botania:item/lens_normal"},{"predicate":{"custom_model_data":45.0},"model":"bewitchment:item/leonard_spawn_egg"},{"predicate":{"custom_model_data":46.0},"model":"terrariamod:item/life_crystal"},{"predicate":{"custom_model_data":47.0},"model":"consistency_plus:item/light_blue_terracotta_brick"},{"predicate":{"custom_model_data":48.0},"model":"pswg:item/light_panel"},{"predicate":{"custom_model_data":49.0},"model":"wiredredstone:item/lime_bundled_cable"},{"predicate":{"custom_model_data":50.0},"model":"consistency_plus:item/magenta_terracotta_brick"},{"predicate":{"custom_model_data":51.0},"model":"ecotones:item/maple_sap_jar"},{"predicate":{"custom_model_data":52.0},"model":"incorporeal:item/matcher_conjurer"},{"predicate":{"custom_model_data":53.0},"model":"purpeille:item/metallic_lightning"},{"predicate":{"custom_model_data":54.0},"model":"botania:item/missile_rod"},{"predicate":{"custom_model_data":55.0},"model":"minecraft:item/barrier"},{"predicate":{"custom_model_data":56.0},"model":"bwplus:item/moonlight_infusion"},{"predicate":{"custom_model_data":57.0},"model":"botania:item/mutated_seeds"},{"predicate":{"custom_model_data":58.0},"model":"bewitchment:item/nazar"},{"predicate":{"custom_model_data":59.0},"model":"qcraft:item/observation_essence"},{"predicate":{"custom_model_data":60.0},"model":"botania:item/odin_ring"},{"predicate":{"custom_model_data":61.0},"model":"botania:item/open_bucket"},{"predicate":{"custom_model_data":62.0},"model":"botania:item/pattern_2_1"},{"predicate":{"custom_model_data":63.0},"model":"wiredredstone:item/pink_bundled_cable"},{"predicate":{"custom_model_data":64.0},"model":"archon:item/player_soul"},{"predicate":{"custom_model_data":65.0},"model":"hexcasting:item/pride_colorizer_1"},{"predicate":{"custom_model_data":66.0},"model":"hexcasting:item/pride_colorizer_9"},{"predicate":{"custom_model_data":67.0},"model":"botania:item/quartz_elven"},{"predicate":{"custom_model_data":68.0},"model":"chocolatebar:item/quilty_wrapping_paper"},{"predicate":{"custom_model_data":69.0},"model":"pswg:item/raw_desh"},{"predicate":{"custom_model_data":70.0},"model":"witherite_plus:item/refined_witherite"},{"predicate":{"custom_model_data":71.0},"model":"purpeille:item/remnant_brick"},{"predicate":{"custom_model_data":72.0},"model":"refmagic:item/rose_quartz"},{"predicate":{"custom_model_data":73.0},"model":"botania:item/rune_envy"},{"predicate":{"custom_model_data":74.0},"model":"botania:item/rune_wrath"},{"predicate":{"custom_model_data":75.0},"model":"create:item/schematic_and_quill"},{"predicate":{"custom_model_data":76.0},"model":"minecraft:item/barrier"},{"predicate":{"custom_model_data":77.0},"model":"minecraft:item/barrier"},{"predicate":{"custom_model_data":78.0},"model":"minecraft:item/barrier"},{"predicate":{"custom_model_data":79.0},"model":"minecraft:item/barrier"},{"predicate":{"custom_model_data":80.0},"model":"minecraft:item/barrier"},{"predicate":{"custom_model_data":81.0},"model":"minecraft:item/barrier"},{"predicate":{"custom_model_data":82.0},"model":"minecraft:item/barrier"},{"predicate":{"custom_model_data":83.0},"model":"minecraft:item/barrier"},{"predicate":{"custom_model_data":84.0},"model":"bewitchment:item/silver_ingot"},{"predicate":{"custom_model_data":85.0},"model":"botania:item/skydirt_rod"},{"predicate":{"custom_model_data":86.0},"model":"terracraft:item/soul_fire_arrow"},{"predicate":{"custom_model_data":87.0},"model":"sandwichable:item/sour_cheese_culture_bottle"},{"predicate":{"custom_model_data":88.0},"model":"pswg:item/spawn_laa"},{"predicate":{"custom_model_data":89.0},"model":"botania:item/speed_up_belt"},{"predicate":{"custom_model_data":90.0},"model":"portalcubed:item/storage_cube"},{"predicate":{"custom_model_data":91.0},"model":"ecotones:item/sulfur"},{"predicate":{"custom_model_data":92.0},"model":"botania:item/super_travel_belt"},{"predicate":{"custom_model_data":93.0},"model":"botania:item/terrasteel_nugget"},{"predicate":{"custom_model_data":94.0},"model":"darkutils:item/tome_illager"},{"predicate":{"custom_model_data":95.0},"model":"quark:item/toretoise_spawn_egg"},{"predicate":{"custom_model_data":96.0},"model":"transpositioners:item/transpositioner_mk1"},{"predicate":{"custom_model_data":97.0},"model":"additionalbanners:item/trident"},{"predicate":{"custom_model_data":98.0},"model":"terrariamod:item/underworld_disc"},{"predicate":{"custom_model_data":99.0},"model":"haema:item/vampire_blood"},{"predicate":{"custom_model_data":100.0},"model":"minecraft:item/barrier"},{"predicate":{"custom_model_data":101.0},"model":"minecraft:item/barrier"},{"predicate":{"custom_model_data":102.0},"model":"hexcasting:item/wand_dark_oak"},{"predicate":{"custom_model_data":102.0,"hexcasting:funny_level":0.0},"model":"hexcasting:item/wand_dark_oak"},{"predicate":{"custom_model_data":102.0,"hexcasting:funny_level":1.0},"model":"hexcasting:item/wand_old"},{"predicate":{"custom_model_data":102.0,"hexcasting:funny_level":2.0},"model":"hexcasting:item/wand_bosnia"},{"predicate":{"custom_model_data":103.0},"model":"consistency_plus:item/warped_wart_brick"},{"predicate":{"custom_model_data":104.0},"model":"archon:item/water_gem"},{"predicate":{"custom_model_data":105.0},"model":"bagels_baking:item/wheat_cereal"},{"predicate":{"custom_model_data":106.0},"model":"minecraft:item/barrier"},{"predicate":{"custom_model_data":107.0},"model":"witherite_plus:item/witherite_nugget"},{"predicate":{"custom_model_data":108.0},"model":"campanion:item/wooden_rod"},{"predicate":{"custom_model_data":109.0},"model":"minecraft:item/barrier"},{"predicate":{"custom_model_data":110.0},"model":"consistency_plus:item/yellow_dyed_bundle"},{"predicate":{"custom_model_data":110.0,"filled":0.001},"model":"consistency_plus:item/yellow_dyed_bundle_filled"},{"predicate":{"custom_model_data":111.0},"model":"bwplus:item/yew_boat"},{"predicate":{"custom_model_data":112.0},"model":"create:item/zinc_ingot"}]}