{"parent":"item/generated","textures":{"layer0":"item/phantom_membrane"},"overrides":[{"predicate":{"custom_model_data":1.0},"model":"botania:item/ancient_will_karil"},{"predicate":{"custom_model_data":2.0},"model":"archon:item/angelic_star"},{"predicate":{"custom_model_data":3.0},"model":"botania:item/astrolabe"},{"predicate":{"custom_model_data":4.0},"model":"automobility:item/automobile_engine"},{"predicate":{"custom_model_data":5.0},"model":"bewitchment:item/baphomet_spawn_egg"},{"predicate":{"custom_model_data":6.0},"model":"minecraft:item/barrier"},{"predicate":{"custom_model_data":7.0},"model":"campanion:item/blackened_marshmallow_on_a_stick"},{"predicate":{"custom_model_data":8.0},"model":"create:item/blaze_cake"},{"predicate":{"custom_model_data":9.0},"model":"archon:item/boss_soul"},{"predicate":{"custom_model_data":10.0},"model":"create:item/brass_ingot"},{"predicate":{"custom_model_data":11.0},"model":"bwplus:item/cambion_spawn_egg"},{"predicate":{"custom_model_data":12.0},"model":"minecraft:item/barrier"},{"predicate":{"custom_model_data":13.0},"model":"bagels_baking:item/cocoa_powder"},{"predicate":{"custom_model_data":14.0},"model":"terrariamod:item/copper_pickaxe"},{"predicate":{"custom_model_data":15.0},"model":"botania:item/cosmetic_eerie_mask"},{"predicate":{"custom_model_data":16.0},"model":"botania:item/cosmetic_puffy_scarf"},{"predicate":{"custom_model_data":17.0},"model":"create:item/crushed_nickel_ore"},{"predicate":{"custom_model_data":18.0},"model":"campanion:item/day_pack"},{"predicate":{"custom_model_data":19.0},"model":"botania:item/dice"},{"predicate":{"custom_model_data":20.0},"model":"pswg:item/display_panel"},{"predicate":{"custom_model_data":21.0},"model":"bagels_baking:item/dried_tea_leaves"},{"predicate":{"custom_model_data":22.0},"model":"hexcasting:item/dye_colorizer_blue"},{"predicate":{"custom_model_data":23.0},"model":"hexcasting:item/dye_colorizer_red"},{"predicate":{"custom_model_data":24.0},"model":"spacefactory:item/ender_pearl_dust"},{"predicate":{"custom_model_data":25.0},"model":"witherite_plus:item/enriched_witherite_powder"},{"predicate":{"custom_model_data":26.0},"model":"create:item/experience_nugget"},{"predicate":{"custom_model_data":27.0},"model":"botania:item/gaia_ingot"},{"predicate":{"custom_model_data":28.0},"model":"wiredredstone:item/gate_repeater"},{"predicate":{"custom_model_data":29.0},"model":"pswg:item/glass_bottle_2"},{"predicate":{"custom_model_data":30.0},"model":"consistency_plus:item/granite_brick"},{"predicate":{"custom_model_data":31.0},"model":"ecotones:item/grass_cord"},{"predicate":{"custom_model_data":32.0},"model":"gravitychanger:item/gravity_changer_east_aoe"},{"predicate":{"custom_model_data":33.0},"model":"wiredredstone:item/gray_bundled_cable"},{"predicate":{"custom_model_data":34.0},"model":"guardvillagers:item/guard_spawn_egg"},{"predicate":{"custom_model_data":35.0},"model":"terrariamod:item/honey_bucket"},{"predicate":{"custom_model_data":36.0},"model":"create:item/incomplete_precision_mechanism"},{"predicate":{"custom_model_data":37.0},"model":"spacefactory:item/iridium_nugget"},{"predicate":{"custom_model_data":38.0},"model":"bagels_baking:item/juniper_boat"},{"predicate":{"custom_model_data":39.0},"model":"pswg:item/krayt_tooth"},{"predicate":{"custom_model_data":40.0},"model":"botania:item/lens_efficiency"},{"predicate":{"custom_model_data":41.0},"model":"botania:item/lens_paint"},{"predicate":{"custom_model_data":42.0},"model":"botania:item/life_essence"},{"predicate":{"custom_model_data":43.0},"model":"botania:item/livingwood_twig"},{"predicate":{"custom_model_data":44.0},"model":"ecotones:item/malachite_item"},{"predicate":{"custom_model_data":45.0},"model":"botania:item/mana_ring"},{"predicate":{"custom_model_data":46.0},"model":"incorporeal:item/matcher_lens"},{"predicate":{"custom_model_data":47.0},"model":"purpeille:item/metallic_lightning"},{"predicate":{"custom_model_data":48.0},"model":"transpositioners:item/module_base_mk3"},{"predicate":{"custom_model_data":49.0},"model":"pswg:item/molo_flower"},{"predicate":{"custom_model_data":50.0},"model":"spacefactory:item/nano_steel_ingot"},{"predicate":{"custom_model_data":51.0},"model":"botania:item/pattern_2_2"},{"predicate":{"custom_model_data":52.0},"model":"botania:item/pixie_ring"},{"predicate":{"custom_model_data":53.0},"model":"terracraft:item/platinum_coin"},{"predicate":{"custom_model_data":54.0},"model":"peculiarpieces:item/position_pearl"},{"predicate":{"custom_model_data":55.0},"model":"purpeille:item/preserved_dust"},{"predicate":{"custom_model_data":56.0},"model":"hexcasting:item/pride_colorizer_intersex"},{"predicate":{"custom_model_data":57.0},"model":"consistency_plus:item/purpur_brick"},{"predicate":{"custom_model_data":58.0},"model":"botania:item/quartz_blaze"},{"predicate":{"custom_model_data":59.0},"model":"botania:item/rainbow_rod"},{"predicate":{"custom_model_data":60.0},"model":"pswg:item/raw_diatium"},{"predicate":{"custom_model_data":61.0},"model":"pswg:item/raw_titanium"},{"predicate":{"custom_model_data":62.0},"model":"wiredredstone:item/red_bundled_cable"},{"predicate":{"custom_model_data":63.0},"model":"terrariamod:item/regeneration_potion"},{"predicate":{"custom_model_data":64.0},"model":"campanion:item/rope"},{"predicate":{"custom_model_data":65.0},"model":"pswg:item/rubindum_shard"},{"predicate":{"custom_model_data":66.0},"model":"botania:item/rune_fire"},{"predicate":{"custom_model_data":67.0},"model":"sandwichable:item/sandwich_table_minecart"},{"predicate":{"custom_model_data":68.0},"model":"hexcasting:item/scroll_small"},{"predicate":{"custom_model_data":68.0,"hexcasting:ancient":0.0},"model":"hexcasting:item/scroll_pristine_small"},{"predicate":{"custom_model_data":68.0,"hexcasting:ancient":1.0},"model":"hexcasting:item/scroll_ancient_small"},{"predicate":{"custom_model_data":69.0},"model":"minecraft:item/barrier"},{"predicate":{"custom_model_data":70.0},"model":"minecraft:item/barrier"},{"predicate":{"custom_model_data":71.0},"model":"minecraft:item/barrier"},{"predicate":{"custom_model_data":72.0},"model":"minecraft:item/barrier"},{"predicate":{"custom_model_data":73.0},"model":"minecraft:item/barrier"},{"predicate":{"custom_model_data":74.0},"model":"minecraft:item/barrier"},{"predicate":{"custom_model_data":75.0},"model":"minecraft:item/barrier"},{"predicate":{"custom_model_data":76.0},"model":"minecraft:item/barrier"},{"predicate":{"custom_model_data":77.0},"model":"bewitchment:item/silver_ingot"},{"predicate":{"custom_model_data":78.0},"model":"botania:item/skydirt_rod"},{"predicate":{"custom_model_data":79.0},"model":"terracraft:item/soul_fire_arrow"},{"predicate":{"custom_model_data":80.0},"model":"sandwichable:item/sour_cheese_culture_bottle"},{"predicate":{"custom_model_data":81.0},"model":"pswg:item/spawn_laa"},{"predicate":{"custom_model_data":82.0},"model":"botania:item/speed_up_belt"},{"predicate":{"custom_model_data":83.0},"model":"portalcubed:item/storage_cube"},{"predicate":{"custom_model_data":84.0},"model":"ecotones:item/sulfur"},{"predicate":{"custom_model_data":85.0},"model":"botania:item/super_travel_belt"},{"predicate":{"custom_model_data":86.0},"model":"culinaire:item/tea_bottle"},{"predicate":{"custom_model_data":87.0},"model":"botania:item/terraform_rod"},{"predicate":{"custom_model_data":88.0},"model":"pswg:item/titanium_ingot"},{"predicate":{"custom_model_data":89.0},"model":"darkutils:item/tome_sga"},{"predicate":{"custom_model_data":90.0},"model":"bagels_baking:item/unfired_plate"},{"predicate":{"custom_model_data":91.0},"model":"hexcasting:item/wand_acacia"},{"predicate":{"custom_model_data":91.0,"hexcasting:funny_level":0.0},"model":"hexcasting:item/wand_acacia"},{"predicate":{"custom_model_data":91.0,"hexcasting:funny_level":1.0},"model":"hexcasting:item/wand_old"},{"predicate":{"custom_model_data":91.0,"hexcasting:funny_level":2.0},"model":"hexcasting:item/wand_bosnia"},{"predicate":{"custom_model_data":92.0},"model":"spacefactory:item/warp_prism"},{"predicate":{"custom_model_data":93.0},"model":"terrariamod:item/water_bottle"},{"predicate":{"custom_model_data":94.0},"model":"pswg:item/white_cup"},{"predicate":{"custom_model_data":95.0},"model":"consistency_plus:item/withered_bone_brick"},{"predicate":{"custom_model_data":96.0},"model":"minecraft:item/barrier"}]}