{"parent":"item/generated","textures":{"layer0":"item/porkchop"},"overrides":[{"predicate":{"custom_model_data":1.0},"model":"bagels_baking:item/ambrosia"},{"predicate":{"custom_model_data":2.0},"model":"promenade:item/banana"},{"predicate":{"custom_model_data":3.0},"model":"promenade:item/blueberries"},{"predicate":{"custom_model_data":4.0},"model":"bagels_baking:item/chocolate_milkshake"},{"predicate":{"custom_model_data":5.0},"model":"campanion:item/cooked_marshmallow"},{"predicate":{"custom_model_data":6.0},"model":"pswg:item/coronet_cocktail"},{"predicate":{"custom_model_data":7.0},"model":"sandwichable:item/creamy_cheese_slice"},{"predicate":{"custom_model_data":8.0},"model":"mbembe:item/dodo"},{"predicate":{"custom_model_data":9.0},"model":"bewitchment:item/garlic_bread"},{"predicate":{"custom_model_data":10.0},"model":"bagels_baking:item/grape_soda_slushee"},{"predicate":{"custom_model_data":11.0},"model":"bewitchment:item/grotesque_stew"},{"predicate":{"custom_model_data":12.0},"model":"sandwichable:item/mayonnaise_bottle"},{"predicate":{"custom_model_data":13.0},"model":"bagels_baking:item/mountain_fountain"},{"predicate":{"custom_model_data":14.0},"model":"bagels_baking:item/mutton_sandwich"},{"predicate":{"custom_model_data":15.0},"model":"bagels_baking:item/peach_cobbler"},{"predicate":{"custom_model_data":16.0},"model":"bagels_baking:item/red_wine"},{"predicate":{"custom_model_data":17.0},"model":"bagels_baking:item/rice_ball"},{"predicate":{"custom_model_data":18.0},"model":"culinaire:item/sweet_berry_pie"},{"predicate":{"custom_model_data":19.0},"model":"sandwichable:item/tomato"},{"predicate":{"custom_model_data":20.0},"model":"sandwichable:item/warped_bleu_cheese_slice"}]}