{"parent":"item/generated","textures":{"layer0":"item/porkchop"},"overrides":[{"predicate":{"custom_model_data":1.0},"model":"bagels_baking:item/ambrosia"},{"predicate":{"custom_model_data":2.0},"model":"promenade:item/banana"},{"predicate":{"custom_model_data":3.0},"model":"promenade:item/blueberries"},{"predicate":{"custom_model_data":4.0},"model":"bagels_baking:item/chocolate_milkshake"},{"predicate":{"custom_model_data":5.0},"model":"campanion:item/cooked_marshmallow"},{"predicate":{"custom_model_data":6.0},"model":"pswg:item/coronet_cocktail"},{"predicate":{"custom_model_data":7.0},"model":"sandwichable:item/creamy_cheese_slice"},{"predicate":{"custom_model_data":8.0},"model":"bagels_baking:item/fish_stew"},{"predicate":{"custom_model_data":9.0},"model":"bagels_baking:item/fried_onion_rings"},{"predicate":{"custom_model_data":10.0},"model":"bagels_baking:item/grape_jam_sandwich"},{"predicate":{"custom_model_data":11.0},"model":"bagels_baking:item/loaded_fries"},{"predicate":{"custom_model_data":12.0},"model":"sandwichable:item/onion"},{"predicate":{"custom_model_data":13.0},"model":"bagels_baking:item/pork_taco"},{"predicate":{"custom_model_data":14.0},"model":"bagels_baking:item/sugar_cookie"},{"predicate":{"custom_model_data":15.0},"model":"bagels_baking:item/sweet_berry_jam_sandwich"},{"predicate":{"custom_model_data":16.0},"model":"bagels_baking:item/tomato"},{"predicate":{"custom_model_data":17.0},"model":"bagels_baking:item/whiskey"}]}