{"parent":"item/generated","textures":{"layer0":"item/porkchop"},"overrides":[{"predicate":{"custom_model_data":1.0},"model":"promenade:item/banana"},{"predicate":{"custom_model_data":2.0},"model":"ecotones:item/blueberry_jam"},{"predicate":{"custom_model_data":3.0},"model":"bagels_baking:item/cherry_meringue_pie"},{"predicate":{"custom_model_data":4.0},"model":"sandwichable:item/chopped_beetroot"},{"predicate":{"custom_model_data":5.0},"model":"bagels_baking:item/cola"},{"predicate":{"custom_model_data":6.0},"model":"pswg:item/coronet_cocktail"},{"predicate":{"custom_model_data":7.0},"model":"sandwichable:item/creamy_cheese_slice"},{"predicate":{"custom_model_data":8.0},"model":"bewitchment:item/garlic"},{"predicate":{"custom_model_data":9.0},"model":"bagels_baking:item/grape_soda"},{"predicate":{"custom_model_data":10.0},"model":"pswg:item/kreetlejuice"},{"predicate":{"custom_model_data":11.0},"model":"archon:item/mana_berries"},{"predicate":{"custom_model_data":12.0},"model":"bagels_baking:item/mayonnaise"},{"predicate":{"custom_model_data":13.0},"model":"bagels_baking:item/pork_taco"},{"predicate":{"custom_model_data":14.0},"model":"bagels_baking:item/rabbit_pocket"},{"predicate":{"custom_model_data":15.0},"model":"ecotones:item/rosemary"},{"predicate":{"custom_model_data":16.0},"model":"bagels_baking:item/sake"},{"predicate":{"custom_model_data":17.0},"model":"bagels_baking:item/steak_cheeseburger"},{"predicate":{"custom_model_data":18.0},"model":"bagels_baking:item/veggie_medley"}]}