{"parent":"item/generated","textures":{"layer0":"item/potato"},"overrides":[{"predicate":{"custom_model_data":1.0},"model":"bagels_baking:item/apple_cinnamon_milkshake"},{"predicate":{"custom_model_data":2.0},"model":"create:item/bar_of_chocolate"},{"predicate":{"custom_model_data":3.0},"model":"bagels_baking:item/cheese_slice"},{"predicate":{"custom_model_data":4.0},"model":"bagels_baking:item/chicken_stew"},{"predicate":{"custom_model_data":5.0},"model":"sandwichable:item/cooked_chicken_filet"},{"predicate":{"custom_model_data":6.0},"model":"sandwichable:item/cooked_tomato_slice"},{"predicate":{"custom_model_data":6.0,"sandwichable:sandwich_state":0.25},"model":"sandwichable:item/cooked_tomato_slice_0"},{"predicate":{"custom_model_data":6.0,"sandwichable:sandwich_state":0.5},"model":"sandwichable:item/cooked_tomato_slice_1"},{"predicate":{"custom_model_data":6.0,"sandwichable:sandwich_state":0.75},"model":"sandwichable:item/cooked_tomato_slice_2"},{"predicate":{"custom_model_data":7.0},"model":"sandwichable:item/cucumber"},{"predicate":{"custom_model_data":8.0},"model":"bagels_baking:item/fruity_soda"},{"predicate":{"custom_model_data":9.0},"model":"sandwichable:item/glow_berry_jam_bottle"},{"predicate":{"custom_model_data":10.0},"model":"bagels_baking:item/grapes"},{"predicate":{"custom_model_data":11.0},"model":"promenade:item/mango"},{"predicate":{"custom_model_data":12.0},"model":"culinaire:item/mashed_potatoes"},{"predicate":{"custom_model_data":13.0},"model":"bagels_baking:item/pizza"},{"predicate":{"custom_model_data":14.0},"model":"sandwichable:item/sour_cheese_slice"},{"predicate":{"custom_model_data":15.0},"model":"bagels_baking:item/sugar_cookie"},{"predicate":{"custom_model_data":16.0},"model":"sandwichable:item/sweet_berry_jam_bottle"},{"predicate":{"custom_model_data":17.0},"model":"culinaire:item/toasty_marshmallow_on_a_stick"}]}