{"parent":"item/generated","textures":{"layer0":"item/potato"},"overrides":[{"predicate":{"custom_model_data":1.0},"model":"pswg:item/ahrisa_bowl"},{"predicate":{"custom_model_data":2.0},"model":"bagels_baking:item/apple_cinnamon_ice_cream"},{"predicate":{"custom_model_data":3.0},"model":"create:item/bar_of_chocolate"},{"predicate":{"custom_model_data":4.0},"model":"sandwichable:item/candescent_cheese_wheel"},{"predicate":{"custom_model_data":5.0},"model":"bagels_baking:item/cheese_sandwich"},{"predicate":{"custom_model_data":6.0},"model":"bagels_baking:item/chicken_sandwich"},{"predicate":{"custom_model_data":7.0},"model":"bagels_baking:item/cooked_calamari"},{"predicate":{"custom_model_data":8.0},"model":"sandwichable:item/cooked_salmon_filet"},{"predicate":{"custom_model_data":9.0},"model":"sandwichable:item/cucumber"},{"predicate":{"custom_model_data":10.0},"model":"bagels_baking:item/fruity_soda_slushee"},{"predicate":{"custom_model_data":11.0},"model":"bagels_baking:item/glow_berry_jam_sandwich"},{"predicate":{"custom_model_data":12.0},"model":"sandwichable:item/intoxicating_cheese_slice"},{"predicate":{"custom_model_data":13.0},"model":"pswg:item/mynock_wing"},{"predicate":{"custom_model_data":14.0},"model":"bagels_baking:item/popcorn"},{"predicate":{"custom_model_data":15.0},"model":"bagels_baking:item/rabbit_cheeseburger"},{"predicate":{"custom_model_data":16.0},"model":"pswg:item/roast_krayt"}]}