{"parent":"item/generated","textures":{"layer0":"item/rabbit"},"overrides":[{"predicate":{"custom_model_data":1.0},"model":"ecotones:item/blueberry_jam"},{"predicate":{"custom_model_data":2.0},"model":"bagels_baking:item/cherry_meringue_pie"},{"predicate":{"custom_model_data":3.0},"model":"sandwichable:item/chopped_beetroot"},{"predicate":{"custom_model_data":4.0},"model":"bagels_baking:item/cola"},{"predicate":{"custom_model_data":5.0},"model":"sandwichable:item/creamy_cheese_wheel"},{"predicate":{"custom_model_data":6.0},"model":"pswg:item/diet_soda"},{"predicate":{"custom_model_data":7.0},"model":"pswg:item/jerba_rack"},{"predicate":{"custom_model_data":8.0},"model":"bagels_baking:item/lemonade"},{"predicate":{"custom_model_data":9.0},"model":"campanion:item/marshmallow"},{"predicate":{"custom_model_data":10.0},"model":"bagels_baking:item/mead"},{"predicate":{"custom_model_data":11.0},"model":"bagels_baking:item/mountain_fountain_slushee"},{"predicate":{"custom_model_data":12.0},"model":"bagels_baking:item/mutton_stew"},{"predicate":{"custom_model_data":13.0},"model":"bagels_baking:item/pizza"},{"predicate":{"custom_model_data":14.0},"model":"bagels_baking:item/sweet_berry_swirl_cream"},{"predicate":{"custom_model_data":15.0},"model":"sandwichable:item/warped_bleu_cheese_wheel"},{"predicate":{"custom_model_data":16.0},"model":"bagels_baking:item/wild_rice_ball"}]}