{"parent":"item/generated","textures":{"layer0":"item/rabbit"},"overrides":[{"predicate":{"custom_model_data":1.0},"model":"bagels_baking:item/chicken_cheeseburger"},{"predicate":{"custom_model_data":2.0},"model":"sandwichable:item/chopped_carrot"},{"predicate":{"custom_model_data":3.0},"model":"pswg:item/citrus_soda"},{"predicate":{"custom_model_data":4.0},"model":"bagels_baking:item/cola_slushee"},{"predicate":{"custom_model_data":5.0},"model":"pswg:item/cooked_mynock_wing"},{"predicate":{"custom_model_data":6.0},"model":"sandwichable:item/creamy_cheese_wheel"},{"predicate":{"custom_model_data":7.0},"model":"mbembe:item/dodo"},{"predicate":{"custom_model_data":8.0},"model":"bewitchment:item/garlic_bread"},{"predicate":{"custom_model_data":9.0},"model":"bagels_baking:item/grape_soda_slushee"},{"predicate":{"custom_model_data":10.0},"model":"bewitchment:item/grotesque_stew"},{"predicate":{"custom_model_data":11.0},"model":"sandwichable:item/mayonnaise_bottle"},{"predicate":{"custom_model_data":12.0},"model":"bagels_baking:item/rabbit_sandwich"},{"predicate":{"custom_model_data":13.0},"model":"culinaire:item/salad"},{"predicate":{"custom_model_data":14.0},"model":"bagels_baking:item/smoked_bacon"},{"predicate":{"custom_model_data":15.0},"model":"sandwichable:item/spread"},{"predicate":{"custom_model_data":15.0,"sandwichable:loaf_shape":1.0},"model":"sandwichable:item/spread_bread_loaf"},{"predicate":{"custom_model_data":16.0},"model":"bagels_baking:item/steak_meal"},{"predicate":{"custom_model_data":17.0},"model":"bagels_baking:item/whiskey"}]}