{"parent":"item/generated","textures":{"layer0":"item/rabbit"},"overrides":[{"predicate":{"custom_model_data":1.0},"model":"ecotones:item/blueberry_jam"},{"predicate":{"custom_model_data":2.0},"model":"bagels_baking:item/cherry_meringue_pie"},{"predicate":{"custom_model_data":3.0},"model":"sandwichable:item/chopped_beetroot"},{"predicate":{"custom_model_data":4.0},"model":"bagels_baking:item/cola"},{"predicate":{"custom_model_data":5.0},"model":"sandwichable:item/creamy_cheese_wheel"},{"predicate":{"custom_model_data":6.0},"model":"bewitchment:item/demon_heart"},{"predicate":{"custom_model_data":7.0},"model":"promenade:item/duck"},{"predicate":{"custom_model_data":8.0},"model":"bagels_baking:item/egg_whites"},{"predicate":{"custom_model_data":9.0},"model":"bagels_baking:item/fish_taco"},{"predicate":{"custom_model_data":10.0},"model":"bagels_baking:item/fried_porkchop"},{"predicate":{"custom_model_data":11.0},"model":"bagels_baking:item/grape_soda"},{"predicate":{"custom_model_data":12.0},"model":"pswg:item/krayt_meat"},{"predicate":{"custom_model_data":13.0},"model":"bagels_baking:item/loaded_potato"},{"predicate":{"custom_model_data":14.0},"model":"ecotones:item/maple_syrup"},{"predicate":{"custom_model_data":15.0},"model":"bagels_baking:item/onion_rings"},{"predicate":{"custom_model_data":16.0},"model":"sandwichable:item/sour_cheese_slice"},{"predicate":{"custom_model_data":17.0},"model":"bagels_baking:item/sweet_berry_pie"},{"predicate":{"custom_model_data":18.0},"model":"culinaire:item/tomato"}]}