{"parent":"item/generated","textures":{"layer0":"item/red_dye"},"overrides":[{"predicate":{"custom_model_data":17.0},"model":"polycreate:item/smallstand/486cfd7"},{"predicate":{"custom_model_data":367648.0},"model":"polycreate:item/smallstand/8ce71f03"},{"predicate":{"custom_model_data":367649.0},"model":"polycreate:item/smallstand/8ce71f03"},{"predicate":{"custom_model_data":367650.0},"model":"polycreate:item/smallstand/54592a2e"},{"predicate":{"custom_model_data":367651.0},"model":"polycreate:item/smallstand/78a92318"},{"predicate":{"custom_model_data":367652.0},"model":"polycreate:item/smallstand/fcaf86b4"},{"predicate":{"custom_model_data":367653.0},"model":"polycreate:item/smallstand/a7db610a"},{"predicate":{"custom_model_data":367654.0},"model":"polycreate:item/smallstand/5457cd6e"},{"predicate":{"custom_model_data":367655.0},"model":"polycreate:item/smallstand/78a7c658"},{"predicate":{"custom_model_data":367656.0},"model":"polycreate:item/smallstand/fcae29f4"},{"predicate":{"custom_model_data":367657.0},"model":"polycreate:item/smallstand/a7da044a"},{"predicate":{"custom_model_data":367658.0},"model":"polycreate:item/smallstand/54593514"},{"predicate":{"custom_model_data":367659.0},"model":"polycreate:item/smallstand/78a92dfe"},{"predicate":{"custom_model_data":367660.0},"model":"polycreate:item/smallstand/fcaf919a"},{"predicate":{"custom_model_data":367661.0},"model":"polycreate:item/smallstand/a7db6bf0"},{"predicate":{"custom_model_data":367662.0},"model":"polycreate:item/smallstand/8c310919"},{"predicate":{"custom_model_data":367663.0},"model":"polycreate:item/smallstand/7e832f83"},{"predicate":{"custom_model_data":367664.0},"model":"polycreate:item/smallstand/e37fca29"},{"predicate":{"custom_model_data":367665.0},"model":"polycreate:item/smallstand/e3d9a6ff"},{"predicate":{"custom_model_data":367666.0},"model":"polycreate:item/smallstand/8c2fac59"},{"predicate":{"custom_model_data":367667.0},"model":"polycreate:item/smallstand/7e81d2c3"},{"predicate":{"custom_model_data":367668.0},"model":"polycreate:item/smallstand/e37e6d69"},{"predicate":{"custom_model_data":367669.0},"model":"polycreate:item/smallstand/e3d84a3f"},{"predicate":{"custom_model_data":367670.0},"model":"polycreate:item/smallstand/8c3113ff"},{"predicate":{"custom_model_data":367671.0},"model":"polycreate:item/smallstand/7e833a69"},{"predicate":{"custom_model_data":367672.0},"model":"polycreate:item/smallstand/e37fd50f"},{"predicate":{"custom_model_data":367673.0},"model":"polycreate:item/smallstand/e3d9b1e5"},{"predicate":{"custom_model_data":367824.0},"model":"polycreate:item/smallstand/a6864109"},{"predicate":{"custom_model_data":367825.0},"model":"polycreate:item/smallstand/a6864bef"},{"predicate":{"custom_model_data":367826.0},"model":"polycreate:item/smallstand/a68656d5"},{"predicate":{"custom_model_data":367827.0},"model":"polycreate:item/smallstand/a68661bb"},{"predicate":{"custom_model_data":367828.0},"model":"polycreate:item/smallstand/a684ef2f"},{"predicate":{"custom_model_data":367829.0},"model":"polycreate:item/smallstand/a68792e3"}]}