{"parent":"item/generated","textures":{"layer0":"item/salmon"},"overrides":[{"predicate":{"custom_model_data":1.0},"model":"pswg:item/black_melon"},{"predicate":{"custom_model_data":2.0},"model":"bagels_baking:item/cactus_chiller"},{"predicate":{"custom_model_data":3.0},"model":"sandwichable:item/chicken_filet"},{"predicate":{"custom_model_data":4.0},"model":"sandwichable:item/chopped_golden_carrot"},{"predicate":{"custom_model_data":5.0},"model":"pswg:item/cooked_nerf_chop"},{"predicate":{"custom_model_data":6.0},"model":"bagels_baking:item/creamy_coffee_cup"},{"predicate":{"custom_model_data":7.0},"model":"pswg:item/diet_soda"},{"predicate":{"custom_model_data":8.0},"model":"create:item/honeyed_apple"},{"predicate":{"custom_model_data":9.0},"model":"pswg:item/jerba_rack"},{"predicate":{"custom_model_data":10.0},"model":"bagels_baking:item/lemonade"},{"predicate":{"custom_model_data":11.0},"model":"campanion:item/marshmallow"},{"predicate":{"custom_model_data":12.0},"model":"bagels_baking:item/mead"},{"predicate":{"custom_model_data":13.0},"model":"pswg:item/mysterious_smoothie"},{"predicate":{"custom_model_data":14.0},"model":"bagels_baking:item/rabbit_taco"},{"predicate":{"custom_model_data":15.0},"model":"pswg:item/ronto_chuck"},{"predicate":{"custom_model_data":16.0},"model":"sandwichable:item/salmon_filet"},{"predicate":{"custom_model_data":17.0},"model":"bagels_baking:item/smoked_jerky"},{"predicate":{"custom_model_data":18.0},"model":"bagels_baking:item/squid_sushi"},{"predicate":{"custom_model_data":19.0},"model":"bagels_baking:item/steak_pocket"}]}