{"parent":"item/generated","textures":{"layer0":"item/salmon"},"overrides":[{"predicate":{"custom_model_data":1.0},"model":"pswg:item/black_melon"},{"predicate":{"custom_model_data":2.0},"model":"bagels_baking:item/chicken_cheeseburger"},{"predicate":{"custom_model_data":3.0},"model":"sandwichable:item/chopped_carrot"},{"predicate":{"custom_model_data":4.0},"model":"pswg:item/citrus_soda"},{"predicate":{"custom_model_data":5.0},"model":"bagels_baking:item/cola_slushee"},{"predicate":{"custom_model_data":6.0},"model":"pswg:item/cooked_mynock_wing"},{"predicate":{"custom_model_data":7.0},"model":"bagels_baking:item/creamy_coffee_cup"},{"predicate":{"custom_model_data":8.0},"model":"bagels_baking:item/egg_yolk"},{"predicate":{"custom_model_data":9.0},"model":"bewitchment:item/garlic"},{"predicate":{"custom_model_data":10.0},"model":"bagels_baking:item/grape_soda_slushee"},{"predicate":{"custom_model_data":11.0},"model":"bewitchment:item/grotesque_stew"},{"predicate":{"custom_model_data":12.0},"model":"pswg:item/jerba_rack"},{"predicate":{"custom_model_data":13.0},"model":"milk_plus:item/milk_bowl"},{"predicate":{"custom_model_data":14.0},"model":"bagels_baking:item/peach"},{"predicate":{"custom_model_data":15.0},"model":"sandwichable:item/sour_cheese_wheel"},{"predicate":{"custom_model_data":16.0},"model":"culinaire:item/sweet_berry_pie"},{"predicate":{"custom_model_data":17.0},"model":"sandwichable:item/tomato"},{"predicate":{"custom_model_data":18.0},"model":"sandwichable:item/warped_bleu_cheese_slice"},{"predicate":{"custom_model_data":19.0},"model":"bagels_baking:item/wild_rice_ball"}]}