{"parent":"item/handheld","textures":{"layer0":"item/stick"},"overrides":[{"predicate":{"custom_model_data":1.0},"model":"transpositioners:item/and_gate_module_mk3"},{"predicate":{"custom_model_data":2.0},"model":"create:item/attribute_filter"},{"predicate":{"custom_model_data":3.0},"model":"pswg:item/ball_bearing"},{"predicate":{"custom_model_data":4.0},"model":"consistency_plus:item/basalt_brick"},{"predicate":{"custom_model_data":5.0},"model":"consistency_plus:item/blackstone_brick"},{"predicate":{"custom_model_data":6.0},"model":"decorative:item/brown_bath_tire"},{"predicate":{"custom_model_data":7.0},"model":"pswg:item/brown_cup"},{"predicate":{"custom_model_data":8.0},"model":"sandwichable:item/candescent_cheese_culture_bottle"},{"predicate":{"custom_model_data":9.0},"model":"sandwichable:item/charred_morsel"},{"predicate":{"custom_model_data":10.0},"model":"bewitchment:item/cleansing_balm"},{"predicate":{"custom_model_data":11.0},"model":"spacefactory:item/coal_dust"},{"predicate":{"custom_model_data":12.0},"model":"consistency_plus:item/copper_brick"},{"predicate":{"custom_model_data":13.0},"model":"terracraft:item/copper_coin"},{"predicate":{"custom_model_data":14.0},"model":"recordable:item/copper_record"},{"predicate":{"custom_model_data":15.0},"model":"botania:item/corporea_spark_master"},{"predicate":{"custom_model_data":16.0},"model":"botania:item/cosmetic_black_bowtie"},{"predicate":{"custom_model_data":17.0},"model":"botania:item/cosmetic_googly_eyes"},{"predicate":{"custom_model_data":18.0},"model":"botania:item/cosmetic_thick_eyebrows"},{"predicate":{"custom_model_data":19.0},"model":"archon:item/creature_soul"},{"predicate":{"custom_model_data":20.0},"model":"create:item/crushed_silver_ore"},{"predicate":{"custom_model_data":21.0},"model":"minecraft:item/barrier"},{"predicate":{"custom_model_data":22.0},"model":"terrariamod:item/demon_eye_slime_spawn_egg"},{"predicate":{"custom_model_data":23.0},"model":"pswg:item/desh_ingot"},{"predicate":{"custom_model_data":24.0},"model":"refmagic:item/dimensional_totem"},{"predicate":{"custom_model_data":25.0},"model":"create:item/dough"},{"predicate":{"custom_model_data":26.0},"model":"pswg:item/durasteel_cup"},{"predicate":{"custom_model_data":27.0},"model":"hexcasting:item/dye_colorizer_green"},{"predicate":{"custom_model_data":28.0},"model":"bewitchment:item/earth_ichor"},{"predicate":{"custom_model_data":29.0},"model":"consistency_plus:item/end_stone_brick"},{"predicate":{"custom_model_data":30.0},"model":"qcraft:item/entanglement_essence"},{"predicate":{"custom_model_data":31.0},"model":"botania:item/flower_bag"},{"predicate":{"custom_model_data":32.0},"model":"pswg:item/glass_2"},{"predicate":{"custom_model_data":33.0},"model":"rocks:item/granite_splitter"},{"predicate":{"custom_model_data":34.0},"model":"gravitychanger:item/gravity_changer_south"},{"predicate":{"custom_model_data":35.0},"model":"consistency_plus:item/gray_concrete_brick"},{"predicate":{"custom_model_data":36.0},"model":"terracraft:item/grenade"},{"predicate":{"custom_model_data":37.0},"model":"additionalbanners:item/heart"},{"predicate":{"custom_model_data":38.0},"model":"pswg:item/hide"},{"predicate":{"custom_model_data":39.0},"model":"botania:item/infinite_fruit"},{"predicate":{"custom_model_data":39.0,"botania:boot":1.0},"model":"botania:item/dasboot"},{"predicate":{"custom_model_data":40.0},"model":"transpositioners:item/item_mover_module_mk1"},{"predicate":{"custom_model_data":41.0},"model":"ecotones:item/jar"},{"predicate":{"custom_model_data":42.0},"model":"botania:item/lens_firework"},{"predicate":{"custom_model_data":43.0},"model":"botania:item/lens_power"},{"predicate":{"custom_model_data":44.0},"model":"wiredredstone:item/light_blue_bundled_cable"},{"predicate":{"custom_model_data":45.0},"model":"decorative:item/light_gray_bath_tire"},{"predicate":{"custom_model_data":46.0},"model":"pswg:item/light_gray_cup"},{"predicate":{"custom_model_data":47.0},"model":"wiredredstone:item/light_gray_insulated_wire"},{"predicate":{"custom_model_data":48.0},"model":"archon:item/lightning_bottle"},{"predicate":{"custom_model_data":49.0},"model":"bagels_baking:item/linguine"},{"predicate":{"custom_model_data":50.0},"model":"wiredredstone:item/magenta_bundled_cable"},{"predicate":{"custom_model_data":51.0},"model":"terrariamod:item/magic_mirror"},{"predicate":{"custom_model_data":52.0},"model":"botania:item/mana_mirror"},{"predicate":{"custom_model_data":53.0},"model":"botania:item/mana_string"},{"predicate":{"custom_model_data":54.0},"model":"botania:item/manasteel_nugget"},{"predicate":{"custom_model_data":55.0},"model":"transpositioners:item/module_base_mk3"},{"predicate":{"custom_model_data":56.0},"model":"pswg:item/molo_flower"},{"predicate":{"custom_model_data":57.0},"model":"spacefactory:item/nano_steel_ingot"},{"predicate":{"custom_model_data":58.0},"model":"transpositioners:item/or_gate_module_mk3"},{"predicate":{"custom_model_data":59.0},"model":"consistency_plus:item/oxidized_copper_brick"},{"predicate":{"custom_model_data":60.0},"model":"botania:item/pattern_3_2"},{"predicate":{"custom_model_data":61.0},"model":"botania:item/phantom_ink"},{"predicate":{"custom_model_data":62.0},"model":"pswg:item/plasteel_nugget"},{"predicate":{"custom_model_data":63.0},"model":"botania:item/podzol_seeds"},{"predicate":{"custom_model_data":64.0},"model":"create:item/powdered_obsidian"},{"predicate":{"custom_model_data":65.0},"model":"hexcasting:item/pride_colorizer_13"},{"predicate":{"custom_model_data":66.0},"model":"decorative:item/purple_bath_tire"},{"predicate":{"custom_model_data":67.0},"model":"pswg:item/purple_cup"},{"predicate":{"custom_model_data":68.0},"model":"botania:item/quartz_red"},{"predicate":{"custom_model_data":69.0},"model":"spacefactory:item/raw_iridium"},{"predicate":{"custom_model_data":70.0},"model":"consistency_plus:item/red_concrete_brick"},{"predicate":{"custom_model_data":71.0},"model":"botania:item/red_string"},{"predicate":{"custom_model_data":72.0},"model":"archon:item/removal_scroll"},{"predicate":{"custom_model_data":73.0},"model":"botania:item/rune_lust"},{"predicate":{"custom_model_data":74.0},"model":"minecraft:item/barrier"},{"predicate":{"custom_model_data":75.0},"model":"minecraft:item/barrier"},{"predicate":{"custom_model_data":76.0},"model":"minecraft:item/barrier"},{"predicate":{"custom_model_data":77.0},"model":"minecraft:item/barrier"},{"predicate":{"custom_model_data":78.0},"model":"minecraft:item/barrier"},{"predicate":{"custom_model_data":79.0},"model":"minecraft:item/barrier"},{"predicate":{"custom_model_data":80.0},"model":"minecraft:item/barrier"},{"predicate":{"custom_model_data":81.0},"model":"minecraft:item/barrier"},{"predicate":{"custom_model_data":82.0},"model":"tot:item/silksteel_ingot"},{"predicate":{"custom_model_data":83.0},"model":"botania:item/slingshot"},{"predicate":{"custom_model_data":84.0},"model":"incorporeal:item/solidified_request_ticket"},{"predicate":{"custom_model_data":84.0,"incorporeal:written_ticket":1.0},"model":"incorporeal:item/solidified_request_ticket_written"},{"predicate":{"custom_model_data":85.0},"model":"botania:item/spark"},{"predicate":{"custom_model_data":86.0},"model":"additionalbanners:item/sword"},{"predicate":{"custom_model_data":87.0},"model":"icbm4fabric:item/tater_missile"},{"predicate":{"custom_model_data":88.0},"model":"bagels_baking:item/tea_leaves"},{"predicate":{"custom_model_data":89.0},"model":"botania:item/tiny_planet"},{"predicate":{"custom_model_data":90.0},"model":"pswg:item/titanium_nugget"},{"predicate":{"custom_model_data":91.0},"model":"darkutils:item/tome_shadows"},{"predicate":{"custom_model_data":92.0},"model":"bwplus:item/unicorn_blood"},{"predicate":{"custom_model_data":93.0},"model":"bewitchment:item/vampire_spawn_egg"},{"predicate":{"custom_model_data":94.0},"model":"botania:item/virus_nullodermal"},{"predicate":{"custom_model_data":95.0},"model":"minecraft:item/barrier"},{"predicate":{"custom_model_data":96.0},"model":"create:item/wand_of_symmetry"},{"predicate":{"custom_model_data":97.0},"model":"botania:item/water_rod"},{"predicate":{"custom_model_data":98.0},"model":"consistency_plus:item/white_terracotta_brick"}]}