{"parent":"item/handheld","textures":{"layer0":"item/stick"},"overrides":[{"predicate":{"custom_model_data":1.0},"model":"transpositioners:item/and_gate_module_mk1"},{"predicate":{"botania:active":1.0,"custom_model_data":94.0},"model":"botania:item/temperance_stone_active"},{"predicate":{"custom_model_data":2.0},"model":"rocks:item/andesite_splitter"},{"predicate":{"custom_model_data":3.0},"model":"pswg:item/ball_bearing"},{"predicate":{"custom_model_data":4.0},"model":"consistency_plus:item/basalt_brick"},{"predicate":{"custom_model_data":5.0},"model":"consistency_plus:item/blackstone_brick"},{"predicate":{"custom_model_data":6.0},"model":"wiredredstone:item/blue_bundled_cable"},{"predicate":{"custom_model_data":7.0},"model":"incorporeal:item/bound_ender_pearl"},{"predicate":{"custom_model_data":7.0,"incorporeal:is_bound":1.0},"model":"incorporeal:item/bound_ender_pearl_bound"},{"predicate":{"custom_model_data":8.0},"model":"haema_extras_blanketcon:item/campsite_travel_token"},{"predicate":{"custom_model_data":9.0},"model":"darkutils:item/charm_warding"},{"predicate":{"custom_model_data":10.0},"model":"create:item/chest_minecart_contraption"},{"predicate":{"custom_model_data":11.0},"model":"bagels_baking:item/cinnamon_powder"},{"predicate":{"custom_model_data":12.0},"model":"consistency_plus:item/copper_brick"},{"predicate":{"custom_model_data":13.0},"model":"terracraft:item/copper_coin"},{"predicate":{"custom_model_data":14.0},"model":"recordable:item/copper_record"},{"predicate":{"custom_model_data":15.0},"model":"botania:item/corporea_spark_master"},{"predicate":{"custom_model_data":16.0},"model":"botania:item/cosmetic_black_bowtie"},{"predicate":{"custom_model_data":17.0},"model":"botania:item/cosmetic_googly_eyes"},{"predicate":{"custom_model_data":18.0},"model":"botania:item/cosmetic_thick_eyebrows"},{"predicate":{"custom_model_data":19.0},"model":"archon:item/creature_soul"},{"predicate":{"custom_model_data":20.0},"model":"create:item/crushed_silver_ore"},{"predicate":{"custom_model_data":21.0},"model":"minecraft:item/barrier"},{"predicate":{"custom_model_data":22.0},"model":"pswg:item/desh_nugget"},{"predicate":{"custom_model_data":23.0},"model":"spacefactory:item/diamond_dust"},{"predicate":{"custom_model_data":24.0},"model":"botania:item/dirt_rod"},{"predicate":{"custom_model_data":25.0},"model":"botania:item/divining_rod"},{"predicate":{"custom_model_data":26.0},"model":"extended_drawers:item/downgrade"},{"predicate":{"custom_model_data":27.0},"model":"pswg:item/durasteel_cup"},{"predicate":{"custom_model_data":28.0},"model":"hexcasting:item/dye_colorizer_green"},{"predicate":{"custom_model_data":29.0},"model":"bewitchment:item/earth_ichor"},{"predicate":{"custom_model_data":30.0},"model":"consistency_plus:item/end_stone_brick"},{"predicate":{"custom_model_data":31.0},"model":"incorporeal:item/enterbrilliance"},{"predicate":{"custom_model_data":32.0},"model":"terrariamod:item/fallen_star"},{"predicate":{"custom_model_data":33.0},"model":"minecraft:item/barrier"},{"predicate":{"custom_model_data":34.0},"model":"botania:item/fire_rod"},{"predicate":{"custom_model_data":35.0},"model":"peculiarpieces:item/flight_ring"},{"predicate":{"custom_model_data":36.0},"model":"terrariamod:item/gel"},{"predicate":{"custom_model_data":37.0},"model":"pswg:item/glass_3"},{"predicate":{"custom_model_data":38.0},"model":"minecraft:item/barrier"},{"predicate":{"custom_model_data":39.0},"model":"ecotones:item/gold_chunk"},{"predicate":{"custom_model_data":40.0},"model":"botania:item/golden_seeds"},{"predicate":{"custom_model_data":41.0},"model":"gravitychanger:item/gravity_changer_south_aoe"},{"predicate":{"custom_model_data":42.0},"model":"haema_extras_blanketcon:item/haema_booth_travel_token"},{"predicate":{"custom_model_data":43.0},"model":"additionalbanners:item/heart"},{"predicate":{"custom_model_data":44.0},"model":"pswg:item/hide"},{"predicate":{"custom_model_data":45.0},"model":"terrariamod:item/iron_bow"},{"predicate":{"custom_model_data":46.0},"model":"transpositioners:item/item_mover_module_mk2"},{"predicate":{"custom_model_data":47.0},"model":"botania:item/laputa_shard"},{"predicate":{"custom_model_data":48.0},"model":"botania:item/lens_flare"},{"predicate":{"custom_model_data":49.0},"model":"botania:item/lens_redirect"},{"predicate":{"custom_model_data":50.0},"model":"pswg:item/lightsaber"},{"predicate":{"custom_model_data":51.0},"model":"create:item/linked_controller"},{"predicate":{"custom_model_data":52.0},"model":"promenade:item/lush_creeper_spawn_egg"},{"predicate":{"custom_model_data":53.0},"model":"botania:item/mana_bottle"},{"predicate":{"custom_model_data":53.0,"botania:swigs_taken":1.0},"model":"botania:item/mana_bottle_1"},{"predicate":{"custom_model_data":53.0,"botania:swigs_taken":2.0},"model":"botania:item/mana_bottle_2"},{"predicate":{"custom_model_data":53.0,"botania:swigs_taken":3.0},"model":"botania:item/mana_bottle_3"},{"predicate":{"custom_model_data":53.0,"botania:swigs_taken":4.0},"model":"botania:item/mana_bottle_4"},{"predicate":{"custom_model_data":53.0,"botania:swigs_taken":5.0},"model":"botania:item/mana_bottle_5"},{"predicate":{"custom_model_data":54.0},"model":"botania:item/mana_pearl"},{"predicate":{"custom_model_data":55.0},"model":"botania:item/mana_tablet"},{"predicate":{"custom_model_data":56.0},"model":"milk:item/milk_bottle"},{"predicate":{"custom_model_data":57.0},"model":"minecraft:item/barrier"},{"predicate":{"custom_model_data":58.0},"model":"minecraft:item/barrier"},{"predicate":{"custom_model_data":59.0},"model":"botania:item/monocle"},{"predicate":{"custom_model_data":60.0},"model":"bingbingwahoo:item/music_disc_slider"},{"predicate":{"custom_model_data":61.0},"model":"sandwichable:item/netherite_kitchen_knife"},{"predicate":{"custom_model_data":62.0},"model":"rocks:item/netherrack_splitter"},{"predicate":{"custom_model_data":63.0},"model":"consistency_plus:item/orange_concrete_brick"},{"predicate":{"custom_model_data":64.0},"model":"wiredredstone:item/orange_insulated_wire"},{"predicate":{"custom_model_data":65.0},"model":"ecotones:item/peat_item"},{"predicate":{"custom_model_data":66.0},"model":"pswg:item/pink_cup"},{"predicate":{"custom_model_data":67.0},"model":"computercraft:item/pocket_computer_advanced"},{"predicate":{"custom_model_data":67.0,"computercraft:state":0.0,"computercraft:coloured":0.0},"model":"computercraft:item/pocket_computer_advanced"},{"predicate":{"custom_model_data":67.0,"computercraft:state":1.0,"computercraft:coloured":0.0},"model":"computercraft:item/pocket_computer_advanced_on"},{"predicate":{"custom_model_data":67.0,"computercraft:state":2.0,"computercraft:coloured":0.0},"model":"computercraft:item/pocket_computer_advanced_blinking"},{"predicate":{"custom_model_data":67.0,"computercraft:state":0.0,"computercraft:coloured":1.0},"model":"computercraft:item/pocket_computer_colour"},{"predicate":{"custom_model_data":67.0,"computercraft:state":1.0,"computercraft:coloured":1.0},"model":"computercraft:item/pocket_computer_colour_on"},{"predicate":{"custom_model_data":67.0,"computercraft:state":2.0,"computercraft:coloured":1.0},"model":"computercraft:item/pocket_computer_colour_blinking"},{"predicate":{"custom_model_data":68.0},"model":"hexcasting:item/pride_colorizer_aromantic"},{"predicate":{"custom_model_data":69.0},"model":"hexcasting:item/pride_colorizer_plural"},{"predicate":{"custom_model_data":70.0},"model":"purpeille:item/purpeille_ingot"},{"predicate":{"custom_model_data":71.0},"model":"botania:item/quartz_sunny"},{"predicate":{"custom_model_data":72.0},"model":"bewitchment:item/raven_spawn_egg"},{"predicate":{"custom_model_data":73.0},"model":"botania:item/reach_ring"},{"predicate":{"custom_model_data":74.0},"model":"wiredredstone:item/red_insulated_wire"},{"predicate":{"custom_model_data":75.0},"model":"spacefactory:item/refined_iron_dust"},{"predicate":{"custom_model_data":76.0},"model":"botania:item/rune_mana"},{"predicate":{"custom_model_data":77.0},"model":"sandwichable:item/salt"},{"predicate":{"custom_model_data":78.0},"model":"consistency_plus:item/sandstone_brick"},{"predicate":{"custom_model_data":79.0},"model":"rocks:item/sandstone_splitter"},{"predicate":{"custom_model_data":80.0},"model":"ecotones:item/sap_ball"},{"predicate":{"custom_model_data":81.0},"model":"minecraft:item/barrier"},{"predicate":{"custom_model_data":82.0},"model":"minecraft:item/barrier"},{"predicate":{"custom_model_data":83.0},"model":"minecraft:item/barrier"},{"predicate":{"custom_model_data":84.0},"model":"minecraft:item/barrier"},{"predicate":{"custom_model_data":85.0},"model":"minecraft:item/barrier"},{"predicate":{"custom_model_data":86.0},"model":"minecraft:item/barrier"},{"predicate":{"custom_model_data":87.0},"model":"minecraft:item/barrier"},{"predicate":{"custom_model_data":88.0},"model":"minecraft:item/barrier"},{"predicate":{"custom_model_data":89.0},"model":"tot:item/silksteel_ingot"},{"predicate":{"custom_model_data":90.0},"model":"botania:item/slingshot"},{"predicate":{"custom_model_data":91.0},"model":"incorporeal:item/solidified_request_ticket"},{"predicate":{"custom_model_data":91.0,"incorporeal:written_ticket":1.0},"model":"incorporeal:item/solidified_request_ticket_written"},{"predicate":{"custom_model_data":92.0},"model":"botania:item/spark"},{"predicate":{"custom_model_data":93.0},"model":"botania:item/swap_ring"},{"predicate":{"custom_model_data":94.0},"model":"botania:item/temperance_stone"},{"predicate":{"custom_model_data":95.0},"model":"bagels_baking:item/tomato_sauce"},{"predicate":{"custom_model_data":96.0},"model":"extended_drawers:item/upgrade_frame"},{"predicate":{"custom_model_data":97.0},"model":"minecraft:item/barrier"},{"predicate":{"custom_model_data":98.0},"model":"minecraft:item/barrier"},{"predicate":{"custom_model_data":99.0},"model":"hexcasting:item/wand_dark_oak"},{"predicate":{"custom_model_data":99.0,"hexcasting:funny_level":0.0},"model":"hexcasting:item/wand_dark_oak"},{"predicate":{"custom_model_data":99.0,"hexcasting:funny_level":1.0},"model":"hexcasting:item/wand_old"},{"predicate":{"custom_model_data":99.0,"hexcasting:funny_level":2.0},"model":"hexcasting:item/wand_bosnia"},{"predicate":{"custom_model_data":100.0},"model":"consistency_plus:item/warped_wart_brick"},{"predicate":{"custom_model_data":101.0},"model":"archon:item/water_gem"},{"predicate":{"custom_model_data":102.0},"model":"minecraft:item/barrier"},{"predicate":{"custom_model_data":103.0},"model":"consistency_plus:item/white_dyed_bundle"},{"predicate":{"custom_model_data":103.0,"filled":0.001},"model":"consistency_plus:item/white_dyed_bundle_filled"},{"predicate":{"custom_model_data":104.0},"model":"terrariamod:item/wooden_arrow"},{"predicate":{"custom_model_data":105.0},"model":"consistency_plus:item/yellow_terracotta_brick"},{"predicate":{"custom_model_data":106.0},"model":"pswg:item/zersium_dust"}]}