{"parent":"item/generated","textures":{"layer0":"item/wooden_pickaxe"},"overrides":[{"predicate":{"custom_model_data":1.0},"model":"terrariamod:item/band_of_starpower"},{"predicate":{"botania:active":1.0,"custom_model_data":60.0},"model":"botania:item/terra_axe_active"},{"predicate":{"custom_model_data":2.0},"model":"pswg:item/beskar_pickaxe"},{"predicate":{"custom_model_data":3.0},"model":"archon:item/breezy_harvester"},{"predicate":{"custom_model_data":4.0},"model":"terracraft:item/cactus_axe"},{"predicate":{"custom_model_data":5.0},"model":"terracraft:item/cactus_hoe"},{"predicate":{"custom_model_data":6.0},"model":"terracraft:item/cactus_shovel"},{"predicate":{"custom_model_data":7.0},"model":"bewitchment:item/caduceus"},{"predicate":{"custom_model_data":8.0},"model":"bewitchment:item/chalk"},{"predicate":{"custom_model_data":9.0},"model":"bewitchment:item/curse_poppet"},{"predicate":{"custom_model_data":10.0},"model":"bewitchment:item/death_protection_poppet"},{"predicate":{"custom_model_data":11.0},"model":"reaping:item/diamond_reaping_tool"},{"predicate":{"custom_model_data":12.0},"model":"pswg:item/durasteel_pickaxe"},{"predicate":{"custom_model_data":13.0},"model":"pswg:item/durasteel_shovel"},{"predicate":{"custom_model_data":14.0},"model":"bewitchment:item/eldritch_chalk"},{"predicate":{"custom_model_data":15.0},"model":"botania:item/elementium_axe"},{"predicate":{"custom_model_data":16.0},"model":"botania:item/elementium_shears"},{"predicate":{"custom_model_data":16.0,"botania:reddit":1.0},"model":"botania:item/dammitreddit"},{"predicate":{"custom_model_data":17.0},"model":"botania:item/elementium_sword"},{"predicate":{"custom_model_data":18.0},"model":"archon:item/ender_blade"},{"predicate":{"custom_model_data":19.0},"model":"witherite_plus:item/enriched_witherite_shovel"},{"predicate":{"custom_model_data":20.0},"model":"bewitchment:item/fatigue_poppet"},{"predicate":{"custom_model_data":21.0},"model":"quark:item/flamerang"},{"predicate":{"custom_model_data":22.0},"model":"archon:item/frost_sword"},{"predicate":{"custom_model_data":23.0},"model":"reaping:item/gold_reaping_tool"},{"predicate":{"custom_model_data":24.0},"model":"bewitchment:item/golden_chalk"},{"predicate":{"custom_model_data":25.0},"model":"campanion:item/golden_spear"},{"predicate":{"custom_model_data":26.0},"model":"campanion:item/grappling_hook"},{"predicate":{"custom_model_data":26.0,"campanion:deployed":1.0},"model":"campanion:item/grappling_hook_deployed"},{"predicate":{"custom_model_data":27.0},"model":"bitsandchisels:item/iron_chisel"},{"predicate":{"custom_model_data":28.0},"model":"reaping:item/iron_reaping_tool"},{"predicate":{"custom_model_data":29.0},"model":"hexcasting:item/jeweler_hammer"},{"predicate":{"custom_model_data":30.0},"model":"bewitchment:item/judgment_poppet"},{"predicate":{"custom_model_data":31.0},"model":"botania:item/manasteel_hoe"},{"predicate":{"custom_model_data":32.0},"model":"botania:item/manasteel_pick"},{"predicate":{"custom_model_data":33.0},"model":"botania:item/manasteel_shovel"},{"predicate":{"custom_model_data":34.0},"model":"matchbox:item/matchbox"},{"predicate":{"custom_model_data":35.0},"model":"spacefactory:item/nano_steel_unicutter"},{"predicate":{"custom_model_data":36.0},"model":"reaping:item/netherite_reaping_tool"},{"predicate":{"custom_model_data":37.0},"model":"campanion:item/netherite_spear"},{"predicate":{"custom_model_data":38.0},"model":"purpeille:item/overclocked_core"},{"predicate":{"custom_model_data":39.0},"model":"quark:item/pickarang"},{"predicate":{"custom_model_data":40.0},"model":"bewitchment:item/protection_poppet"},{"predicate":{"custom_model_data":41.0},"model":"purpeille:item/purpeille_axe"},{"predicate":{"custom_model_data":42.0},"model":"purpeille:item/purpeille_pickaxe"},{"predicate":{"custom_model_data":43.0},"model":"purpeille:item/purpeille_sword"},{"predicate":{"custom_model_data":44.0},"model":"spacefactory:item/refined_iron_machete"},{"predicate":{"custom_model_data":45.0},"model":"spacefactory:item/refined_iron_wrench"},{"predicate":{"custom_model_data":45.0,"spacefactory:open":1.0},"model":"spacefactory:item/refined_iron_wrench_open"},{"predicate":{"custom_model_data":46.0},"model":"tot:item/remorse"},{"predicate":{"custom_model_data":47.0},"model":"oxidized:item/rose_gold_hoe"},{"predicate":{"custom_model_data":48.0},"model":"oxidized:item/rose_gold_shovel"},{"predicate":{"custom_model_data":49.0},"model":"terrariamod:item/royal_gel"},{"predicate":{"custom_model_data":50.0},"model":"create:item/sand_paper"},{"predicate":{"custom_model_data":51.0},"model":"bewitchment:item/scepter"},{"predicate":{"custom_model_data":52.0},"model":"tot:item/silksteel_sword"},{"predicate":{"custom_model_data":53.0},"model":"bitsandchisels:item/smart_chisel"},{"predicate":{"custom_model_data":54.0},"model":"icyincitement:item/snowball_sprinkler"},{"predicate":{"custom_model_data":54.0,"charge":0.0},"model":"icyincitement:item/snowball_sprinkler_0"},{"predicate":{"custom_model_data":54.0,"charge":0.1},"model":"icyincitement:item/snowball_sprinkler_1"},{"predicate":{"custom_model_data":54.0,"charge":0.4},"model":"icyincitement:item/snowball_sprinkler_2"},{"predicate":{"custom_model_data":54.0,"charge":0.75},"model":"icyincitement:item/snowball_sprinkler_3"},{"predicate":{"custom_model_data":54.0,"beta":1.0},"model":"icyincitement:item/snowball_sprinkler_beta"},{"predicate":{"custom_model_data":55.0},"model":"archon:item/soaking_harvester"},{"predicate":{"custom_model_data":56.0},"model":"archon:item/soul_scythe"},{"predicate":{"custom_model_data":57.0},"model":"botania:item/spell_cloth"},{"predicate":{"custom_model_data":58.0},"model":"create:item/super_glue"},{"predicate":{"custom_model_data":59.0},"model":"tot:item/synthesis_sceptre"},{"predicate":{"custom_model_data":60.0},"model":"botania:item/terra_axe"},{"predicate":{"custom_model_data":61.0},"model":"archon:item/terranean_axe"},{"predicate":{"custom_model_data":62.0},"model":"archon:item/thunder_bolt"},{"predicate":{"custom_model_data":63.0},"model":"pswg:item/titanium_shovel"},{"predicate":{"custom_model_data":64.0},"model":"purpeille:item/vacuous_core"},{"predicate":{"custom_model_data":65.0},"model":"archon:item/void_scepter"},{"predicate":{"custom_model_data":66.0},"model":"bewitchment:item/voodoo_protection_poppet"},{"predicate":{"custom_model_data":67.0},"model":"witherite_plus:item/witherite_flint_and_steel"},{"predicate":{"custom_model_data":68.0},"model":"witherite_plus:item/witherite_hoe"},{"predicate":{"custom_model_data":69.0},"model":"witherite_plus:item/witherite_pickaxe"},{"predicate":{"custom_model_data":70.0},"model":"witherite_plus:item/witherite_shovel"},{"predicate":{"custom_model_data":71.0},"model":"campanion:item/wooden_spear"}]}