{
  "type": "spleef:spleef",
  "decay": 60,
  "map": {
    "check_block_for_level_delete": true,
    "shape": {
      "type": "spleef:circle",
      "radius": 16
    },
    "levels": 4,
    "level_height": 5,
    "floor_provider": {
      "type": "minecraft:simple_state_provider",
      "state": {
        "Name": "minecraft:oak_trapdoor",
        "Properties": {
          "facing": "north",
          "half": "top",
          "open": "false",
          "powered": "false",
          "waterlogged": "false"
        }
      }
    },
    "wall_provider": {
      "type": "minecraft:simple_state_provider",
      "state": {
        "Name": "minecraft:obsidian"
      }
    }
  },
  "players": {
    "min": 1,
    "max": 100,
    "threshold": 2
  },
  "projectile": {
    "restock_interval": 1,
    "stack": {
      "id": "minecraft:tnt",
      "Count": 1,
      "tag": {
        "CanPlaceOn": [
          "minecraft:obsidian",
          "minecraft:oak_trapdoor",
          "minecraft:tnt"
        ]
      }
    }
  },
  "tool": {
    "id": "minecraft:flint_and_steel",
    "Count": 1,
    "tag": {
      "CanPlaceOn": [
        "minecraft:tnt"
      ]
    }
  },
  "lava_rise": {
    "ticks_per_level": 60,
    "maximum_height": 10
  },
  "level_break_interval": 400,
  "unstable_tnt": false,
  "icon": "minecraft:oak_trapdoor"
}