{
  "type": "spleef:spleef",
  "map": {
    "shape": {
      "type": "spleef:pattern",
      "tiles": [
        "xxxxxxxxxxxxxxxx",
        "xx x x x x x x x",
        "x x x x x x x xx",
        "xx x x x x x x x",
        "x x x x x x x xx",
        "xx x x x x x x x",
        "x x x x x x x xx",
        "xx x x x x x x x",
        "x x x x x x x xx",
        "xx x x x x x x x",
        "x x x x x x x xx",
        "xx x x x x x x x",
        "x x x x x x x xx",
        "xx x x x x x x x",
        "x x x x x x x xx",
        "xxxxxxxxxxxxxxxx"
      ],
      "tile_size": 4
    },
    "wall_provider": {
      "type": "minecraft:simple_state_provider",
      "state": {
        "Name": "minecraft:obsidian"
      }
    },
    "ceiling_provider": {
      "type": "minecraft:simple_state_provider",
      "state": {
        "Name": "minecraft:air"
      }
    },
    "levels": 4,
    "level_height": 5
  },
  "projectile": {
    "restock_interval": 1,
    "stack": {
      "id": "minecraft:tnt",
      "Count": 1,
      "tag": {
        "CanPlaceOn": [
          "minecraft:obsidian",
          "minecraft:snow_block",
          "minecraft:tnt"
        ]
      }
    }
  },
  "tool": {
    "id": "minecraft:flint_and_steel",
    "Count": 1,
    "tag": {
      "CanPlaceOn": [
        "minecraft:tnt"
      ]
    }
  },
  "lava_rise": {
    "ticks_per_level": 60,
    "maximum_height": 10
  },
  "level_break_interval": 400,
  "unstable_tnt": false,
  "players": {
    "min": 1,
    "max": 100,
    "threshold": 2
  },
  "icon": "minecraft:black_concrete"
}