{
  "type": "creative_party:creative_party",
  "map": {
    "map_type": {
      "type": "creative_party:layered",
      "biome": "minecraft:plains",
      "layers": [
        {
          "state": {
            "Name": "minecraft:air"
          },
          "start_y": 0
        },
        {
          "state": {
            "Name": "minecraft:tnt",
            "Properties": {
              "unstable": "false"
            }
          },
          "start_y": 32
        }
      ],
      "max_y": 64
    }
  },
  "players": {
    "min": 1,
    "max": 100,
    "threshold": 1
  }
}