{
  "type": "creative_party:creative_party",
  "map": {
    "map_type": {
      "type": "creative_party:layered",
      "biome": "minecraft:the_void",
      "layers": [
        {
          "state": {
            "Name": "minecraft:air"
          },
          "start_y": 0
        },
        {
          "state": {
            "Name": "minecraft:barrier"
          },
          "start_y": 60
        }
      ],
      "max_y": 60
    }
  },
  "players": {
    "min": 1,
    "max": 100,
    "threshold": 1
  }
}