{"parent":"item/generated","textures":{"layer0":"item/blaze_rod"},"overrides":[{"predicate":{"bewitchment:variant":1.0,"custom_model_data":58.0},"model":"bewitchment:item/nazar_variant"},{"predicate":{"botania:elven":1.0,"custom_model_data":48.0},"model":"botania:item/lexicon_elven"},{"predicate":{"custom_model_data":1.0},"model":"botania:item/ancient_will_verac"},{"predicate":{"custom_model_data":2.0},"model":"automobility:item/automobile_wheel"},{"predicate":{"custom_model_data":3.0},"model":"additionalbanners:item/balance"},{"predicate":{"custom_model_data":4.0},"model":"minecraft:item/barrier"},{"predicate":{"custom_model_data":5.0},"model":"refmagic:item/bismuth"},{"predicate":{"custom_model_data":6.0},"model":"pswg:item/blue_cup"},{"predicate":{"custom_model_data":7.0},"model":"consistency_plus:item/bone_brick"},{"predicate":{"custom_model_data":8.0},"model":"bewitchment:item/bottle_of_blood"},{"predicate":{"custom_model_data":9.0},"model":"create:item/brass_sheet"},{"predicate":{"custom_model_data":10.0},"model":"botania:item/cacophonium"},{"predicate":{"custom_model_data":11.0},"model":"spacefactory:item/camouflage_cloth"},{"predicate":{"custom_model_data":12.0},"model":"darkutils:item/charm_portal"},{"predicate":{"custom_model_data":13.0},"model":"create:item/cinder_flour"},{"predicate":{"custom_model_data":14.0},"model":"additionalbanners:item/clubs"},{"predicate":{"custom_model_data":15.0},"model":"incorporeal:item/computational_lens_pattern"},{"predicate":{"custom_model_data":16.0},"model":"oxidized:item/copper_pulsar"},{"predicate":{"custom_model_data":17.0},"model":"aurorasdeco:item/copper_sulfate"},{"predicate":{"custom_model_data":18.0},"model":"botania:item/corporea_spark"},{"predicate":{"custom_model_data":19.0},"model":"botania:item/cosmetic_anaglyph_glasses"},{"predicate":{"custom_model_data":20.0},"model":"botania:item/cosmetic_eyepatch"},{"predicate":{"custom_model_data":21.0},"model":"botania:item/cosmetic_red_glasses"},{"predicate":{"custom_model_data":22.0},"model":"sandwichable:item/creamy_cheese_culture_bottle"},{"predicate":{"custom_model_data":23.0},"model":"extended_drawers:item/creative_upgrade"},{"predicate":{"custom_model_data":24.0},"model":"create:item/crushed_platinum_ore"},{"predicate":{"custom_model_data":25.0},"model":"minecraft:item/barrier"},{"predicate":{"custom_model_data":26.0},"model":"hexcasting:item/dye_colorizer_black"},{"predicate":{"custom_model_data":27.0},"model":"hexcasting:item/dye_colorizer_purple"},{"predicate":{"custom_model_data":28.0},"model":"create:item/electron_tube"},{"predicate":{"custom_model_data":29.0},"model":"create:item/empty_schematic"},{"predicate":{"custom_model_data":30.0},"model":"pswg:item/exonium"},{"predicate":{"custom_model_data":31.0},"model":"pswg:item/faa_bucket"},{"predicate":{"custom_model_data":32.0},"model":"campanion:item/flare"},{"predicate":{"custom_model_data":33.0},"model":"wiredredstone:item/gate_not"},{"predicate":{"custom_model_data":34.0},"model":"pswg:item/glass_bottle_2"},{"predicate":{"custom_model_data":35.0},"model":"consistency_plus:item/granite_brick"},{"predicate":{"custom_model_data":36.0},"model":"ecotones:item/grass_cord"},{"predicate":{"custom_model_data":37.0},"model":"gravitychanger:item/gravity_changer_east_aoe"},{"predicate":{"custom_model_data":38.0},"model":"wiredredstone:item/gray_bundled_cable"},{"predicate":{"custom_model_data":39.0},"model":"guardvillagers:item/guard_spawn_egg"},{"predicate":{"custom_model_data":40.0},"model":"botania:item/invisibility_cloak"},{"predicate":{"custom_model_data":41.0},"model":"terrariamod:item/iron_axe"},{"predicate":{"custom_model_data":42.0},"model":"transpositioners:item/item_gate_module_mk1"},{"predicate":{"custom_model_data":43.0},"model":"bewitchment:item/judgment_sigil"},{"predicate":{"custom_model_data":44.0},"model":"refmagic:item/kyrite_shard"},{"predicate":{"custom_model_data":45.0},"model":"hexcasting:item/lens"},{"predicate":{"custom_model_data":46.0},"model":"botania:item/lens_magnet"},{"predicate":{"custom_model_data":47.0},"model":"botania:item/lens_tripwire"},{"predicate":{"custom_model_data":48.0},"model":"botania:item/lexicon"},{"predicate":{"custom_model_data":49.0},"model":"consistency_plus:item/light_gray_concrete_brick"},{"predicate":{"custom_model_data":50.0},"model":"consistency_plus:item/light_gray_terracotta_brick"},{"predicate":{"custom_model_data":51.0},"model":"ecotones:item/magnifying_glass"},{"predicate":{"custom_model_data":52.0},"model":"minecraft:item/barrier"},{"predicate":{"custom_model_data":53.0},"model":"bewitchment:item/mending_sigil"},{"predicate":{"custom_model_data":54.0},"model":"botania:item/missile_rod"},{"predicate":{"custom_model_data":55.0},"model":"minecraft:item/barrier"},{"predicate":{"custom_model_data":56.0},"model":"bwplus:item/moonlight_infusion"},{"predicate":{"custom_model_data":57.0},"model":"botania:item/mutated_seeds"},{"predicate":{"custom_model_data":58.0},"model":"bewitchment:item/nazar"},{"predicate":{"custom_model_data":59.0},"model":"consistency_plus:item/obsidian_brick"},{"predicate":{"custom_model_data":60.0},"model":"transpositioners:item/or_gate_module_mk1"},{"predicate":{"custom_model_data":61.0},"model":"botania:item/pattern_1_1"},{"predicate":{"custom_model_data":62.0},"model":"bwplus:item/phoenix_spawn_egg"},{"predicate":{"custom_model_data":63.0},"model":"minecraft:item/barrier"},{"predicate":{"custom_model_data":64.0},"model":"consistency_plus:item/pink_dyed_bundle"},{"predicate":{"custom_model_data":64.0,"filled":0.001},"model":"consistency_plus:item/pink_dyed_bundle_filled"},{"predicate":{"custom_model_data":65.0},"model":"pswg:item/plasteel_rod"},{"predicate":{"custom_model_data":66.0},"model":"hexcasting:item/pride_colorizer_demigirl"},{"predicate":{"custom_model_data":67.0},"model":"computercraft:item/printed_pages"},{"predicate":{"custom_model_data":68.0},"model":"additionalbanners:item/pumpkin"},{"predicate":{"custom_model_data":69.0},"model":"pswg:item/raw_cortosis"},{"predicate":{"custom_model_data":70.0},"model":"bewitchment:item/raw_silver"},{"predicate":{"custom_model_data":71.0},"model":"bagels_baking:item/rice_cereal"},{"predicate":{"custom_model_data":72.0},"model":"create:item/rose_quartz"},{"predicate":{"custom_model_data":73.0},"model":"botania:item/rune_earth"},{"predicate":{"custom_model_data":74.0},"model":"botania:item/rune_winter"},{"predicate":{"custom_model_data":75.0},"model":"minecraft:item/barrier"},{"predicate":{"custom_model_data":76.0},"model":"minecraft:item/barrier"},{"predicate":{"custom_model_data":77.0},"model":"minecraft:item/barrier"},{"predicate":{"custom_model_data":78.0},"model":"minecraft:item/barrier"},{"predicate":{"custom_model_data":79.0},"model":"additionalbanners:item/shield"},{"predicate":{"custom_model_data":80.0},"model":"bewitchment:item/shrieking_sigil"},{"predicate":{"custom_model_data":81.0},"model":"minecraft:item/barrier"},{"predicate":{"custom_model_data":82.0},"model":"minecraft:item/barrier"},{"predicate":{"custom_model_data":83.0},"model":"minecraft:item/barrier"},{"predicate":{"custom_model_data":84.0},"model":"minecraft:item/barrier"},{"predicate":{"custom_model_data":85.0},"model":"pswg:item/small_power_pack"},{"predicate":{"custom_model_data":86.0},"model":"rocks:item/soul_soil_splitter"},{"predicate":{"custom_model_data":87.0},"model":"pswg:item/spawn_faa"},{"predicate":{"custom_model_data":88.0},"model":"portalcubed:item/storage_cube"},{"predicate":{"custom_model_data":89.0},"model":"ecotones:item/sulfur"},{"predicate":{"custom_model_data":90.0},"model":"botania:item/super_travel_belt"},{"predicate":{"custom_model_data":91.0},"model":"campanion:item/tanned_leather"},{"predicate":{"custom_model_data":92.0},"model":"botania:item/tiny_planet"},{"predicate":{"custom_model_data":93.0},"model":"pswg:item/titanium_nugget"},{"predicate":{"custom_model_data":94.0},"model":"darkutils:item/tome_sga"},{"predicate":{"custom_model_data":95.0},"model":"bagels_baking:item/unfired_plate"},{"predicate":{"custom_model_data":96.0},"model":"hexcasting:item/wand_acacia"},{"predicate":{"custom_model_data":96.0,"hexcasting:funny_level":0.0},"model":"hexcasting:item/wand_acacia"},{"predicate":{"custom_model_data":96.0,"hexcasting:funny_level":1.0},"model":"hexcasting:item/wand_old"},{"predicate":{"custom_model_data":96.0,"hexcasting:funny_level":2.0},"model":"hexcasting:item/wand_bosnia"},{"predicate":{"custom_model_data":97.0},"model":"spacefactory:item/warp_prism"},{"predicate":{"custom_model_data":98.0},"model":"terrariamod:item/water_bottle"},{"predicate":{"custom_model_data":99.0},"model":"culinaire:item/white_chocolate_bottle"},{"predicate":{"custom_model_data":100.0},"model":"wiredredstone:item/white_insulated_wire"},{"predicate":{"custom_model_data":101.0},"model":"minecraft:item/barrier"}]}