{"parent":"item/generated","textures":{"layer0":"item/blaze_powder"},"overrides":[{"predicate":{"botania:active":1.0,"custom_model_data":56.0},"model":"botania:item/magnet_ring_greater_active"},{"predicate":{"custom_model_data":1.0},"model":"botania:item/ancient_will_torag"},{"predicate":{"custom_model_data":2.0},"model":"automobility:item/automobile_frame"},{"predicate":{"custom_model_data":3.0},"model":"consistency_plus:item/black_concrete_brick"},{"predicate":{"custom_model_data":4.0},"model":"consistency_plus:item/black_dyed_bundle"},{"predicate":{"custom_model_data":4.0,"filled":0.001},"model":"consistency_plus:item/black_dyed_bundle_filled"},{"predicate":{"custom_model_data":5.0},"model":"botania:item/black_lotus"},{"predicate":{"custom_model_data":6.0},"model":"botania:item/blacker_lotus"},{"predicate":{"custom_model_data":7.0},"model":"create:item/blaze_cake_base"},{"predicate":{"custom_model_data":8.0},"model":"decorative:item/blue_bath_tire"},{"predicate":{"custom_model_data":9.0},"model":"consistency_plus:item/blue_terracotta_brick"},{"predicate":{"custom_model_data":10.0},"model":"create:item/brass_nugget"},{"predicate":{"custom_model_data":11.0},"model":"consistency_plus:item/brown_terracotta_brick"},{"predicate":{"custom_model_data":12.0},"model":"polaroidcamera:item/camera"},{"predicate":{"custom_model_data":13.0},"model":"cardstock:item/card"},{"predicate":{"custom_model_data":14.0},"model":"hexcasting:item/charged_amethyst"},{"predicate":{"custom_model_data":15.0},"model":"campanion:item/cooked_marshmallow_on_a_stick"},{"predicate":{"custom_model_data":16.0},"model":"terrariamod:item/copper_bar"},{"predicate":{"custom_model_data":17.0},"model":"botania:item/cosmetic_alien_antenna"},{"predicate":{"custom_model_data":18.0},"model":"botania:item/cosmetic_engineer_goggles"},{"predicate":{"custom_model_data":19.0},"model":"botania:item/cosmetic_questgiver_mark"},{"predicate":{"custom_model_data":20.0},"model":"bagels_baking:item/creamer_cup"},{"predicate":{"custom_model_data":21.0},"model":"terrariamod:item/crimtane_bar"},{"predicate":{"custom_model_data":22.0},"model":"create:item/crushed_osmium_ore"},{"predicate":{"custom_model_data":23.0},"model":"bagels_baking:item/cup"},{"predicate":{"custom_model_data":24.0},"model":"terracraft:item/daybloom"},{"predicate":{"custom_model_data":25.0},"model":"pswg:item/dewback_bone_shard"},{"predicate":{"custom_model_data":26.0},"model":"pswg:item/diatium_nugget"},{"predicate":{"custom_model_data":27.0},"model":"halfdoors:item/door_launcher"},{"predicate":{"custom_model_data":27.0,"open":1.0},"model":"halfdoors:item/door_launcher_open"},{"predicate":{"custom_model_data":28.0},"model":"bewitchment:item/dragons_blood_broom"},{"predicate":{"custom_model_data":29.0},"model":"hexcasting:item/dye_colorizer_pink"},{"predicate":{"custom_model_data":30.0},"model":"pswg:item/electric_motor"},{"predicate":{"custom_model_data":31.0},"model":"minecraft:item/barrier"},{"predicate":{"custom_model_data":32.0},"model":"botania:item/ender_hand"},{"predicate":{"custom_model_data":33.0},"model":"witherite_plus:item/enriched_witherite_nugget"},{"predicate":{"custom_model_data":34.0},"model":"pswg:item/eye_of_sketto"},{"predicate":{"custom_model_data":35.0},"model":"botania:item/fertilizer"},{"predicate":{"custom_model_data":36.0},"model":"transpositioners:item/gate_module_base_mk3"},{"predicate":{"custom_model_data":37.0},"model":"pswg:item/glass_bottle_1"},{"predicate":{"custom_model_data":38.0},"model":"consistency_plus:item/glow_ink_sac"},{"predicate":{"custom_model_data":39.0},"model":"terrariamod:item/gold_bar"},{"predicate":{"custom_model_data":40.0},"model":"gravitychanger:item/gravity_changer_east"},{"predicate":{"custom_model_data":41.0},"model":"wiredredstone:item/green_bundled_cable"},{"predicate":{"custom_model_data":42.0},"model":"consistency_plus:item/green_terracotta_brick"},{"predicate":{"custom_model_data":43.0},"model":"bagels_baking:item/ground_tea"},{"predicate":{"custom_model_data":44.0},"model":"terrariamod:item/honey_bucket"},{"predicate":{"custom_model_data":45.0},"model":"create:item/incomplete_precision_mechanism"},{"predicate":{"custom_model_data":46.0},"model":"spacefactory:item/iridium_nugget"},{"predicate":{"custom_model_data":47.0},"model":"sandwichable:item/kitchen_knife"},{"predicate":{"custom_model_data":48.0},"model":"refmagic:item/kyrite_powder"},{"predicate":{"custom_model_data":49.0},"model":"botania:item/lens_light"},{"predicate":{"custom_model_data":50.0},"model":"botania:item/lens_time"},{"predicate":{"custom_model_data":51.0},"model":"minecraft:item/barrier"},{"predicate":{"custom_model_data":52.0},"model":"consistency_plus:item/light_gray_dyed_bundle"},{"predicate":{"custom_model_data":52.0,"filled":0.001},"model":"consistency_plus:item/light_gray_dyed_bundle_filled"},{"predicate":{"custom_model_data":53.0},"model":"bewitchment:item/lilith_spawn_egg"},{"predicate":{"custom_model_data":54.0},"model":"consistency_plus:item/lime_terracotta_brick"},{"predicate":{"custom_model_data":55.0},"model":"botania:item/loki_ring"},{"predicate":{"custom_model_data":56.0},"model":"botania:item/magnet_ring_greater"},{"predicate":{"custom_model_data":57.0},"model":"botania:item/mana_diamond"},{"predicate":{"custom_model_data":58.0},"model":"culinaire:item/milk_chocolate_bottle"},{"predicate":{"custom_model_data":59.0},"model":"minecraft:item/barrier"},{"predicate":{"custom_model_data":60.0},"model":"spacefactory:item/netherite_scrap_dust"},{"predicate":{"custom_model_data":61.0},"model":"botania:item/obedience_stick"},{"predicate":{"custom_model_data":62.0},"model":"bagels_baking:item/pasta_dough"},{"predicate":{"custom_model_data":63.0},"model":"botania:item/phantom_ink"},{"predicate":{"custom_model_data":64.0},"model":"pswg:item/plasteel_nugget"},{"predicate":{"custom_model_data":65.0},"model":"botania:item/podzol_seeds"},{"predicate":{"custom_model_data":66.0},"model":"create:item/powdered_obsidian"},{"predicate":{"custom_model_data":67.0},"model":"hexcasting:item/pride_colorizer_demiboy"},{"predicate":{"custom_model_data":68.0},"model":"computercraft:item/printed_page"},{"predicate":{"custom_model_data":69.0},"model":"consistency_plus:item/purple_terracotta_brick"},{"predicate":{"custom_model_data":70.0},"model":"pswg:item/raw_rubindum"},{"predicate":{"custom_model_data":71.0},"model":"botania:item/record_gaia_2"},{"predicate":{"custom_model_data":72.0},"model":"minecraft:item/barrier"},{"predicate":{"custom_model_data":73.0},"model":"botania:item/rune_autumn"},{"predicate":{"custom_model_data":74.0},"model":"botania:item/rune_water"},{"predicate":{"custom_model_data":75.0},"model":"minecraft:item/barrier"},{"predicate":{"custom_model_data":76.0},"model":"minecraft:item/barrier"},{"predicate":{"custom_model_data":77.0},"model":"minecraft:item/barrier"},{"predicate":{"custom_model_data":78.0},"model":"minecraft:item/barrier"},{"predicate":{"custom_model_data":79.0},"model":"minecraft:item/barrier"},{"predicate":{"custom_model_data":80.0},"model":"minecraft:item/barrier"},{"predicate":{"custom_model_data":81.0},"model":"minecraft:item/barrier"},{"predicate":{"custom_model_data":82.0},"model":"minecraft:item/barrier"},{"predicate":{"custom_model_data":83.0},"model":"terracraft:item/silver_coin"},{"predicate":{"custom_model_data":84.0},"model":"archon:item/sky_gem"},{"predicate":{"custom_model_data":85.0},"model":"botania:item/smelt_rod"},{"predicate":{"custom_model_data":86.0},"model":"archon:item/soul_core_player"},{"predicate":{"custom_model_data":87.0},"model":"pswg:item/squill_liver"},{"predicate":{"custom_model_data":88.0},"model":"consistency_plus:item/stone_brick"},{"predicate":{"custom_model_data":89.0},"model":"sandwichable:item/stone_kitchen_knife"},{"predicate":{"custom_model_data":90.0},"model":"bagels_baking:item/sugar_water"},{"predicate":{"custom_model_data":91.0},"model":"botania:item/super_lava_pendant"},{"predicate":{"custom_model_data":92.0},"model":"culinaire:item/tea_bottle"},{"predicate":{"custom_model_data":93.0},"model":"botania:item/terraform_rod"},{"predicate":{"custom_model_data":94.0},"model":"pswg:item/titanium_ingot"},{"predicate":{"custom_model_data":95.0},"model":"darkutils:item/tome_runelic"},{"predicate":{"custom_model_data":96.0},"model":"pswg:item/tough_hide"},{"predicate":{"custom_model_data":97.0},"model":"transpositioners:item/transpositioner_mk3"},{"predicate":{"custom_model_data":98.0},"model":"haema:item/vampire_blood_injector"},{"predicate":{"custom_model_data":99.0},"model":"pswg:item/white_cup"},{"predicate":{"custom_model_data":100.0},"model":"consistency_plus:item/withered_bone_brick"},{"predicate":{"custom_model_data":101.0},"model":"minecraft:item/barrier"}]}