{"parent":"item/generated","textures":{"layer0":"item/bread"},"overrides":[{"predicate":{"custom_model_data":1.0},"model":"bagels_baking:item/apple_jam"},{"predicate":{"custom_model_data":2.0},"model":"bagels_baking:item/battered_calamari"},{"predicate":{"custom_model_data":3.0},"model":"sandwichable:item/cheese_slice"},{"predicate":{"custom_model_data":4.0},"model":"bagels_baking:item/chicken_taco"},{"predicate":{"custom_model_data":5.0},"model":"bagels_baking:item/cooked_chicken_nuggets"},{"predicate":{"custom_model_data":6.0},"model":"bagels_baking:item/cooked_wild_rice_ball"},{"predicate":{"custom_model_data":7.0},"model":"bagels_baking:item/fruity_soda"},{"predicate":{"custom_model_data":8.0},"model":"bagels_baking:item/glow_berry_jam_sandwich"},{"predicate":{"custom_model_data":9.0},"model":"ecotones:item/hazelnut"},{"predicate":{"custom_model_data":10.0},"model":"sandwichable:item/intoxicating_cheese_wheel"},{"predicate":{"custom_model_data":11.0},"model":"pswg:item/jogan_fruit"},{"predicate":{"custom_model_data":12.0},"model":"bagels_baking:item/lemon"},{"predicate":{"custom_model_data":13.0},"model":"campanion:item/mre"},{"predicate":{"custom_model_data":14.0},"model":"pswg:item/nerf_chop"},{"predicate":{"custom_model_data":15.0},"model":"bagels_baking:item/pepperoni"},{"predicate":{"custom_model_data":16.0},"model":"bagels_baking:item/plain_ice_cream"},{"predicate":{"custom_model_data":17.0},"model":"bagels_baking:item/spiced_rum"}]}