{"parent":"item/generated","textures":{"layer0":"item/chicken"},"overrides":[{"predicate":{"custom_model_data":1.0},"model":"bagels_baking:item/beer"},{"predicate":{"custom_model_data":2.0},"model":"pswg:item/blue_yogurt"},{"predicate":{"custom_model_data":3.0},"model":"bagels_baking:item/cherry_jam"},{"predicate":{"custom_model_data":4.0},"model":"create:item/chocolate_glazed_berries"},{"predicate":{"custom_model_data":5.0},"model":"sandwichable:item/cod_filet"},{"predicate":{"custom_model_data":6.0},"model":"pswg:item/cooked_eopie_loin"},{"predicate":{"custom_model_data":7.0},"model":"bagels_baking:item/cut_salmon"},{"predicate":{"custom_model_data":8.0},"model":"pswg:item/deb_deb"},{"predicate":{"custom_model_data":9.0},"model":"bagels_baking:item/fish_cheeseburger"},{"predicate":{"custom_model_data":10.0},"model":"bagels_baking:item/fried_calamari"},{"predicate":{"custom_model_data":11.0},"model":"bagels_baking:item/grilled_cheese_sandwich"},{"predicate":{"custom_model_data":12.0},"model":"bagels_baking:item/lemon_meringue_pie"},{"predicate":{"custom_model_data":13.0},"model":"sandwichable:item/lettuce_head"},{"predicate":{"custom_model_data":14.0},"model":"bagels_baking:item/pork_pocket"},{"predicate":{"custom_model_data":15.0},"model":"bagels_baking:item/root_beer_slushee"},{"predicate":{"custom_model_data":16.0},"model":"sandwichable:item/sliced_toasted_crimson_fungus"},{"predicate":{"custom_model_data":17.0},"model":"bagels_baking:item/steak_taco"},{"predicate":{"custom_model_data":18.0},"model":"culinaire:item/toasty_marshmallow_on_a_stick"},{"predicate":{"custom_model_data":19.0},"model":"bagels_baking:item/veggie_medley"},{"predicate":{"custom_model_data":20.0},"model":"bagels_baking:item/wheat_cereal_bowl"}]}