{"parent":"item/generated","textures":{"layer0":"item/cod"},"overrides":[{"predicate":{"custom_model_data":1.0},"model":"pswg:item/absynthesized_malt"},{"predicate":{"custom_model_data":2.0},"model":"bagels_baking:item/caramel"},{"predicate":{"custom_model_data":3.0},"model":"pswg:item/chasuka_leaf"},{"predicate":{"custom_model_data":4.0},"model":"bagels_baking:item/cherry_jam_sandwich"},{"predicate":{"custom_model_data":5.0},"model":"bagels_baking:item/chocolate_ice_cream"},{"predicate":{"custom_model_data":6.0},"model":"bagels_baking:item/cooked_french_fries"},{"predicate":{"custom_model_data":7.0},"model":"culinaire:item/dark_chocolate_pie"},{"predicate":{"custom_model_data":8.0},"model":"bagels_baking:item/fish_pocket"},{"predicate":{"custom_model_data":9.0},"model":"bagels_baking:item/fried_chicken"},{"predicate":{"custom_model_data":10.0},"model":"bagels_baking:item/gin"},{"predicate":{"custom_model_data":11.0},"model":"bewitchment:item/grilled_garlic"},{"predicate":{"custom_model_data":12.0},"model":"sandwichable:item/lettuce_leaf"},{"predicate":{"custom_model_data":13.0},"model":"bagels_baking:item/midas_salad"},{"predicate":{"custom_model_data":14.0},"model":"bagels_baking:item/pork_sandwich"},{"predicate":{"custom_model_data":15.0},"model":"sandwichable:item/sliced_toasted_warped_fungus"},{"predicate":{"custom_model_data":16.0},"model":"bagels_baking:item/sweet_berry_jam"}]}