{"parent":"item/generated","textures":{"layer0":"item/cooked_chicken"},"overrides":[{"predicate":{"custom_model_data":1.0},"model":"bagels_baking:item/apple_pie"},{"predicate":{"custom_model_data":2.0},"model":"bagels_baking:item/battered_chicken_nuggets"},{"predicate":{"custom_model_data":3.0},"model":"sandwichable:item/cheese_wheel"},{"predicate":{"custom_model_data":4.0},"model":"sandwichable:item/cooked_chopped_carrot"},{"predicate":{"custom_model_data":5.0},"model":"pswg:item/death_stick_red"},{"predicate":{"custom_model_data":6.0},"model":"pswg:item/dewback_egg"},{"predicate":{"custom_model_data":7.0},"model":"bagels_baking:item/glow_berry_swirl_ice_cream"},{"predicate":{"custom_model_data":8.0},"model":"culinaire:item/golden_marshmallow_on_a_stick"},{"predicate":{"custom_model_data":9.0},"model":"bagels_baking:item/mashed_potatoes"},{"predicate":{"custom_model_data":10.0},"model":"pswg:item/roast_krayt"},{"predicate":{"custom_model_data":11.0},"model":"bewitchment:item/witchberry"}]}