{"parent":"item/generated","textures":{"layer0":"item/cooked_mutton"},"overrides":[{"predicate":{"custom_model_data":1.0},"model":"sandwichable:item/apple_slices"},{"predicate":{"custom_model_data":2.0},"model":"bagels_baking:item/bacon_bits"},{"predicate":{"custom_model_data":3.0},"model":"bagels_baking:item/battered_porkchop"},{"predicate":{"custom_model_data":4.0},"model":"sandwichable:item/burnt_food"},{"predicate":{"custom_model_data":5.0},"model":"sandwichable:item/cooked_cod_filet"},{"predicate":{"custom_model_data":6.0},"model":"campanion:item/cracker"},{"predicate":{"custom_model_data":7.0},"model":"pswg:item/flangth_takeout"},{"predicate":{"custom_model_data":8.0},"model":"pswg:item/mynock_wing"},{"predicate":{"custom_model_data":9.0},"model":"bagels_baking:item/popcorn"},{"predicate":{"custom_model_data":10.0},"model":"bagels_baking:item/rabbit_cheeseburger"},{"predicate":{"custom_model_data":11.0},"model":"ecotones:item/rosemary"},{"predicate":{"custom_model_data":12.0},"model":"bagels_baking:item/sake"},{"predicate":{"custom_model_data":13.0},"model":"bagels_baking:item/steak_cheeseburger"},{"predicate":{"custom_model_data":14.0},"model":"culinaire:item/white_chocolate_bar"},{"predicate":{"custom_model_data":15.0},"model":"bewitchment:item/witchberry_pie"}]}