{"parent":"item/generated","textures":{"layer0":"item/cooked_porkchop"},"overrides":[{"predicate":{"custom_model_data":1.0},"model":"promenade:item/apricot"},{"predicate":{"custom_model_data":2.0},"model":"bagels_baking:item/bacon_macaroni_n_cheese"},{"predicate":{"custom_model_data":3.0},"model":"culinaire:item/burnt_marshmallow_on_a_stick"},{"predicate":{"custom_model_data":4.0},"model":"bagels_baking:item/cooked_corn"},{"predicate":{"custom_model_data":5.0},"model":"bagels_baking:item/disgusting_dish"},{"predicate":{"custom_model_data":6.0},"model":"pswg:item/dried_poonten_grass_bushel"},{"predicate":{"custom_model_data":7.0},"model":"pswg:item/pallie_fruit"},{"predicate":{"custom_model_data":8.0},"model":"sandwichable:item/pickle_chips"},{"predicate":{"custom_model_data":9.0},"model":"bagels_baking:item/rabbit_meal"},{"predicate":{"custom_model_data":10.0},"model":"culinaire:item/salad"},{"predicate":{"custom_model_data":11.0},"model":"bagels_baking:item/smoked_bacon"},{"predicate":{"custom_model_data":12.0},"model":"sandwichable:item/spread"},{"predicate":{"custom_model_data":12.0,"sandwichable:loaf_shape":1.0},"model":"sandwichable:item/spread_bread_loaf"},{"predicate":{"custom_model_data":13.0},"model":"bagels_baking:item/steak_meal"},{"predicate":{"custom_model_data":14.0},"model":"sandwichable:item/toasted_bread_slice"},{"predicate":{"custom_model_data":15.0},"model":"bagels_baking:item/tonkatsu_sauce"}]}