{"parent":"item/generated","textures":{"layer0":"item/cooked_cod"},"overrides":[{"predicate":{"custom_model_data":1.0},"model":"culinaire:item/apple_pie"},{"predicate":{"custom_model_data":2.0},"model":"bagels_baking:item/bacon"},{"predicate":{"custom_model_data":3.0},"model":"bagels_baking:item/battered_onion_rings"},{"predicate":{"custom_model_data":4.0},"model":"pswg:item/bottled_water"},{"predicate":{"custom_model_data":5.0},"model":"bagels_baking:item/cherries"},{"predicate":{"custom_model_data":6.0},"model":"sandwichable:item/cooked_chopped_onion"},{"predicate":{"custom_model_data":7.0},"model":"pswg:item/death_stick_yellow"},{"predicate":{"custom_model_data":8.0},"model":"pswg:item/desert_plums"},{"predicate":{"custom_model_data":9.0},"model":"pswg:item/dewback_omelette"},{"predicate":{"custom_model_data":10.0},"model":"sandwichable:item/enchanted_golden_apple_slices"},{"predicate":{"custom_model_data":11.0},"model":"pswg:item/flangth_plate"},{"predicate":{"custom_model_data":12.0},"model":"bagels_baking:item/glow_berry_swirl_milkshake"},{"predicate":{"custom_model_data":13.0},"model":"promenade:item/mango"},{"predicate":{"custom_model_data":14.0},"model":"culinaire:item/mashed_potatoes"},{"predicate":{"custom_model_data":15.0},"model":"culinaire:item/sandwich"},{"predicate":{"custom_model_data":16.0},"model":"campanion:item/smore"},{"predicate":{"custom_model_data":17.0},"model":"bewitchment:item/witchberry_cookie"}]}