{"parent":"item/generated","textures":{"layer0":"item/emerald"},"overrides":[{"predicate":{"custom_model_data":1.0},"model":"bewitchment:item/aconite"},{"predicate":{"custom_model_data":2.0},"model":"transpositioners:item/and_gate_module_mk3"},{"predicate":{"custom_model_data":3.0},"model":"botania:item/aura_ring"},{"predicate":{"custom_model_data":4.0},"model":"botania:item/bauble_box"},{"predicate":{"custom_model_data":5.0},"model":"minecraft:item/barrier"},{"predicate":{"custom_model_data":6.0},"model":"peculiarpieces:item/blazing_gliders"},{"predicate":{"custom_model_data":7.0},"model":"minecraft:item/barrier"},{"predicate":{"custom_model_data":8.0},"model":"consistency_plus:item/blue_dyed_bundle"},{"predicate":{"custom_model_data":8.0,"filled":0.001},"model":"consistency_plus:item/blue_dyed_bundle_filled"},{"predicate":{"custom_model_data":9.0},"model":"archon:item/capacity_scroll"},{"predicate":{"custom_model_data":10.0},"model":"bewitchment:item/cleansing_sigil"},{"predicate":{"custom_model_data":11.0},"model":"flyingfluxery:item/copper_creeper"},{"predicate":{"custom_model_data":12.0},"model":"consistency_plus:item/copper_nugget"},{"predicate":{"custom_model_data":13.0},"model":"create:item/copper_sheet"},{"predicate":{"custom_model_data":14.0},"model":"pswg:item/corpse_of_gorg"},{"predicate":{"custom_model_data":15.0},"model":"botania:item/cosmetic_blue_butterfly"},{"predicate":{"custom_model_data":16.0},"model":"botania:item/cosmetic_hyper_plus"},{"predicate":{"custom_model_data":17.0},"model":"botania:item/cosmetic_tiny_potato_mask"},{"predicate":{"custom_model_data":18.0},"model":"minecraft:item/barrier"},{"predicate":{"custom_model_data":19.0},"model":"create:item/crushed_uranium_ore"},{"predicate":{"custom_model_data":20.0},"model":"decorative:item/cyan_bath_tire"},{"predicate":{"custom_model_data":21.0},"model":"pswg:item/cyan_cup"},{"predicate":{"custom_model_data":22.0},"model":"terrariamod:item/demon_eye_slime_spawn_egg"},{"predicate":{"custom_model_data":23.0},"model":"pswg:item/desh_ingot"},{"predicate":{"custom_model_data":24.0},"model":"refmagic:item/dimensional_totem"},{"predicate":{"custom_model_data":25.0},"model":"create:item/dough"},{"predicate":{"custom_model_data":26.0},"model":"botania:item/dry_seeds"},{"predicate":{"custom_model_data":27.0},"model":"hexcasting:item/dye_colorizer_gray"},{"predicate":{"custom_model_data":28.0},"model":"archon:item/earth_gem"},{"predicate":{"custom_model_data":29.0},"model":"bewitchment:item/elder_broom"},{"predicate":{"custom_model_data":30.0},"model":"haema:item/empty_vampire_blood_injector"},{"predicate":{"custom_model_data":31.0},"model":"bwplus:item/ender_vial"},{"predicate":{"custom_model_data":32.0},"model":"botania:item/flower_bag"},{"predicate":{"custom_model_data":33.0},"model":"terrariamod:item/gel"},{"predicate":{"custom_model_data":34.0},"model":"pswg:item/glass_3"},{"predicate":{"custom_model_data":35.0},"model":"minecraft:item/barrier"},{"predicate":{"custom_model_data":36.0},"model":"ecotones:item/gold_chunk"},{"predicate":{"custom_model_data":37.0},"model":"botania:item/golden_seeds"},{"predicate":{"custom_model_data":38.0},"model":"gravitychanger:item/gravity_changer_south_aoe"},{"predicate":{"custom_model_data":39.0},"model":"haema_extras_blanketcon:item/haema_booth_travel_token"},{"predicate":{"custom_model_data":40.0},"model":"terracraft:item/heart"},{"predicate":{"custom_model_data":41.0},"model":"campanion:item/hiking_pack"},{"predicate":{"custom_model_data":42.0},"model":"botania:item/infused_seeds"},{"predicate":{"custom_model_data":43.0},"model":"terrariamod:item/iron_broadsword"},{"predicate":{"custom_model_data":44.0},"model":"terrariamod:item/iron_pickaxe"},{"predicate":{"custom_model_data":45.0},"model":"transpositioners:item/item_mover_module_mk3"},{"predicate":{"custom_model_data":46.0},"model":"bagels_baking:item/juniper_boat"},{"predicate":{"custom_model_data":47.0},"model":"pswg:item/krayt_tooth"},{"predicate":{"custom_model_data":48.0},"model":"botania:item/lens_efficiency"},{"predicate":{"custom_model_data":49.0},"model":"botania:item/lens_paint"},{"predicate":{"custom_model_data":50.0},"model":"botania:item/life_essence"},{"predicate":{"custom_model_data":51.0},"model":"botania:item/livingwood_twig"},{"predicate":{"custom_model_data":52.0},"model":"ecotones:item/malachite_item"},{"predicate":{"custom_model_data":53.0},"model":"botania:item/mana_ring"},{"predicate":{"custom_model_data":54.0},"model":"incorporeal:item/matcher_lens"},{"predicate":{"custom_model_data":55.0},"model":"purpeille:item/metallic_lightning"},{"predicate":{"custom_model_data":56.0},"model":"transpositioners:item/module_base_mk3"},{"predicate":{"custom_model_data":57.0},"model":"pswg:item/molo_flower"},{"predicate":{"custom_model_data":58.0},"model":"spacefactory:item/nano_steel_ingot"},{"predicate":{"custom_model_data":59.0},"model":"botania:item/pattern_2_2"},{"predicate":{"custom_model_data":60.0},"model":"botania:item/pixie_ring"},{"predicate":{"custom_model_data":61.0},"model":"terracraft:item/platinum_coin"},{"predicate":{"custom_model_data":62.0},"model":"peculiarpieces:item/position_pearl"},{"predicate":{"custom_model_data":63.0},"model":"purpeille:item/preserved_dust"},{"predicate":{"custom_model_data":64.0},"model":"hexcasting:item/pride_colorizer_intersex"},{"predicate":{"custom_model_data":65.0},"model":"consistency_plus:item/purpur_brick"},{"predicate":{"custom_model_data":66.0},"model":"botania:item/quartz_blaze"},{"predicate":{"custom_model_data":67.0},"model":"botania:item/rainbow_rod"},{"predicate":{"custom_model_data":68.0},"model":"witherite_plus:item/raw_witherite"},{"predicate":{"custom_model_data":69.0},"model":"wiredredstone:item/red_bundled_cable"},{"predicate":{"custom_model_data":70.0},"model":"terrariamod:item/regeneration_potion"},{"predicate":{"custom_model_data":71.0},"model":"purpeille:item/remnant_chunk"},{"predicate":{"custom_model_data":72.0},"model":"bewitchment:item/ruin_sigil"},{"predicate":{"custom_model_data":73.0},"model":"botania:item/rune_greed"},{"predicate":{"custom_model_data":74.0},"model":"bagels_baking:item/salt"},{"predicate":{"custom_model_data":75.0},"model":"create:item/schematic_and_quill"},{"predicate":{"custom_model_data":76.0},"model":"minecraft:item/barrier"},{"predicate":{"custom_model_data":77.0},"model":"minecraft:item/barrier"},{"predicate":{"custom_model_data":78.0},"model":"minecraft:item/barrier"},{"predicate":{"custom_model_data":79.0},"model":"minecraft:item/barrier"},{"predicate":{"custom_model_data":80.0},"model":"minecraft:item/barrier"},{"predicate":{"custom_model_data":81.0},"model":"minecraft:item/barrier"},{"predicate":{"custom_model_data":82.0},"model":"minecraft:item/barrier"},{"predicate":{"custom_model_data":83.0},"model":"minecraft:item/barrier"},{"predicate":{"custom_model_data":84.0},"model":"minecraft:item/barrier"},{"predicate":{"custom_model_data":85.0},"model":"minecraft:item/barrier"},{"predicate":{"custom_model_data":86.0},"model":"bewitchment:item/snake_tongue"},{"predicate":{"custom_model_data":87.0},"model":"incorporeal:item/solidified_request_conjurer"},{"predicate":{"custom_model_data":88.0},"model":"consistency_plus:item/soul_sandstone_brick"},{"predicate":{"custom_model_data":89.0},"model":"additionalbanners:item/spades"},{"predicate":{"custom_model_data":90.0},"model":"pswg:item/spawn_xwing_t65b"},{"predicate":{"custom_model_data":91.0},"model":"minecraft:item/barrier"},{"predicate":{"custom_model_data":92.0},"model":"botania:item/swap_ring"},{"predicate":{"custom_model_data":93.0},"model":"extended_drawers:item/t1_upgrade"},{"predicate":{"custom_model_data":94.0},"model":"botania:item/thor_ring"},{"predicate":{"custom_model_data":95.0},"model":"terrariamod:item/title_disc"},{"predicate":{"custom_model_data":96.0},"model":"bagels_baking:item/tomato_sauce"},{"predicate":{"custom_model_data":97.0},"model":"extended_drawers:item/upgrade_frame"},{"predicate":{"custom_model_data":98.0},"model":"minecraft:item/barrier"},{"predicate":{"custom_model_data":99.0},"model":"minecraft:item/barrier"},{"predicate":{"custom_model_data":100.0},"model":"hexcasting:item/wand_dark_oak"},{"predicate":{"custom_model_data":100.0,"hexcasting:funny_level":0.0},"model":"hexcasting:item/wand_dark_oak"},{"predicate":{"custom_model_data":100.0,"hexcasting:funny_level":1.0},"model":"hexcasting:item/wand_old"},{"predicate":{"custom_model_data":100.0,"hexcasting:funny_level":2.0},"model":"hexcasting:item/wand_bosnia"},{"predicate":{"custom_model_data":101.0},"model":"consistency_plus:item/warped_wart_brick"},{"predicate":{"custom_model_data":102.0},"model":"archon:item/water_gem"},{"predicate":{"custom_model_data":103.0},"model":"consistency_plus:item/white_concrete_brick"},{"predicate":{"custom_model_data":104.0},"model":"consistency_plus:item/wigged_nubert_minecart"},{"predicate":{"custom_model_data":105.0},"model":"witherite_plus:item/witherite_ingot"},{"predicate":{"custom_model_data":106.0},"model":"consistency_plus:item/yellow_terracotta_brick"},{"predicate":{"custom_model_data":107.0},"model":"pswg:item/zersium_dust"}]}