{"parent":"item/generated","textures":{"layer0":"item/glistering_melon_slice"},"overrides":[{"predicate":{"hexcasting:mana":0.0,"custom_model_data":5.0,"hexcasting:max_mana":0.0},"model":"hexcasting:item/phial_small_0"},{"predicate":{"hexcasting:mana":0.25,"custom_model_data":5.0,"hexcasting:max_mana":0.0},"model":"hexcasting:item/phial_small_1"},{"predicate":{"hexcasting:mana":0.5,"custom_model_data":5.0,"hexcasting:max_mana":0.0},"model":"hexcasting:item/phial_small_2"},{"predicate":{"hexcasting:mana":0.75,"custom_model_data":5.0,"hexcasting:max_mana":0.0},"model":"hexcasting:item/phial_small_3"},{"predicate":{"hexcasting:mana":0.0,"custom_model_data":5.0,"hexcasting:max_mana":1.0},"model":"hexcasting:item/phial_medium_0"},{"predicate":{"hexcasting:mana":1.0,"custom_model_data":5.0,"hexcasting:max_mana":0.0},"model":"hexcasting:item/phial_small_4"},{"predicate":{"hexcasting:mana":0.25,"custom_model_data":5.0,"hexcasting:max_mana":1.0},"model":"hexcasting:item/phial_medium_1"},{"predicate":{"hexcasting:mana":0.5,"custom_model_data":5.0,"hexcasting:max_mana":1.0},"model":"hexcasting:item/phial_medium_2"},{"predicate":{"hexcasting:mana":0.75,"custom_model_data":5.0,"hexcasting:max_mana":1.0},"model":"hexcasting:item/phial_medium_3"},{"predicate":{"hexcasting:mana":0.0,"custom_model_data":5.0,"hexcasting:max_mana":2.0},"model":"hexcasting:item/phial_large_0"},{"predicate":{"botania:active":1.0,"custom_model_data":91.0},"model":"botania:item/temperance_stone_active"},{"predicate":{"hexcasting:mana":1.0,"custom_model_data":5.0,"hexcasting:max_mana":1.0},"model":"hexcasting:item/phial_medium_4"},{"predicate":{"hexcasting:mana":0.25,"custom_model_data":5.0,"hexcasting:max_mana":2.0},"model":"hexcasting:item/phial_large_1"},{"predicate":{"hexcasting:mana":0.5,"custom_model_data":5.0,"hexcasting:max_mana":2.0},"model":"hexcasting:item/phial_large_2"},{"predicate":{"hexcasting:mana":0.75,"custom_model_data":5.0,"hexcasting:max_mana":2.0},"model":"hexcasting:item/phial_large_3"},{"predicate":{"hexcasting:mana":1.0,"custom_model_data":5.0,"hexcasting:max_mana":2.0},"model":"hexcasting:item/phial_large_4"},{"predicate":{"custom_model_data":1.0},"model":"archon:item/accelerate_scroll"},{"predicate":{"custom_model_data":2.0},"model":"hexcasting:item/amethyst_dust"},{"predicate":{"custom_model_data":3.0},"model":"transpositioners:item/and_gate_module_mk2"},{"predicate":{"custom_model_data":4.0},"model":"create:item/attribute_filter"},{"predicate":{"custom_model_data":5.0},"model":"hexcasting:item/battery"},{"predicate":{"custom_model_data":6.0},"model":"decorative:item/brown_bath_tire"},{"predicate":{"custom_model_data":7.0},"model":"pswg:item/brown_cup"},{"predicate":{"custom_model_data":8.0},"model":"sandwichable:item/candescent_cheese_culture_bottle"},{"predicate":{"custom_model_data":9.0},"model":"sandwichable:item/charred_morsel"},{"predicate":{"custom_model_data":10.0},"model":"bewitchment:item/cleansing_balm"},{"predicate":{"custom_model_data":11.0},"model":"spacefactory:item/coal_dust"},{"predicate":{"custom_model_data":12.0},"model":"botania:item/cosmetic_black_tie"},{"predicate":{"custom_model_data":13.0},"model":"botania:item/cosmetic_groucho_glasses"},{"predicate":{"custom_model_data":14.0},"model":"botania:item/cosmetic_thinking_hand"},{"predicate":{"custom_model_data":15.0},"model":"automobility:item/crowbar"},{"predicate":{"custom_model_data":16.0},"model":"create:item/crushed_tin_ore"},{"predicate":{"custom_model_data":17.0},"model":"minecraft:item/barrier"},{"predicate":{"custom_model_data":18.0},"model":"consistency_plus:item/cyan_terracotta_brick"},{"predicate":{"custom_model_data":19.0},"model":"pswg:item/desh_cup"},{"predicate":{"custom_model_data":20.0},"model":"bagels_baking:item/dough"},{"predicate":{"custom_model_data":21.0},"model":"consistency_plus:item/dripstone_brick"},{"predicate":{"custom_model_data":22.0},"model":"hexcasting:item/dye_colorizer_cyan"},{"predicate":{"custom_model_data":23.0},"model":"hexcasting:item/dye_colorizer_yellow"},{"predicate":{"custom_model_data":24.0},"model":"bewitchment:item/elder_boat"},{"predicate":{"custom_model_data":25.0},"model":"incorporeal:item/empty_ticket"},{"predicate":{"custom_model_data":25.0,"incorporeal:written_ticket":1.0},"model":"incorporeal:item/empty_ticket_written"},{"predicate":{"custom_model_data":26.0},"model":"botania:item/ender_air_bottle"},{"predicate":{"custom_model_data":27.0},"model":"bewitchment:item/fiery_serum"},{"predicate":{"custom_model_data":28.0},"model":"botania:item/flask"},{"predicate":{"custom_model_data":29.0},"model":"bagels_baking:item/flour"},{"predicate":{"custom_model_data":30.0},"model":"pswg:item/glass_2"},{"predicate":{"custom_model_data":31.0},"model":"rocks:item/granite_splitter"},{"predicate":{"custom_model_data":32.0},"model":"gravitychanger:item/gravity_changer_south"},{"predicate":{"custom_model_data":33.0},"model":"consistency_plus:item/gray_concrete_brick"},{"predicate":{"custom_model_data":34.0},"model":"terracraft:item/grenade"},{"predicate":{"custom_model_data":35.0},"model":"additionalbanners:item/heart"},{"predicate":{"custom_model_data":36.0},"model":"pswg:item/hide"},{"predicate":{"custom_model_data":37.0},"model":"terrariamod:item/iron_bow"},{"predicate":{"custom_model_data":38.0},"model":"transpositioners:item/item_mover_module_mk2"},{"predicate":{"custom_model_data":39.0},"model":"botania:item/keep_ivy"},{"predicate":{"custom_model_data":40.0},"model":"pswg:item/krayt_pearl"},{"predicate":{"custom_model_data":41.0},"model":"campanion:item/large_unbuilt_tent"},{"predicate":{"custom_model_data":42.0},"model":"botania:item/lens_damage"},{"predicate":{"custom_model_data":43.0},"model":"botania:item/lens_normal"},{"predicate":{"custom_model_data":44.0},"model":"bewitchment:item/leonard_spawn_egg"},{"predicate":{"custom_model_data":45.0},"model":"terrariamod:item/life_crystal"},{"predicate":{"custom_model_data":46.0},"model":"consistency_plus:item/light_blue_terracotta_brick"},{"predicate":{"custom_model_data":47.0},"model":"pswg:item/light_panel"},{"predicate":{"custom_model_data":48.0},"model":"wiredredstone:item/lime_bundled_cable"},{"predicate":{"custom_model_data":49.0},"model":"consistency_plus:item/magenta_terracotta_brick"},{"predicate":{"custom_model_data":50.0},"model":"ecotones:item/maple_sap_jar"},{"predicate":{"custom_model_data":51.0},"model":"incorporeal:item/matcher_conjurer"},{"predicate":{"custom_model_data":52.0},"model":"transpositioners:item/module_base_mk2"},{"predicate":{"custom_model_data":53.0},"model":"bagels_baking:item/molasses"},{"predicate":{"custom_model_data":54.0},"model":"decorative:item/orange_bath_tire"},{"predicate":{"custom_model_data":55.0},"model":"pswg:item/orange_cup"},{"predicate":{"custom_model_data":56.0},"model":"consistency_plus:item/orange_terracotta_brick"},{"predicate":{"custom_model_data":57.0},"model":"botania:item/pattern_2_1"},{"predicate":{"custom_model_data":58.0},"model":"minecraft:item/barrier"},{"predicate":{"custom_model_data":59.0},"model":"archon:item/pixie_leaves"},{"predicate":{"custom_model_data":60.0},"model":"bagels_baking:item/plate"},{"predicate":{"custom_model_data":61.0},"model":"create:item/polished_rose_quartz"},{"predicate":{"custom_model_data":62.0},"model":"portalcubed:item/portal_gun_frame"},{"predicate":{"custom_model_data":63.0},"model":"create:item/precision_mechanism"},{"predicate":{"custom_model_data":64.0},"model":"hexcasting:item/pride_colorizer_genderqueer"},{"predicate":{"custom_model_data":65.0},"model":"wiredredstone:item/purple_bundled_cable"},{"predicate":{"custom_model_data":66.0},"model":"spacefactory:item/quantum_circuit"},{"predicate":{"custom_model_data":67.0},"model":"botania:item/quartz_elven"},{"predicate":{"custom_model_data":68.0},"model":"chocolatebar:item/quilty_wrapping_paper"},{"predicate":{"custom_model_data":69.0},"model":"pswg:item/raw_diatium"},{"predicate":{"custom_model_data":70.0},"model":"pswg:item/raw_titanium"},{"predicate":{"custom_model_data":71.0},"model":"witherite_plus:item/refined_witherite"},{"predicate":{"custom_model_data":72.0},"model":"botania:item/rune_gluttony"},{"predicate":{"custom_model_data":73.0},"model":"create:item/schematic"},{"predicate":{"custom_model_data":74.0},"model":"hexcasting:item/scroll_medium"},{"predicate":{"custom_model_data":74.0,"hexcasting:ancient":0.0},"model":"hexcasting:item/scroll_pristine_medium"},{"predicate":{"custom_model_data":74.0,"hexcasting:ancient":1.0},"model":"hexcasting:item/scroll_ancient_medium"},{"predicate":{"custom_model_data":75.0},"model":"minecraft:item/barrier"},{"predicate":{"custom_model_data":76.0},"model":"minecraft:item/barrier"},{"predicate":{"custom_model_data":77.0},"model":"minecraft:item/barrier"},{"predicate":{"custom_model_data":78.0},"model":"minecraft:item/barrier"},{"predicate":{"custom_model_data":79.0},"model":"botania:item/sextant"},{"predicate":{"custom_model_data":80.0},"model":"minecraft:item/barrier"},{"predicate":{"custom_model_data":81.0},"model":"minecraft:item/barrier"},{"predicate":{"custom_model_data":82.0},"model":"minecraft:item/barrier"},{"predicate":{"custom_model_data":83.0},"model":"minecraft:item/barrier"},{"predicate":{"custom_model_data":84.0},"model":"terrariamod:item/slime_crown"},{"predicate":{"custom_model_data":85.0},"model":"purpeille:item/smoldered_purpeille_ingot"},{"predicate":{"custom_model_data":86.0},"model":"bewitchment:item/snake_spawn_egg"},{"predicate":{"custom_model_data":87.0},"model":"pswg:item/spawn_worrt"},{"predicate":{"custom_model_data":88.0},"model":"minecraft:item/barrier"},{"predicate":{"custom_model_data":89.0},"model":"promenade:item/sunken_skeleton_spawn_egg"},{"predicate":{"custom_model_data":90.0},"model":"additionalbanners:item/sword"},{"predicate":{"custom_model_data":91.0},"model":"botania:item/temperance_stone"},{"predicate":{"custom_model_data":92.0},"model":"consistency_plus:item/tuff_brick"},{"predicate":{"custom_model_data":93.0},"model":"botania:item/twig_wand"},{"predicate":{"custom_model_data":93.0,"botania:bindmode":1.0},"model":"botania:item/twig_wand_bind"},{"predicate":{"custom_model_data":94.0},"model":"bwplus:item/unicorn_spawn_egg"},{"predicate":{"custom_model_data":95.0},"model":"overweight_farming:item/vegetable_peels"},{"predicate":{"custom_model_data":96.0},"model":"minecraft:item/barrier"},{"predicate":{"custom_model_data":97.0},"model":"hexcasting:item/wand_crimson"},{"predicate":{"custom_model_data":97.0,"hexcasting:funny_level":0.0},"model":"hexcasting:item/wand_crimson"},{"predicate":{"custom_model_data":97.0,"hexcasting:funny_level":1.0},"model":"hexcasting:item/wand_old"},{"predicate":{"custom_model_data":97.0,"hexcasting:funny_level":2.0},"model":"hexcasting:item/wand_bosnia"},{"predicate":{"custom_model_data":98.0},"model":"minecraft:item/barrier"},{"predicate":{"custom_model_data":99.0},"model":"consistency_plus:item/white_dyed_bundle"},{"predicate":{"custom_model_data":99.0,"filled":0.001},"model":"consistency_plus:item/white_dyed_bundle_filled"},{"predicate":{"custom_model_data":100.0},"model":"terrariamod:item/wooden_arrow"},{"predicate":{"custom_model_data":101.0},"model":"decorative:item/yellow_bath_tire"},{"predicate":{"custom_model_data":102.0},"model":"pswg:item/yellow_cup"},{"predicate":{"custom_model_data":103.0},"model":"pswg:item/zersium_crystal"}]}