{"parent":"item/generated","textures":{"layer0":"item/gold_ingot"},"overrides":[{"predicate":{"custom_model_data":1.0},"model":"minecraft:item/barrier"},{"predicate":{"custom_model_data":2.0},"model":"botania:item/ancient_will_ahrim"},{"predicate":{"custom_model_data":3.0},"model":"consistency_plus:item/andesite_brick"},{"predicate":{"custom_model_data":4.0},"model":"bewitchment:item/aqua_cerate"},{"predicate":{"custom_model_data":5.0},"model":"ecotones:item/basic_fertilizer"},{"predicate":{"custom_model_data":6.0},"model":"bewitchment:item/birch_bark"},{"predicate":{"custom_model_data":7.0},"model":"wiredredstone:item/black_insulated_wire"},{"predicate":{"custom_model_data":8.0},"model":"botania:item/blood_pendant"},{"predicate":{"custom_model_data":9.0},"model":"botania:item/brew_flask"},{"predicate":{"custom_model_data":9.0,"botania:swigs_taken":1.0},"model":"botania:item/brew_flask_1"},{"predicate":{"custom_model_data":9.0,"botania:swigs_taken":2.0},"model":"botania:item/brew_flask_2"},{"predicate":{"custom_model_data":9.0,"botania:swigs_taken":3.0},"model":"botania:item/brew_flask_3"},{"predicate":{"custom_model_data":9.0,"botania:swigs_taken":4.0},"model":"botania:item/brew_flask_4"},{"predicate":{"custom_model_data":9.0,"botania:swigs_taken":5.0},"model":"botania:item/brew_flask_5"},{"predicate":{"custom_model_data":10.0},"model":"minecraft:item/barrier"},{"predicate":{"custom_model_data":11.0},"model":"consistency_plus:item/brown_dyed_bundle"},{"predicate":{"custom_model_data":11.0,"filled":0.001},"model":"consistency_plus:item/brown_dyed_bundle_filled"},{"predicate":{"custom_model_data":12.0},"model":"wiredredstone:item/bundled_cable"},{"predicate":{"custom_model_data":13.0},"model":"spacefactory:item/copper_nugget"},{"predicate":{"custom_model_data":14.0},"model":"bagels_baking:item/corn_meal"},{"predicate":{"custom_model_data":15.0},"model":"botania:item/cosmetic_clock_eye"},{"predicate":{"custom_model_data":16.0},"model":"botania:item/cosmetic_orange_shades"},{"predicate":{"custom_model_data":17.0},"model":"botania:item/cosmetic_witch_pin"},{"predicate":{"custom_model_data":18.0},"model":"create:item/crafting_blueprint"},{"predicate":{"custom_model_data":19.0},"model":"consistency_plus:item/crimson_wart_brick"},{"predicate":{"custom_model_data":20.0},"model":"create:item/crushed_gold_ore"},{"predicate":{"custom_model_data":21.0},"model":"consistency_plus:item/crying_obsidian_brick"},{"predicate":{"custom_model_data":22.0},"model":"bewitchment:item/cypress_bark"},{"predicate":{"custom_model_data":23.0},"model":"witherite_plus:item/damaged_nether_star"},{"predicate":{"custom_model_data":24.0},"model":"incorporeal:item/data_monocle"},{"predicate":{"custom_model_data":25.0},"model":"bewitchment:item/decay_sigil"},{"predicate":{"custom_model_data":26.0},"model":"bewitchment:item/demon_spawn_egg"},{"predicate":{"custom_model_data":27.0},"model":"pswg:item/desh_wire"},{"predicate":{"custom_model_data":28.0},"model":"ecotones:item/duck_egg"},{"predicate":{"custom_model_data":29.0},"model":"pswg:item/durasteel_ingot"},{"predicate":{"custom_model_data":30.0},"model":"hexcasting:item/dye_colorizer_light_gray"},{"predicate":{"custom_model_data":31.0},"model":"terrariamod:item/eater_of_souls_spawn_egg"},{"predicate":{"custom_model_data":32.0},"model":"botania:item/elementium_ingot"},{"predicate":{"custom_model_data":33.0},"model":"incorporeal:item/empty_conjurer"},{"predicate":{"custom_model_data":34.0},"model":"cardstock:item/ender_card_binder"},{"predicate":{"custom_model_data":35.0},"model":"terrariamod:item/eoc_bag"},{"predicate":{"custom_model_data":36.0},"model":"consistency_plus:item/exposed_copper_brick"},{"predicate":{"custom_model_data":37.0},"model":"bewitchment:item/extending_sigil"},{"predicate":{"custom_model_data":38.0},"model":"terrariamod:item/flaming_arrow"},{"predicate":{"custom_model_data":39.0},"model":"pswg:item/glass_6"},{"predicate":{"custom_model_data":40.0},"model":"botania:item/goddess_charm"},{"predicate":{"custom_model_data":41.0},"model":"halfdoors:item/gold_door_nugget"},{"predicate":{"custom_model_data":41.0,"empty":1.0},"model":"halfdoors:item/gold_door_nugget_empty"},{"predicate":{"custom_model_data":42.0},"model":"terrariamod:item/gold_shortsword"},{"predicate":{"custom_model_data":43.0},"model":"gravitychanger:item/gravity_changer_west"},{"predicate":{"custom_model_data":44.0},"model":"archon:item/grimoire"},{"predicate":{"custom_model_data":45.0},"model":"bewitchment:item/heaven_extract"},{"predicate":{"custom_model_data":46.0},"model":"pswg:item/helicite_dust"},{"predicate":{"custom_model_data":47.0},"model":"botania:item/holy_cloak"},{"predicate":{"custom_model_data":48.0},"model":"botania:item/horn_grass"},{"predicate":{"custom_model_data":48.0,"botania:vuvuzela":1.0},"model":"botania:item/vuvuzela"},{"predicate":{"custom_model_data":49.0},"model":"spacefactory:item/hyper_ai_core"},{"predicate":{"custom_model_data":50.0},"model":"botania:item/incense_stick"},{"predicate":{"custom_model_data":51.0},"model":"incorporeal:item/integer_ticket"},{"predicate":{"custom_model_data":51.0,"incorporeal:written_ticket":1.0},"model":"incorporeal:item/integer_ticket_written"},{"predicate":{"custom_model_data":52.0},"model":"terrariamod:item/iron_shortsword"},{"predicate":{"custom_model_data":53.0},"model":"botania:item/lens_firework"},{"predicate":{"custom_model_data":54.0},"model":"botania:item/lens_power"},{"predicate":{"custom_model_data":55.0},"model":"wiredredstone:item/light_blue_bundled_cable"},{"predicate":{"custom_model_data":56.0},"model":"decorative:item/light_gray_bath_tire"},{"predicate":{"custom_model_data":57.0},"model":"pswg:item/light_gray_cup"},{"predicate":{"custom_model_data":58.0},"model":"wiredredstone:item/light_gray_insulated_wire"},{"predicate":{"custom_model_data":59.0},"model":"archon:item/lightning_bottle"},{"predicate":{"custom_model_data":60.0},"model":"bagels_baking:item/linguine"},{"predicate":{"custom_model_data":61.0},"model":"wiredredstone:item/magenta_bundled_cable"},{"predicate":{"custom_model_data":62.0},"model":"terrariamod:item/magic_mirror"},{"predicate":{"custom_model_data":63.0},"model":"botania:item/mana_mirror"},{"predicate":{"custom_model_data":64.0},"model":"botania:item/mana_string"},{"predicate":{"custom_model_data":65.0},"model":"botania:item/manasteel_nugget"},{"predicate":{"custom_model_data":66.0},"model":"culinaire:item/milk_bottle"},{"predicate":{"custom_model_data":67.0},"model":"create:item/minecart_coupling"},{"predicate":{"custom_model_data":68.0},"model":"minecraft:item/barrier"},{"predicate":{"custom_model_data":69.0},"model":"bwplus:item/music_disc_petals"},{"predicate":{"custom_model_data":70.0},"model":"botania:item/mycelium_seeds"},{"predicate":{"custom_model_data":71.0},"model":"consistency_plus:item/netherite_horse_armor"},{"predicate":{"custom_model_data":72.0},"model":"bewitchment:item/oak_bark"},{"predicate":{"custom_model_data":73.0},"model":"refmagic:item/opal"},{"predicate":{"custom_model_data":74.0},"model":"minecraft:item/barrier"},{"predicate":{"custom_model_data":75.0},"model":"consistency_plus:item/orange_dyed_bundle"},{"predicate":{"custom_model_data":75.0,"filled":0.001},"model":"consistency_plus:item/orange_dyed_bundle_filled"},{"predicate":{"custom_model_data":76.0},"model":"consistency_plus:item/oxidized_copper_brick"},{"predicate":{"custom_model_data":77.0},"model":"botania:item/pattern_3_2"},{"predicate":{"custom_model_data":78.0},"model":"wiredredstone:item/pink_bundled_cable"},{"predicate":{"custom_model_data":79.0},"model":"archon:item/player_soul"},{"predicate":{"custom_model_data":80.0},"model":"hexcasting:item/pride_colorizer_aroace"},{"predicate":{"custom_model_data":81.0},"model":"hexcasting:item/pride_colorizer_pansexual"},{"predicate":{"custom_model_data":82.0},"model":"botania:item/quartz_red"},{"predicate":{"custom_model_data":83.0},"model":"botania:item/reach_ring"},{"predicate":{"custom_model_data":84.0},"model":"consistency_plus:item/red_concrete_brick"},{"predicate":{"custom_model_data":85.0},"model":"botania:item/red_string"},{"predicate":{"custom_model_data":86.0},"model":"arcanus:item/rough_fae_stone"},{"predicate":{"custom_model_data":87.0},"model":"botania:item/rune_pride"},{"predicate":{"custom_model_data":88.0},"model":"minecraft:item/barrier"},{"predicate":{"custom_model_data":89.0},"model":"minecraft:item/barrier"},{"predicate":{"custom_model_data":90.0},"model":"minecraft:item/barrier"},{"predicate":{"custom_model_data":91.0},"model":"minecraft:item/barrier"},{"predicate":{"custom_model_data":92.0},"model":"create:item/shadow_steel"},{"predicate":{"custom_model_data":93.0},"model":"minecraft:item/barrier"},{"predicate":{"custom_model_data":94.0},"model":"minecraft:item/barrier"},{"predicate":{"custom_model_data":95.0},"model":"minecraft:item/barrier"},{"predicate":{"custom_model_data":96.0},"model":"minecraft:item/barrier"},{"predicate":{"custom_model_data":97.0},"model":"spacefactory:item/silicon_ingot"},{"predicate":{"custom_model_data":98.0},"model":"bewitchment:item/slippery_sigil"},{"predicate":{"custom_model_data":99.0},"model":"botania:item/spark_upgrade_dispersive"},{"predicate":{"custom_model_data":100.0},"model":"archon:item/spry_dust"},{"predicate":{"custom_model_data":101.0},"model":"extended_drawers:item/t4_upgrade"},{"predicate":{"custom_model_data":102.0},"model":"botania:item/terrasteel_ingot"},{"predicate":{"custom_model_data":103.0},"model":"pswg:item/thorilide_dust"},{"predicate":{"custom_model_data":104.0},"model":"peculiarpieces:item/transport_pearl"},{"predicate":{"custom_model_data":105.0},"model":"create:item/tree_fertilizer"},{"predicate":{"custom_model_data":106.0},"model":"hexcasting:item/uuid_colorizer"},{"predicate":{"custom_model_data":107.0},"model":"botania:item/virus_necrodermal"},{"predicate":{"custom_model_data":108.0},"model":"minecraft:item/barrier"},{"predicate":{"custom_model_data":109.0},"model":"botania:item/water_ring"},{"predicate":{"custom_model_data":110.0},"model":"consistency_plus:item/waxed_copper_brick"},{"predicate":{"custom_model_data":111.0},"model":"wiredredstone:item/white_bundled_cable"},{"predicate":{"custom_model_data":112.0},"model":"consistency_plus:item/withered_bone_meal"},{"predicate":{"custom_model_data":113.0},"model":"minecraft:item/barrier"},{"predicate":{"custom_model_data":114.0},"model":"consistency_plus:item/yellow_dyed_bundle"},{"predicate":{"custom_model_data":114.0,"filled":0.001},"model":"consistency_plus:item/yellow_dyed_bundle_filled"},{"predicate":{"custom_model_data":115.0},"model":"bwplus:item/yew_boat"},{"predicate":{"custom_model_data":116.0},"model":"create:item/zinc_ingot"}]}