{"parent":"item/generated","textures":{"layer0":"item/gold_nugget"},"overrides":[{"predicate":{"custom_model_data":1.0},"model":"botania:item/auto_crafting_halo"},{"predicate":{"custom_model_data":2.0},"model":"portalcubed:item/base_gel"},{"predicate":{"custom_model_data":3.0},"model":"pswg:item/beskar_ingot"},{"predicate":{"custom_model_data":4.0},"model":"decorative:item/black_bath_tire"},{"predicate":{"custom_model_data":5.0},"model":"pswg:item/black_cup"},{"predicate":{"custom_model_data":6.0},"model":"consistency_plus:item/black_terracotta_brick"},{"predicate":{"custom_model_data":7.0},"model":"pswg:item/blaster"},{"predicate":{"custom_model_data":8.0},"model":"terrariamod:item/blue_slime_spawn_egg"},{"predicate":{"custom_model_data":9.0},"model":"bitsandchisels:item/blueprint"},{"predicate":{"custom_model_data":10.0},"model":"bewitchment:item/book_of_shadows"},{"predicate":{"custom_model_data":11.0},"model":"create:item/builders_tea"},{"predicate":{"custom_model_data":12.0},"model":"create:item/chromatic_compound"},{"predicate":{"custom_model_data":13.0},"model":"refmagic:item/citrine"},{"predicate":{"custom_model_data":14.0},"model":"botania:item/clip"},{"predicate":{"custom_model_data":15.0},"model":"oxidized:item/copper_nugget"},{"predicate":{"custom_model_data":16.0},"model":"botania:item/cosmetic_cat_ears"},{"predicate":{"custom_model_data":17.0},"model":"botania:item/cosmetic_lusitanic_shield"},{"predicate":{"custom_model_data":18.0},"model":"botania:item/cosmetic_wicked_eyepatch"},{"predicate":{"custom_model_data":19.0},"model":"create:item/crafter_slot_cover"},{"predicate":{"custom_model_data":20.0},"model":"purpeille:item/creative_core"},{"predicate":{"custom_model_data":21.0},"model":"create:item/crushed_copper_ore"},{"predicate":{"custom_model_data":22.0},"model":"spacefactory:item/crystalite_matrix"},{"predicate":{"custom_model_data":23.0},"model":"wiredredstone:item/cyan_bundled_cable"},{"predicate":{"custom_model_data":24.0},"model":"hexcasting:item/cypher"},{"predicate":{"custom_model_data":24.0,"hexcasting:has_patterns":-0.01},"model":"hexcasting:item/cypher"},{"predicate":{"custom_model_data":24.0,"hexcasting:has_patterns":0.99},"model":"hexcasting:item/cypher_filled"},{"predicate":{"custom_model_data":25.0},"model":"consistency_plus:item/dark_prismarine_brick"},{"predicate":{"custom_model_data":26.0},"model":"bewitchment:item/demon_horn"},{"predicate":{"custom_model_data":27.0},"model":"sandwichable:item/diamond_kitchen_knife"},{"predicate":{"custom_model_data":28.0},"model":"consistency_plus:item/diorite_brick"},{"predicate":{"custom_model_data":29.0},"model":"botania:item/dodge_ring"},{"predicate":{"custom_model_data":30.0},"model":"additionalbanners:item/dragon"},{"predicate":{"custom_model_data":31.0},"model":"botania:item/dragonstone"},{"predicate":{"custom_model_data":32.0},"model":"botania:item/dreamwood_twig"},{"predicate":{"custom_model_data":33.0},"model":"decorative:item/duck_bath_tire"},{"predicate":{"custom_model_data":34.0},"model":"hexcasting:item/dye_colorizer_light_blue"},{"predicate":{"custom_model_data":35.0},"model":"rocks:item/end_stone_splitter"},{"predicate":{"custom_model_data":36.0},"model":"create:item/filter"},{"predicate":{"custom_model_data":37.0},"model":"terracraft:item/flaming_arrow"},{"predicate":{"custom_model_data":38.0},"model":"botania:item/flight_tiara"},{"predicate":{"custom_model_data":39.0},"model":"pswg:item/glass_5"},{"predicate":{"custom_model_data":40.0},"model":"terrariamod:item/gold_crown"},{"predicate":{"custom_model_data":41.0},"model":"gravitychanger:item/gravity_changer_up_aoe"},{"predicate":{"custom_model_data":42.0},"model":"consistency_plus:item/gray_terracotta_brick"},{"predicate":{"custom_model_data":43.0},"model":"terrariamod:item/green_slime_spawn_egg"},{"predicate":{"custom_model_data":44.0},"model":"bewitchment:item/grim_elixir"},{"predicate":{"custom_model_data":45.0},"model":"archon:item/heaven_dial"},{"predicate":{"custom_model_data":46.0},"model":"pswg:item/helicite_crystal"},{"predicate":{"custom_model_data":47.0},"model":"incorporeal:item/integer_conjurer"},{"predicate":{"custom_model_data":48.0},"model":"pswg:item/ionite_nugget"},{"predicate":{"custom_model_data":49.0},"model":"create:item/iron_sheet"},{"predicate":{"custom_model_data":50.0},"model":"botania:item/itemfinder"},{"predicate":{"custom_model_data":51.0},"model":"bewitchment:item/juniper_broom"},{"predicate":{"custom_model_data":52.0},"model":"additionalbanners:item/kelp"},{"predicate":{"custom_model_data":53.0},"model":"botania:item/lens_fire"},{"predicate":{"custom_model_data":54.0},"model":"botania:item/lens_piston"},{"predicate":{"custom_model_data":55.0},"model":"consistency_plus:item/lime_concrete_brick"},{"predicate":{"custom_model_data":56.0},"model":"wiredredstone:item/lime_insulated_wire"},{"predicate":{"custom_model_data":57.0},"model":"milk:item/lingering_milk_bottle"},{"predicate":{"custom_model_data":58.0},"model":"pswg:item/lizard_gizzard"},{"predicate":{"custom_model_data":59.0},"model":"terracraft:item/magic_mirror"},{"predicate":{"custom_model_data":60.0},"model":"archon:item/mana_leech_spawn_egg"},{"predicate":{"custom_model_data":61.0},"model":"milk_plus:item/milk_arrow"},{"predicate":{"custom_model_data":62.0},"model":"create:item/minecart_contraption"},{"predicate":{"custom_model_data":63.0},"model":"minecraft:item/barrier"},{"predicate":{"custom_model_data":64.0},"model":"bagels_baking:item/music_disc_coll"},{"predicate":{"custom_model_data":65.0},"model":"terrariamod:item/night_disc"},{"predicate":{"custom_model_data":66.0},"model":"incorporeal:item/number_lens"},{"predicate":{"custom_model_data":67.0},"model":"botania:item/pattern_3_1"},{"predicate":{"custom_model_data":68.0},"model":"consistency_plus:item/pink_terracotta_brick"},{"predicate":{"custom_model_data":69.0},"model":"botania:item/placeholder"},{"predicate":{"custom_model_data":70.0},"model":"hexcasting:item/pride_colorizer_agender"},{"predicate":{"custom_model_data":71.0},"model":"hexcasting:item/pride_colorizer_nonbinary"},{"predicate":{"custom_model_data":72.0},"model":"create:item/propeller"},{"predicate":{"custom_model_data":73.0},"model":"consistency_plus:item/purple_concrete_brick"},{"predicate":{"custom_model_data":74.0},"model":"wiredredstone:item/purple_insulated_wire"},{"predicate":{"custom_model_data":75.0},"model":"consistency_plus:item/quartz_brick"},{"predicate":{"custom_model_data":76.0},"model":"botania:item/quartz_mana"},{"predicate":{"custom_model_data":77.0},"model":"spacefactory:item/raw_iridium"},{"predicate":{"custom_model_data":78.0},"model":"minecraft:item/barrier"},{"predicate":{"custom_model_data":79.0},"model":"consistency_plus:item/red_dyed_bundle"},{"predicate":{"custom_model_data":79.0,"filled":0.001},"model":"consistency_plus:item/red_dyed_bundle_filled"},{"predicate":{"custom_model_data":80.0},"model":"consistency_plus:item/red_terracotta_brick"},{"predicate":{"custom_model_data":81.0},"model":"botania:item/rune_mana"},{"predicate":{"custom_model_data":82.0},"model":"sandwichable:item/salt"},{"predicate":{"custom_model_data":83.0},"model":"consistency_plus:item/sandstone_brick"},{"predicate":{"custom_model_data":84.0},"model":"rocks:item/sandstone_splitter"},{"predicate":{"custom_model_data":85.0},"model":"sandwichable:item/sandwich_table_minecart"},{"predicate":{"custom_model_data":86.0},"model":"hexcasting:item/scroll_small"},{"predicate":{"custom_model_data":86.0,"hexcasting:ancient":0.0},"model":"hexcasting:item/scroll_pristine_small"},{"predicate":{"custom_model_data":86.0,"hexcasting:ancient":1.0},"model":"hexcasting:item/scroll_ancient_small"},{"predicate":{"custom_model_data":87.0},"model":"minecraft:item/barrier"},{"predicate":{"custom_model_data":88.0},"model":"minecraft:item/barrier"},{"predicate":{"custom_model_data":89.0},"model":"minecraft:item/barrier"},{"predicate":{"custom_model_data":90.0},"model":"minecraft:item/barrier"},{"predicate":{"custom_model_data":91.0},"model":"minecraft:item/barrier"},{"predicate":{"custom_model_data":92.0},"model":"minecraft:item/barrier"},{"predicate":{"custom_model_data":93.0},"model":"minecraft:item/barrier"},{"predicate":{"custom_model_data":94.0},"model":"minecraft:item/barrier"},{"predicate":{"custom_model_data":95.0},"model":"peculiarpieces:item/slippery_shoes"},{"predicate":{"custom_model_data":96.0},"model":"bwplus:item/soul"},{"predicate":{"custom_model_data":97.0},"model":"botania:item/spawner_mover"},{"predicate":{"custom_model_data":97.0,"botania:full":1.0},"model":"botania:item/spawner_mover_full"},{"predicate":{"custom_model_data":98.0},"model":"hexcasting:item/spellbook"},{"predicate":{"custom_model_data":98.0,"hexcasting:datatype":0.0,"hexcasting:sealed":0.0},"model":"hexcasting:item/spellbook_empty"},{"predicate":{"custom_model_data":98.0,"hexcasting:datatype":1.0,"hexcasting:sealed":0.0},"model":"hexcasting:item/spellbook_entity"},{"predicate":{"custom_model_data":98.0,"hexcasting:datatype":2.0,"hexcasting:sealed":0.0},"model":"hexcasting:item/spellbook_double"},{"predicate":{"custom_model_data":98.0,"hexcasting:datatype":3.0,"hexcasting:sealed":0.0},"model":"hexcasting:item/spellbook_vec3"},{"predicate":{"custom_model_data":98.0,"hexcasting:datatype":4.0,"hexcasting:sealed":0.0},"model":"hexcasting:item/spellbook_widget"},{"predicate":{"custom_model_data":98.0,"hexcasting:datatype":5.0,"hexcasting:sealed":0.0},"model":"hexcasting:item/spellbook_list"},{"predicate":{"custom_model_data":98.0,"hexcasting:datatype":6.0,"hexcasting:sealed":0.0},"model":"hexcasting:item/spellbook_pattern"},{"predicate":{"custom_model_data":98.0,"hexcasting:datatype":0.0,"hexcasting:sealed":1.0},"model":"hexcasting:item/spellbook_empty_sealed"},{"predicate":{"custom_model_data":98.0,"hexcasting:datatype":1.0,"hexcasting:sealed":1.0},"model":"hexcasting:item/spellbook_entity_sealed"},{"predicate":{"custom_model_data":98.0,"hexcasting:datatype":2.0,"hexcasting:sealed":1.0},"model":"hexcasting:item/spellbook_double_sealed"},{"predicate":{"custom_model_data":98.0,"hexcasting:datatype":3.0,"hexcasting:sealed":1.0},"model":"hexcasting:item/spellbook_vec3_sealed"},{"predicate":{"custom_model_data":98.0,"hexcasting:datatype":4.0,"hexcasting:sealed":1.0},"model":"hexcasting:item/spellbook_widget_sealed"},{"predicate":{"custom_model_data":98.0,"hexcasting:datatype":5.0,"hexcasting:sealed":1.0},"model":"hexcasting:item/spellbook_list_sealed"},{"predicate":{"custom_model_data":98.0,"hexcasting:datatype":6.0,"hexcasting:sealed":1.0},"model":"hexcasting:item/spellbook_pattern_sealed"},{"predicate":{"custom_model_data":99.0},"model":"pswg:item/stripped_japor_branch"},{"predicate":{"custom_model_data":100.0},"model":"extended_drawers:item/t3_upgrade"},{"predicate":{"custom_model_data":101.0},"model":"pswg:item/thorilide_crystal"},{"predicate":{"custom_model_data":102.0},"model":"refmagic:item/topaz"},{"predicate":{"custom_model_data":103.0},"model":"pswg:item/transparisteel_ingot"},{"predicate":{"custom_model_data":104.0},"model":"computercraft:item/treasure_disk"},{"predicate":{"custom_model_data":105.0},"model":"purpeille:item/ultraviolet_prism"},{"predicate":{"custom_model_data":106.0},"model":"minecraft:item/barrier"},{"predicate":{"custom_model_data":107.0},"model":"botania:item/vine_ball"},{"predicate":{"custom_model_data":108.0},"model":"minecraft:item/barrier"},{"predicate":{"custom_model_data":109.0},"model":"hexcasting:item/wand_oak"},{"predicate":{"custom_model_data":109.0,"hexcasting:funny_level":0.0},"model":"hexcasting:item/wand_oak"},{"predicate":{"custom_model_data":109.0,"hexcasting:funny_level":1.0},"model":"hexcasting:item/wand_old"},{"predicate":{"custom_model_data":109.0,"hexcasting:funny_level":2.0},"model":"hexcasting:item/wand_bosnia"},{"predicate":{"custom_model_data":110.0},"model":"bagels_baking:item/wheat_cereal"},{"predicate":{"custom_model_data":111.0},"model":"minecraft:item/barrier"},{"predicate":{"custom_model_data":112.0},"model":"witherite_plus:item/witherite_nugget"},{"predicate":{"custom_model_data":113.0},"model":"campanion:item/wooden_rod"}]}