{"parent":"item/generated","textures":{"layer0":"item/heart_of_the_sea"},"overrides":[{"predicate":{"custom_model_data":1.0},"model":"hexcasting:item/abacus"},{"predicate":{"custom_model_data":2.0},"model":"additionalbanners:item/anchor"},{"predicate":{"custom_model_data":3.0},"model":"botania:item/ancient_will_guthan"},{"predicate":{"custom_model_data":4.0},"model":"aurorasdeco:item/azalea_boat"},{"predicate":{"custom_model_data":5.0},"model":"pswg:item/bantha_horn"},{"predicate":{"custom_model_data":6.0},"model":"bwplus:item/bloodroot_item"},{"predicate":{"custom_model_data":7.0},"model":"terrariamod:item/boss_one_disc"},{"predicate":{"custom_model_data":8.0},"model":"create:item/brass_hand"},{"predicate":{"custom_model_data":9.0},"model":"consistency_plus:item/calcite_brick"},{"predicate":{"custom_model_data":10.0},"model":"archon:item/channeler"},{"predicate":{"custom_model_data":11.0},"model":"pswg:item/chromium_nugget"},{"predicate":{"custom_model_data":12.0},"model":"botania:item/cloud_pendant"},{"predicate":{"custom_model_data":13.0},"model":"rocks:item/cobblestone_splitter"},{"predicate":{"custom_model_data":14.0},"model":"portalcubed:item/companion_cube"},{"predicate":{"custom_model_data":15.0},"model":"oxidized:item/copper_golem_spawn_egg"},{"predicate":{"custom_model_data":16.0},"model":"pswg:item/cortosis_ingot"},{"predicate":{"custom_model_data":17.0},"model":"botania:item/cosmetic_devil_tail"},{"predicate":{"custom_model_data":18.0},"model":"botania:item/cosmetic_polka_dotted_bows"},{"predicate":{"custom_model_data":19.0},"model":"create:item/crushed_lead_ore"},{"predicate":{"custom_model_data":20.0},"model":"consistency_plus:item/cyan_concrete_brick"},{"predicate":{"custom_model_data":21.0},"model":"wiredredstone:item/cyan_insulated_wire"},{"predicate":{"custom_model_data":22.0},"model":"bewitchment:item/cypress_broom"},{"predicate":{"custom_model_data":23.0},"model":"terrariamod:item/day_one_disc"},{"predicate":{"custom_model_data":24.0},"model":"consistency_plus:item/deepslate_brick"},{"predicate":{"custom_model_data":25.0},"model":"bewitchment:item/demonic_contract"},{"predicate":{"custom_model_data":26.0},"model":"minecraft:item/barrier"},{"predicate":{"custom_model_data":27.0},"model":"hexcasting:item/dye_colorizer_magenta"},{"predicate":{"custom_model_data":28.0},"model":"ecotones:item/ecotones_book"},{"predicate":{"custom_model_data":29.0},"model":"botania:item/elementium_nugget"},{"predicate":{"custom_model_data":30.0},"model":"witherite_plus:item/enriched_witherite_ingot"},{"predicate":{"custom_model_data":31.0},"model":"botania:item/exchange_rod"},{"predicate":{"custom_model_data":32.0},"model":"botania:item/flugel_eye"},{"predicate":{"custom_model_data":33.0},"model":"additionalbanners:item/frame"},{"predicate":{"custom_model_data":34.0},"model":"automobility:item/front_attachment"},{"predicate":{"custom_model_data":35.0},"model":"transpositioners:item/gate_module_base_mk1"},{"predicate":{"custom_model_data":36.0},"model":"bewitchment:item/ghost_spawn_egg"},{"predicate":{"custom_model_data":37.0},"model":"pswg:item/glass_8"},{"predicate":{"custom_model_data":38.0},"model":"additionalbanners:item/grass"},{"predicate":{"custom_model_data":39.0},"model":"gravitychanger:item/gravity_changer_down"},{"predicate":{"custom_model_data":40.0},"model":"botania:item/gravity_rod"},{"predicate":{"custom_model_data":41.0},"model":"decorative:item/green_bath_tire"},{"predicate":{"custom_model_data":42.0},"model":"pswg:item/green_cup"},{"predicate":{"custom_model_data":43.0},"model":"bewitchment:item/heavy_sigil"},{"predicate":{"custom_model_data":44.0},"model":"bewitchment:item/hellhound_spawn_egg"},{"predicate":{"custom_model_data":45.0},"model":"terrariamod:item/honey_bottle"},{"predicate":{"custom_model_data":46.0},"model":"botania:item/horn_snow"},{"predicate":{"custom_model_data":46.0,"botania:vuvuzela":1.0},"model":"botania:item/vuvuzela"},{"predicate":{"custom_model_data":47.0},"model":"create:item/incomplete_cogwheel"},{"predicate":{"custom_model_data":48.0},"model":"spacefactory:item/iridium_dust"},{"predicate":{"custom_model_data":49.0},"model":"terrariamod:item/ironskin_potion"},{"predicate":{"custom_model_data":50.0},"model":"botania:item/king_key"},{"predicate":{"custom_model_data":51.0},"model":"botania:item/lens_gravity"},{"predicate":{"custom_model_data":52.0},"model":"botania:item/lens_speed"},{"predicate":{"custom_model_data":53.0},"model":"minecraft:item/barrier"},{"predicate":{"custom_model_data":54.0},"model":"consistency_plus:item/light_blue_dyed_bundle"},{"predicate":{"custom_model_data":54.0,"filled":0.001},"model":"consistency_plus:item/light_blue_dyed_bundle_filled"},{"predicate":{"custom_model_data":55.0},"model":"wiredredstone:item/light_gray_bundled_cable"},{"predicate":{"custom_model_data":56.0},"model":"botania:item/living_root"},{"predicate":{"custom_model_data":57.0},"model":"extended_drawers:item/lock"},{"predicate":{"custom_model_data":58.0},"model":"bagels_baking:item/macaroni"},{"predicate":{"custom_model_data":59.0},"model":"minecraft:item/barrier"},{"predicate":{"custom_model_data":60.0},"model":"consistency_plus:item/magenta_dyed_bundle"},{"predicate":{"custom_model_data":60.0,"filled":0.001},"model":"consistency_plus:item/magenta_dyed_bundle_filled"},{"predicate":{"custom_model_data":61.0},"model":"portalcubed:item/mini_blackhole"},{"predicate":{"custom_model_data":62.0},"model":"minecraft:item/barrier"},{"predicate":{"custom_model_data":63.0},"model":"peculiarpieces:item/mounting_stick"},{"predicate":{"custom_model_data":64.0},"model":"bwplus:item/mutandis"},{"predicate":{"custom_model_data":65.0},"model":"consistency_plus:item/netherite_nugget"},{"predicate":{"custom_model_data":66.0},"model":"witherite_plus:item/organic_witherite"},{"predicate":{"custom_model_data":67.0},"model":"botania:item/pattern_donut"},{"predicate":{"custom_model_data":68.0},"model":"botania:item/pebble"},{"predicate":{"custom_model_data":69.0},"model":"additionalbanners:item/phantom"},{"predicate":{"custom_model_data":70.0},"model":"botania:item/pinkinator"},{"predicate":{"custom_model_data":71.0},"model":"computercraft:item/pocket_computer_normal"},{"predicate":{"custom_model_data":71.0,"computercraft:state":0.0,"computercraft:coloured":0.0},"model":"computercraft:item/pocket_computer_normal"},{"predicate":{"custom_model_data":71.0,"computercraft:state":1.0,"computercraft:coloured":0.0},"model":"computercraft:item/pocket_computer_normal_on"},{"predicate":{"custom_model_data":71.0,"computercraft:state":2.0,"computercraft:coloured":0.0},"model":"computercraft:item/pocket_computer_normal_blinking"},{"predicate":{"custom_model_data":71.0,"computercraft:state":0.0,"computercraft:coloured":1.0},"model":"computercraft:item/pocket_computer_colour"},{"predicate":{"custom_model_data":71.0,"computercraft:state":1.0,"computercraft:coloured":1.0},"model":"computercraft:item/pocket_computer_colour_on"},{"predicate":{"custom_model_data":71.0,"computercraft:state":2.0,"computercraft:coloured":1.0},"model":"computercraft:item/pocket_computer_colour_blinking"},{"predicate":{"custom_model_data":72.0},"model":"hexcasting:item/pride_colorizer_asexual"},{"predicate":{"custom_model_data":73.0},"model":"hexcasting:item/pride_colorizer_transgender"},{"predicate":{"custom_model_data":74.0},"model":"pswg:item/raw_beskar"},{"predicate":{"custom_model_data":75.0},"model":"pswg:item/raw_kelerium"},{"predicate":{"custom_model_data":76.0},"model":"consistency_plus:item/red_sandstone_brick"},{"predicate":{"custom_model_data":77.0},"model":"rocks:item/red_sandstone_splitter"},{"predicate":{"custom_model_data":78.0},"model":"spacefactory:item/refined_iron_ingot"},{"predicate":{"custom_model_data":79.0},"model":"spacefactory:item/rubber"},{"predicate":{"custom_model_data":80.0},"model":"botania:item/rune_spring"},{"predicate":{"custom_model_data":81.0},"model":"pswg:item/salt_pile"},{"predicate":{"custom_model_data":82.0},"model":"botania:item/scorched_seeds"},{"predicate":{"custom_model_data":83.0},"model":"minecraft:item/barrier"},{"predicate":{"custom_model_data":84.0},"model":"minecraft:item/barrier"},{"predicate":{"custom_model_data":85.0},"model":"minecraft:item/barrier"},{"predicate":{"custom_model_data":86.0},"model":"minecraft:item/barrier"},{"predicate":{"custom_model_data":87.0},"model":"bewitchment:item/shadows_sigil"},{"predicate":{"custom_model_data":88.0},"model":"minecraft:item/barrier"},{"predicate":{"custom_model_data":89.0},"model":"minecraft:item/barrier"},{"predicate":{"custom_model_data":90.0},"model":"minecraft:item/barrier"},{"predicate":{"custom_model_data":91.0},"model":"minecraft:item/barrier"},{"predicate":{"custom_model_data":92.0},"model":"spacefactory:item/small_iridium_dust"},{"predicate":{"custom_model_data":93.0},"model":"archon:item/soul_core_creature"},{"predicate":{"custom_model_data":94.0},"model":"botania:item/spark_upgrade_isolated"},{"predicate":{"custom_model_data":95.0},"model":"bewitchment:item/specter_bangle"},{"predicate":{"custom_model_data":96.0},"model":"milk:item/splash_milk_bottle"},{"predicate":{"custom_model_data":97.0},"model":"additionalbanners:item/squid"},{"predicate":{"custom_model_data":98.0},"model":"spacefactory:item/stone_dust"},{"predicate":{"custom_model_data":99.0},"model":"archon:item/super_experience_pouch"},{"predicate":{"custom_model_data":100.0},"model":"botania:item/terrasteel_nugget"},{"predicate":{"custom_model_data":101.0},"model":"darkutils:item/tome_illager"},{"predicate":{"custom_model_data":102.0},"model":"quark:item/toretoise_spawn_egg"},{"predicate":{"custom_model_data":103.0},"model":"transpositioners:item/transpositioner_mk1"},{"predicate":{"custom_model_data":104.0},"model":"additionalbanners:item/trident"},{"predicate":{"custom_model_data":105.0},"model":"terrariamod:item/underground_disc"},{"predicate":{"custom_model_data":106.0},"model":"minecraft:item/barrier"},{"predicate":{"custom_model_data":107.0},"model":"hexcasting:item/wand_spruce"},{"predicate":{"custom_model_data":107.0,"hexcasting:funny_level":0.0},"model":"hexcasting:item/wand_spruce"},{"predicate":{"custom_model_data":107.0,"hexcasting:funny_level":1.0},"model":"hexcasting:item/wand_old"},{"predicate":{"custom_model_data":107.0,"hexcasting:funny_level":2.0},"model":"hexcasting:item/wand_bosnia"},{"predicate":{"custom_model_data":108.0},"model":"create:item/whisk"},{"predicate":{"custom_model_data":109.0},"model":"consistency_plus:item/withered_bone"},{"predicate":{"custom_model_data":110.0},"model":"botania:item/world_seed"}]}