{"parent":"item/generated","textures":{"layer0":"item/iron_nugget"},"overrides":[{"predicate":{"bewitchment:variant":1.0,"custom_model_data":71.0},"model":"bewitchment:item/prickly_belt_variant"},{"predicate":{"custom_model_data":1.0},"model":"create:item/andesite_alloy"},{"predicate":{"custom_model_data":2.0},"model":"botania:item/aura_ring_greater"},{"predicate":{"custom_model_data":3.0},"model":"decorative:item/beach_ball"},{"predicate":{"custom_model_data":4.0},"model":"consistency_plus:item/blue_concrete_brick"},{"predicate":{"custom_model_data":5.0},"model":"wiredredstone:item/blue_insulated_wire"},{"predicate":{"custom_model_data":6.0},"model":"wiredredstone:item/brown_bundled_cable"},{"predicate":{"custom_model_data":7.0},"model":"create:item/chocolate_bucket"},{"predicate":{"custom_model_data":8.0},"model":"spacefactory:item/circuit"},{"predicate":{"custom_model_data":9.0},"model":"botania:item/cobble_rod"},{"predicate":{"custom_model_data":10.0},"model":"spacefactory:item/copper_dust"},{"predicate":{"custom_model_data":11.0},"model":"create:item/copper_nugget"},{"predicate":{"custom_model_data":12.0},"model":"bagels_baking:item/corn_cereal"},{"predicate":{"custom_model_data":13.0},"model":"botania:item/cosmetic_botanist_emblem"},{"predicate":{"custom_model_data":14.0},"model":"botania:item/cosmetic_kamui_eye"},{"predicate":{"custom_model_data":15.0},"model":"botania:item/cosmetic_unicorn_horn"},{"predicate":{"custom_model_data":16.0},"model":"create:item/creative_blaze_cake"},{"predicate":{"custom_model_data":17.0},"model":"create:item/crushed_aluminum_ore"},{"predicate":{"custom_model_data":18.0},"model":"create:item/crushed_zinc_ore"},{"predicate":{"custom_model_data":19.0},"model":"spacefactory:item/crystalite_dust"},{"predicate":{"custom_model_data":20.0},"model":"pswg:item/debug"},{"predicate":{"custom_model_data":21.0},"model":"pswg:item/desh_nugget"},{"predicate":{"custom_model_data":22.0},"model":"spacefactory:item/diamond_dust"},{"predicate":{"custom_model_data":23.0},"model":"botania:item/dirt_rod"},{"predicate":{"custom_model_data":24.0},"model":"botania:item/divining_rod"},{"predicate":{"custom_model_data":25.0},"model":"extended_drawers:item/downgrade"},{"predicate":{"custom_model_data":26.0},"model":"pswg:item/durasteel_cup"},{"predicate":{"custom_model_data":27.0},"model":"hexcasting:item/dye_colorizer_green"},{"predicate":{"custom_model_data":28.0},"model":"bewitchment:item/earth_ichor"},{"predicate":{"custom_model_data":29.0},"model":"consistency_plus:item/end_stone_brick"},{"predicate":{"custom_model_data":30.0},"model":"incorporeal:item/enterbrilliance"},{"predicate":{"custom_model_data":31.0},"model":"terrariamod:item/fallen_star"},{"predicate":{"custom_model_data":32.0},"model":"minecraft:item/barrier"},{"predicate":{"custom_model_data":33.0},"model":"botania:item/fire_rod"},{"predicate":{"custom_model_data":34.0},"model":"peculiarpieces:item/flight_ring"},{"predicate":{"custom_model_data":35.0},"model":"pswg:item/glass_4"},{"predicate":{"custom_model_data":36.0},"model":"terracraft:item/gold_coin"},{"predicate":{"custom_model_data":37.0},"model":"create:item/golden_sheet"},{"predicate":{"custom_model_data":38.0},"model":"ecotones:item/grass_strand"},{"predicate":{"custom_model_data":39.0},"model":"gravitychanger:item/gravity_changer_up"},{"predicate":{"custom_model_data":40.0},"model":"purpeille:item/impure_preserved_dust"},{"predicate":{"custom_model_data":41.0},"model":"pswg:item/insulated_desh_cable"},{"predicate":{"custom_model_data":42.0},"model":"pswg:item/ionite_ingot"},{"predicate":{"custom_model_data":43.0},"model":"pswg:item/jumptrooper_jetpack"},{"predicate":{"custom_model_data":44.0},"model":"bewitchment:item/juniper_boat"},{"predicate":{"custom_model_data":45.0},"model":"pswg:item/kelerium_ingot"},{"predicate":{"custom_model_data":46.0},"model":"pswg:item/kreetle_husk"},{"predicate":{"custom_model_data":47.0},"model":"botania:item/lava_pendant"},{"predicate":{"custom_model_data":48.0},"model":"bagels_baking:item/lemon_boat"},{"predicate":{"custom_model_data":49.0},"model":"botania:item/lens_explosive"},{"predicate":{"custom_model_data":50.0},"model":"botania:item/lens_phantom"},{"predicate":{"custom_model_data":51.0},"model":"terrariamod:item/lesser_healing_potion"},{"predicate":{"custom_model_data":52.0},"model":"decorative:item/light_blue_bath_tire"},{"predicate":{"custom_model_data":53.0},"model":"pswg:item/light_blue_cup"},{"predicate":{"custom_model_data":54.0},"model":"minecraft:item/barrier"},{"predicate":{"custom_model_data":55.0},"model":"consistency_plus:item/lime_dyed_bundle"},{"predicate":{"custom_model_data":55.0,"filled":0.001},"model":"consistency_plus:item/lime_dyed_bundle_filled"},{"predicate":{"custom_model_data":56.0},"model":"decorative:item/magenta_bath_tire"},{"predicate":{"custom_model_data":57.0},"model":"pswg:item/magenta_cup"},{"predicate":{"custom_model_data":58.0},"model":"botania:item/mana_gun"},{"predicate":{"custom_model_data":59.0},"model":"botania:item/mana_ring_greater"},{"predicate":{"custom_model_data":60.0},"model":"botania:item/manasteel_ingot"},{"predicate":{"custom_model_data":61.0},"model":"bewitchment:item/mandrake_root"},{"predicate":{"custom_model_data":62.0},"model":"incorporeal:item/matcher_ticket"},{"predicate":{"custom_model_data":62.0,"incorporeal:written_ticket":1.0},"model":"incorporeal:item/matcher_ticket_written"},{"predicate":{"custom_model_data":63.0},"model":"minecraft:item/barrier"},{"predicate":{"custom_model_data":64.0},"model":"bagels_baking:item/music_disc_cafe"},{"predicate":{"custom_model_data":65.0},"model":"bwplus:item/niffler_spawn_egg"},{"predicate":{"custom_model_data":66.0},"model":"consistency_plus:item/nubert_minecart"},{"predicate":{"custom_model_data":67.0},"model":"wiredredstone:item/orange_bundled_cable"},{"predicate":{"custom_model_data":68.0},"model":"botania:item/pattern_2_3"},{"predicate":{"custom_model_data":69.0},"model":"sandwichable:item/pickle_brine_bucket"},{"predicate":{"custom_model_data":70.0},"model":"decorative:item/pink_bath_tire"},{"predicate":{"custom_model_data":71.0},"model":"bewitchment:item/prickly_belt"},{"predicate":{"custom_model_data":72.0},"model":"hexcasting:item/pride_colorizer_lesbian"},{"predicate":{"custom_model_data":73.0},"model":"minecraft:item/barrier"},{"predicate":{"custom_model_data":74.0},"model":"consistency_plus:item/purple_dyed_bundle"},{"predicate":{"custom_model_data":74.0,"filled":0.001},"model":"consistency_plus:item/purple_dyed_bundle_filled"},{"predicate":{"custom_model_data":75.0},"model":"botania:item/quartz_lavender"},{"predicate":{"custom_model_data":76.0},"model":"pswg:item/raw_ionite"},{"predicate":{"custom_model_data":77.0},"model":"create:item/raw_zinc"},{"predicate":{"custom_model_data":78.0},"model":"botania:item/redstone_root"},{"predicate":{"custom_model_data":79.0},"model":"sandwichable:item/regular_cheese_culture_bottle"},{"predicate":{"custom_model_data":80.0},"model":"archon:item/removal_scroll"},{"predicate":{"custom_model_data":81.0},"model":"botania:item/rune_lust"},{"predicate":{"custom_model_data":82.0},"model":"minecraft:item/barrier"},{"predicate":{"custom_model_data":83.0},"model":"minecraft:item/barrier"},{"predicate":{"custom_model_data":84.0},"model":"minecraft:item/barrier"},{"predicate":{"custom_model_data":85.0},"model":"minecraft:item/barrier"},{"predicate":{"custom_model_data":86.0},"model":"minecraft:item/barrier"},{"predicate":{"custom_model_data":87.0},"model":"minecraft:item/barrier"},{"predicate":{"custom_model_data":88.0},"model":"minecraft:item/barrier"},{"predicate":{"custom_model_data":89.0},"model":"minecraft:item/barrier"},{"predicate":{"custom_model_data":90.0},"model":"botania:item/slingshot"},{"predicate":{"custom_model_data":91.0},"model":"incorporeal:item/solidified_request_ticket"},{"predicate":{"custom_model_data":91.0,"incorporeal:written_ticket":1.0},"model":"incorporeal:item/solidified_request_ticket_written"},{"predicate":{"custom_model_data":92.0},"model":"botania:item/spark"},{"predicate":{"custom_model_data":93.0},"model":"extended_drawers:item/t2_upgrade"},{"predicate":{"custom_model_data":94.0},"model":"campanion:item/tent_bag"},{"predicate":{"custom_model_data":94.0,"campanion:open":1.0},"model":"campanion:item/tent_bag_open"},{"predicate":{"custom_model_data":95.0},"model":"bewitchment:item/toad_spawn_egg"},{"predicate":{"custom_model_data":96.0},"model":"chocolatebar:item/toolchain_wrapping_paper"},{"predicate":{"custom_model_data":97.0},"model":"botania:item/travel_belt"},{"predicate":{"custom_model_data":98.0},"model":"pswg:item/turbine"},{"predicate":{"custom_model_data":99.0},"model":"bewitchment:item/vampire_spawn_egg"},{"predicate":{"custom_model_data":100.0},"model":"minecraft:item/barrier"},{"predicate":{"custom_model_data":101.0},"model":"hexcasting:item/wand_jungle"},{"predicate":{"custom_model_data":101.0,"hexcasting:funny_level":0.0},"model":"hexcasting:item/wand_jungle"},{"predicate":{"custom_model_data":101.0,"hexcasting:funny_level":1.0},"model":"hexcasting:item/wand_old"},{"predicate":{"custom_model_data":101.0,"hexcasting:funny_level":2.0},"model":"hexcasting:item/wand_bosnia"},{"predicate":{"custom_model_data":102.0},"model":"consistency_plus:item/waxed_weathered_copper_brick"},{"predicate":{"custom_model_data":103.0},"model":"decorative:item/white_bath_tire"},{"predicate":{"custom_model_data":104.0},"model":"wiredredstone:item/yellow_bundled_cable"}]}