{"parent":"item/generated","textures":{"layer0":"item/paper"},"overrides":[{"predicate":{"custom_model_data":1.0},"model":"purpeille:item/ancients_almanac"},{"predicate":{"custom_model_data":2.0},"model":"botania:item/balance_cloak"},{"predicate":{"custom_model_data":3.0},"model":"campanion:item/camping_pack"},{"predicate":{"custom_model_data":4.0},"model":"minecraft:item/barrier"},{"predicate":{"custom_model_data":5.0},"model":"darkutils:item/charm_sleep"},{"predicate":{"custom_model_data":6.0},"model":"bagels_baking:item/cinnamon_bark"},{"predicate":{"custom_model_data":7.0},"model":"peculiarpieces:item/consumable_position_pearl"},{"predicate":{"custom_model_data":8.0},"model":"terrariamod:item/copper_bow"},{"predicate":{"custom_model_data":9.0},"model":"botania:item/corporea_spark_creative"},{"predicate":{"custom_model_data":10.0},"model":"botania:item/cosmetic_ancient_mask"},{"predicate":{"custom_model_data":11.0},"model":"botania:item/cosmetic_four_leaf_clover"},{"predicate":{"custom_model_data":12.0},"model":"botania:item/cosmetic_red_ribbons"},{"predicate":{"custom_model_data":13.0},"model":"create:item/crushed_quicksilver_ore"},{"predicate":{"custom_model_data":14.0},"model":"culinaire:item/dark_chocolate_bottle"},{"predicate":{"custom_model_data":15.0},"model":"botania:item/dice"},{"predicate":{"custom_model_data":16.0},"model":"pswg:item/display_panel"},{"predicate":{"custom_model_data":17.0},"model":"bagels_baking:item/dried_tea_leaves"},{"predicate":{"custom_model_data":18.0},"model":"hexcasting:item/dye_colorizer_blue"},{"predicate":{"custom_model_data":19.0},"model":"hexcasting:item/dye_colorizer_red"},{"predicate":{"custom_model_data":20.0},"model":"spacefactory:item/ender_pearl_dust"},{"predicate":{"custom_model_data":21.0},"model":"witherite_plus:item/enriched_witherite_powder"},{"predicate":{"custom_model_data":22.0},"model":"create:item/experience_nugget"},{"predicate":{"custom_model_data":23.0},"model":"botania:item/gaia_ingot"},{"predicate":{"custom_model_data":24.0},"model":"wiredredstone:item/gate_repeater"},{"predicate":{"custom_model_data":25.0},"model":"pswg:item/glass_1"},{"predicate":{"custom_model_data":26.0},"model":"pswg:item/glass_bottle_3"},{"predicate":{"custom_model_data":27.0},"model":"terrariamod:item/gold_bow"},{"predicate":{"custom_model_data":28.0},"model":"terrariamod:item/gold_pickaxe"},{"predicate":{"custom_model_data":29.0},"model":"gravitychanger:item/gravity_changer_north"},{"predicate":{"custom_model_data":30.0},"model":"minecraft:item/barrier"},{"predicate":{"custom_model_data":31.0},"model":"consistency_plus:item/green_dyed_bundle"},{"predicate":{"custom_model_data":31.0,"filled":0.001},"model":"consistency_plus:item/green_dyed_bundle_filled"},{"predicate":{"custom_model_data":32.0},"model":"create:item/handheld_worldshaper"},{"predicate":{"custom_model_data":33.0},"model":"bewitchment:item/herne_spawn_egg"},{"predicate":{"custom_model_data":34.0},"model":"chromatic_currents:item/iconitem"},{"predicate":{"custom_model_data":35.0},"model":"botania:item/infinite_fruit"},{"predicate":{"custom_model_data":35.0,"botania:boot":1.0},"model":"botania:item/dasboot"},{"predicate":{"custom_model_data":36.0},"model":"terrariamod:item/iron_bar"},{"predicate":{"custom_model_data":37.0},"model":"transpositioners:item/item_gate_module_mk2"},{"predicate":{"custom_model_data":38.0},"model":"botania:item/knockback_belt"},{"predicate":{"custom_model_data":39.0},"model":"pswg:item/laa_bucket"},{"predicate":{"custom_model_data":40.0},"model":"terrariamod:item/lens"},{"predicate":{"custom_model_data":41.0},"model":"botania:item/lens_messenger"},{"predicate":{"custom_model_data":42.0},"model":"botania:item/lens_warp"},{"predicate":{"custom_model_data":43.0},"model":"decorative:item/lime_bath_tire"},{"predicate":{"custom_model_data":44.0},"model":"pswg:item/lime_cup"},{"predicate":{"custom_model_data":45.0},"model":"pswg:item/lommite_crystal"},{"predicate":{"custom_model_data":46.0},"model":"campanion:item/marshmallow_on_a_stick"},{"predicate":{"custom_model_data":47.0},"model":"bagels_baking:item/milk_cup"},{"predicate":{"custom_model_data":48.0},"model":"minecraft:item/barrier"},{"predicate":{"custom_model_data":49.0},"model":"minecraft:item/barrier"},{"predicate":{"custom_model_data":50.0},"model":"refmagic:item/necklace"},{"predicate":{"custom_model_data":51.0},"model":"transpositioners:item/not_gate_module"},{"predicate":{"custom_model_data":52.0},"model":"transpositioners:item/or_gate_module_mk2"},{"predicate":{"custom_model_data":53.0},"model":"botania:item/overgrowth_seed"},{"predicate":{"custom_model_data":54.0},"model":"botania:item/pattern_1_2"},{"predicate":{"custom_model_data":55.0},"model":"bagels_baking:item/peach_boat"},{"predicate":{"custom_model_data":56.0},"model":"ecotones:item/phosphate"},{"predicate":{"custom_model_data":57.0},"model":"ecotones:item/pine_sap"},{"predicate":{"custom_model_data":58.0},"model":"consistency_plus:item/pink_concrete_brick"},{"predicate":{"custom_model_data":59.0},"model":"wiredredstone:item/pink_insulated_wire"},{"predicate":{"custom_model_data":60.0},"model":"pswg:item/plastic_bottle_1"},{"predicate":{"custom_model_data":61.0},"model":"hexcasting:item/pride_colorizer_gay"},{"predicate":{"custom_model_data":62.0},"model":"decorative:item/purple_bath_tire"},{"predicate":{"custom_model_data":63.0},"model":"pswg:item/purple_cup"},{"predicate":{"custom_model_data":64.0},"model":"spacefactory:item/raw_crystalite_dust"},{"predicate":{"custom_model_data":65.0},"model":"wiredredstone:item/red_alloy_wire"},{"predicate":{"custom_model_data":66.0},"model":"transpositioners:item/redstone_gate_module"},{"predicate":{"custom_model_data":67.0},"model":"create:item/refined_radiance"},{"predicate":{"custom_model_data":68.0},"model":"minecraft:item/barrier"},{"predicate":{"custom_model_data":69.0},"model":"refmagic:item/rose_quartz"},{"predicate":{"custom_model_data":70.0},"model":"botania:item/rune_envy"},{"predicate":{"custom_model_data":71.0},"model":"botania:item/rune_wrath"},{"predicate":{"custom_model_data":72.0},"model":"minecraft:item/barrier"},{"predicate":{"custom_model_data":73.0},"model":"minecraft:item/barrier"},{"predicate":{"custom_model_data":74.0},"model":"minecraft:item/barrier"},{"predicate":{"custom_model_data":75.0},"model":"minecraft:item/barrier"},{"predicate":{"custom_model_data":76.0},"model":"bewitchment:item/sentinel_sigil"},{"predicate":{"custom_model_data":77.0},"model":"minecraft:item/barrier"},{"predicate":{"custom_model_data":78.0},"model":"minecraft:item/barrier"},{"predicate":{"custom_model_data":79.0},"model":"minecraft:item/barrier"},{"predicate":{"custom_model_data":80.0},"model":"minecraft:item/barrier"},{"predicate":{"custom_model_data":81.0},"model":"bewitchment:item/silver_ingot"},{"predicate":{"custom_model_data":82.0},"model":"botania:item/skydirt_rod"},{"predicate":{"custom_model_data":83.0},"model":"terracraft:item/soul_fire_arrow"},{"predicate":{"custom_model_data":84.0},"model":"sandwichable:item/sour_cheese_culture_bottle"},{"predicate":{"custom_model_data":85.0},"model":"pswg:item/spawn_laa"},{"predicate":{"custom_model_data":86.0},"model":"botania:item/speed_up_belt"},{"predicate":{"custom_model_data":87.0},"model":"campanion:item/tanned_leather_pouch"},{"predicate":{"custom_model_data":88.0},"model":"bagels_baking:item/tea_leaves"},{"predicate":{"custom_model_data":89.0},"model":"darkutils:item/tome_shadows"},{"predicate":{"custom_model_data":90.0},"model":"botania:item/unholy_cloak"},{"predicate":{"custom_model_data":91.0},"model":"hexcasting:item/wand_akashic"},{"predicate":{"custom_model_data":91.0,"hexcasting:funny_level":0.0},"model":"hexcasting:item/wand_akashic"},{"predicate":{"custom_model_data":91.0,"hexcasting:funny_level":1.0},"model":"hexcasting:item/wand_old"},{"predicate":{"custom_model_data":91.0,"hexcasting:funny_level":2.0},"model":"hexcasting:item/wand_bosnia"},{"predicate":{"custom_model_data":92.0},"model":"botania:item/water_bowl"},{"predicate":{"custom_model_data":93.0},"model":"consistency_plus:item/waxed_exposed_copper_brick"},{"predicate":{"custom_model_data":94.0},"model":"consistency_plus:item/weathered_copper_brick"},{"predicate":{"custom_model_data":95.0},"model":"bewitchment:item/wood_ash"},{"predicate":{"custom_model_data":96.0},"model":"bitsandchisels:item/wrench"},{"predicate":{"custom_model_data":97.0},"model":"bewitchment:item/zephyr_harness"}]}