{"parent":"item/generated","textures":{"layer0":"item/phantom_membrane"},"overrides":[{"predicate":{"custom_model_data":1.0},"model":"botania:item/ancient_will_karil"},{"predicate":{"botania:active":1.0,"custom_model_data":93.0},"model":"botania:item/tornado_rod_active"},{"predicate":{"botania:active":1.0,"custom_model_data":51.0},"model":"botania:item/magnet_ring_active"},{"predicate":{"custom_model_data":2.0},"model":"archon:item/angelic_star"},{"predicate":{"custom_model_data":3.0},"model":"botania:item/astrolabe"},{"predicate":{"custom_model_data":4.0},"model":"automobility:item/automobile_engine"},{"predicate":{"custom_model_data":5.0},"model":"bewitchment:item/baphomet_spawn_egg"},{"predicate":{"custom_model_data":6.0},"model":"minecraft:item/barrier"},{"predicate":{"custom_model_data":7.0},"model":"campanion:item/blackened_marshmallow_on_a_stick"},{"predicate":{"custom_model_data":8.0},"model":"create:item/blaze_cake"},{"predicate":{"custom_model_data":9.0},"model":"archon:item/boss_soul"},{"predicate":{"custom_model_data":10.0},"model":"create:item/brass_ingot"},{"predicate":{"custom_model_data":11.0},"model":"bwplus:item/cambion_spawn_egg"},{"predicate":{"custom_model_data":12.0},"model":"minecraft:item/barrier"},{"predicate":{"custom_model_data":13.0},"model":"bagels_baking:item/cocoa_powder"},{"predicate":{"custom_model_data":14.0},"model":"terrariamod:item/copper_pickaxe"},{"predicate":{"custom_model_data":15.0},"model":"botania:item/cosmetic_eerie_mask"},{"predicate":{"custom_model_data":16.0},"model":"botania:item/cosmetic_puffy_scarf"},{"predicate":{"custom_model_data":17.0},"model":"create:item/crushed_nickel_ore"},{"predicate":{"custom_model_data":18.0},"model":"campanion:item/day_pack"},{"predicate":{"custom_model_data":19.0},"model":"terrariamod:item/demonite_bar"},{"predicate":{"custom_model_data":20.0},"model":"pswg:item/dewback_bone"},{"predicate":{"custom_model_data":21.0},"model":"pswg:item/diatium_ingot"},{"predicate":{"custom_model_data":22.0},"model":"computercraft:item/disk"},{"predicate":{"custom_model_data":23.0},"model":"bewitchment:item/dragons_blood_boat"},{"predicate":{"custom_model_data":24.0},"model":"bewitchment:item/dragons_blood_resin"},{"predicate":{"custom_model_data":25.0},"model":"bewitchment:item/druid_band"},{"predicate":{"custom_model_data":26.0},"model":"pswg:item/durasteel_rod"},{"predicate":{"custom_model_data":27.0},"model":"hexcasting:item/dye_colorizer_orange"},{"predicate":{"custom_model_data":28.0},"model":"bewitchment:item/ectoplasm"},{"predicate":{"custom_model_data":29.0},"model":"minecraft:item/barrier"},{"predicate":{"custom_model_data":30.0},"model":"create:item/furnace_minecart_contraption"},{"predicate":{"custom_model_data":31.0},"model":"transpositioners:item/gate_module_base_mk2"},{"predicate":{"custom_model_data":32.0},"model":"pswg:item/glass_9"},{"predicate":{"custom_model_data":33.0},"model":"terrariamod:item/gold_axe"},{"predicate":{"custom_model_data":34.0},"model":"gravitychanger:item/gravity_changer_down_aoe"},{"predicate":{"custom_model_data":35.0},"model":"decorative:item/gray_bath_tire"},{"predicate":{"custom_model_data":36.0},"model":"pswg:item/gray_cup"},{"predicate":{"custom_model_data":37.0},"model":"wiredredstone:item/gray_insulated_wire"},{"predicate":{"custom_model_data":38.0},"model":"bagels_baking:item/ground_coffee"},{"predicate":{"custom_model_data":39.0},"model":"bewitchment:item/hellish_bauble"},{"predicate":{"custom_model_data":40.0},"model":"create:item/honey_bucket"},{"predicate":{"custom_model_data":41.0},"model":"botania:item/ice_pendant"},{"predicate":{"custom_model_data":42.0},"model":"create:item/incomplete_large_cogwheel"},{"predicate":{"custom_model_data":43.0},"model":"spacefactory:item/iridium_ingot"},{"predicate":{"custom_model_data":44.0},"model":"terrariamod:item/king_slime_bag"},{"predicate":{"custom_model_data":45.0},"model":"botania:item/lens_influence"},{"predicate":{"custom_model_data":46.0},"model":"botania:item/lens_storm"},{"predicate":{"custom_model_data":47.0},"model":"consistency_plus:item/light_blue_concrete_brick"},{"predicate":{"custom_model_data":48.0},"model":"wiredredstone:item/light_blue_insulated_wire"},{"predicate":{"custom_model_data":49.0},"model":"consistency_plus:item/magenta_concrete_brick"},{"predicate":{"custom_model_data":50.0},"model":"wiredredstone:item/magenta_insulated_wire"},{"predicate":{"custom_model_data":51.0},"model":"botania:item/magnet_ring"},{"predicate":{"custom_model_data":52.0},"model":"botania:item/mana_powder"},{"predicate":{"custom_model_data":53.0},"model":"overweight_farming:item/melon_juice"},{"predicate":{"custom_model_data":54.0},"model":"botania:item/mining_ring"},{"predicate":{"custom_model_data":55.0},"model":"minecraft:item/barrier"},{"predicate":{"custom_model_data":56.0},"model":"additionalbanners:item/moon"},{"predicate":{"custom_model_data":57.0},"model":"bwplus:item/mutandis_brew"},{"predicate":{"custom_model_data":58.0},"model":"botania:item/odin_ring"},{"predicate":{"custom_model_data":59.0},"model":"botania:item/open_bucket"},{"predicate":{"custom_model_data":60.0},"model":"arcanus:item/passable_fae_stone"},{"predicate":{"custom_model_data":61.0},"model":"flyingfluxery:item/phantom_farmer"},{"predicate":{"custom_model_data":62.0},"model":"witherite_plus:item/piece_of_damaged_nether_star"},{"predicate":{"custom_model_data":63.0},"model":"pswg:item/plasteel_ingot"},{"predicate":{"custom_model_data":64.0},"model":"minecraft:item/barrier"},{"predicate":{"custom_model_data":65.0},"model":"botania:item/pool_minecart"},{"predicate":{"custom_model_data":66.0},"model":"hexcasting:item/pride_colorizer_bisexual"},{"predicate":{"custom_model_data":67.0},"model":"computercraft:item/printed_book"},{"predicate":{"custom_model_data":68.0},"model":"ecotones:item/pyrite_item"},{"predicate":{"custom_model_data":69.0},"model":"pswg:item/raw_chromium"},{"predicate":{"custom_model_data":70.0},"model":"spacefactory:item/raw_rubber"},{"predicate":{"custom_model_data":71.0},"model":"botania:item/record_gaia_1"},{"predicate":{"custom_model_data":72.0},"model":"bagels_baking:item/rice"},{"predicate":{"custom_model_data":73.0},"model":"botania:item/rune_air"},{"predicate":{"custom_model_data":74.0},"model":"botania:item/rune_summer"},{"predicate":{"custom_model_data":75.0},"model":"sandwichable:item/salt_rock"},{"predicate":{"custom_model_data":76.0},"model":"ecotones:item/sap_ball"},{"predicate":{"custom_model_data":77.0},"model":"minecraft:item/barrier"},{"predicate":{"custom_model_data":78.0},"model":"minecraft:item/barrier"},{"predicate":{"custom_model_data":79.0},"model":"minecraft:item/barrier"},{"predicate":{"custom_model_data":80.0},"model":"minecraft:item/barrier"},{"predicate":{"custom_model_data":81.0},"model":"minecraft:item/barrier"},{"predicate":{"custom_model_data":82.0},"model":"minecraft:item/barrier"},{"predicate":{"custom_model_data":83.0},"model":"minecraft:item/barrier"},{"predicate":{"custom_model_data":84.0},"model":"minecraft:item/barrier"},{"predicate":{"custom_model_data":85.0},"model":"campanion:item/skipping_stone"},{"predicate":{"custom_model_data":86.0},"model":"bewitchment:item/smelly_sigil"},{"predicate":{"custom_model_data":87.0},"model":"additionalbanners:item/snowflake"},{"predicate":{"custom_model_data":88.0},"model":"incorporeal:item/soul_core_frame"},{"predicate":{"custom_model_data":89.0},"model":"botania:item/spark_upgrade_recessive"},{"predicate":{"custom_model_data":90.0},"model":"culinaire:item/tea_bag"},{"predicate":{"custom_model_data":91.0},"model":"botania:item/thorn_chakram"},{"predicate":{"custom_model_data":92.0},"model":"darkutils:item/tome_pigpen"},{"predicate":{"custom_model_data":93.0},"model":"botania:item/tornado_rod"},{"predicate":{"custom_model_data":94.0},"model":"transpositioners:item/transpositioner_mk2"},{"predicate":{"custom_model_data":95.0},"model":"hexcasting:item/trinket"},{"predicate":{"custom_model_data":95.0,"hexcasting:has_patterns":-0.01},"model":"hexcasting:item/trinket"},{"predicate":{"custom_model_data":95.0,"hexcasting:has_patterns":0.99},"model":"hexcasting:item/trinket_filled"},{"predicate":{"custom_model_data":96.0},"model":"terrariamod:item/underworld_disc"},{"predicate":{"custom_model_data":97.0},"model":"haema:item/vampire_blood"},{"predicate":{"custom_model_data":98.0},"model":"botania:item/vivid_seeds"},{"predicate":{"custom_model_data":99.0},"model":"hexcasting:item/wand_warped"},{"predicate":{"custom_model_data":99.0,"hexcasting:funny_level":0.0},"model":"hexcasting:item/wand_warped"},{"predicate":{"custom_model_data":99.0,"hexcasting:funny_level":1.0},"model":"hexcasting:item/wand_old"},{"predicate":{"custom_model_data":99.0,"hexcasting:funny_level":2.0},"model":"hexcasting:item/wand_bosnia"},{"predicate":{"custom_model_data":100.0},"model":"consistency_plus:item/white_terracotta_brick"}]}