{"parent":"item/generated","textures":{"layer0":"item/potato"},"overrides":[{"predicate":{"custom_model_data":1.0},"model":"pswg:item/ahrisa_bowl"},{"predicate":{"custom_model_data":2.0},"model":"bagels_baking:item/apple_cinnamon_ice_cream"},{"predicate":{"custom_model_data":3.0},"model":"create:item/bar_of_chocolate"},{"predicate":{"custom_model_data":4.0},"model":"sandwichable:item/candescent_cheese_wheel"},{"predicate":{"custom_model_data":5.0},"model":"bagels_baking:item/cheese_sandwich"},{"predicate":{"custom_model_data":6.0},"model":"bagels_baking:item/chicken_sandwich"},{"predicate":{"custom_model_data":7.0},"model":"bagels_baking:item/cooked_calamari"},{"predicate":{"custom_model_data":8.0},"model":"sandwichable:item/cooked_salmon_filet"},{"predicate":{"custom_model_data":9.0},"model":"sandwichable:item/cucumber"},{"predicate":{"custom_model_data":10.0},"model":"pswg:item/eopie_loin"},{"predicate":{"custom_model_data":11.0},"model":"bagels_baking:item/fruit_salad"},{"predicate":{"custom_model_data":12.0},"model":"bagels_baking:item/glow_berry_jam"},{"predicate":{"custom_model_data":13.0},"model":"bagels_baking:item/lemonade"},{"predicate":{"custom_model_data":14.0},"model":"campanion:item/marshmallow"},{"predicate":{"custom_model_data":15.0},"model":"bagels_baking:item/mead"},{"predicate":{"custom_model_data":16.0},"model":"bagels_baking:item/mountain_fountain_slushee"},{"predicate":{"custom_model_data":17.0},"model":"bagels_baking:item/mutton_stew"},{"predicate":{"custom_model_data":18.0},"model":"bagels_baking:item/pizza"},{"predicate":{"custom_model_data":19.0},"model":"soul_ice:item/rujone_berries"}]}