{"parent":"item/generated","textures":{"layer0":"item/red_dye"},"overrides":[{"predicate":{"custom_model_data":17.0},"model":"polycreate:item/smallstand/486cfd7"},{"predicate":{"custom_model_data":367749.0},"model":"polycreate:item/smallstand/8ce71f03"},{"predicate":{"custom_model_data":367750.0},"model":"polycreate:item/smallstand/8ce71f03"},{"predicate":{"custom_model_data":367751.0},"model":"polycreate:item/smallstand/54592a2e"},{"predicate":{"custom_model_data":367752.0},"model":"polycreate:item/smallstand/78a92318"},{"predicate":{"custom_model_data":367753.0},"model":"polycreate:item/smallstand/fcaf86b4"},{"predicate":{"custom_model_data":367754.0},"model":"polycreate:item/smallstand/a7db610a"},{"predicate":{"custom_model_data":367755.0},"model":"polycreate:item/smallstand/5457cd6e"},{"predicate":{"custom_model_data":367756.0},"model":"polycreate:item/smallstand/78a7c658"},{"predicate":{"custom_model_data":367757.0},"model":"polycreate:item/smallstand/fcae29f4"},{"predicate":{"custom_model_data":367758.0},"model":"polycreate:item/smallstand/a7da044a"},{"predicate":{"custom_model_data":367759.0},"model":"polycreate:item/smallstand/54593514"},{"predicate":{"custom_model_data":367760.0},"model":"polycreate:item/smallstand/78a92dfe"},{"predicate":{"custom_model_data":367761.0},"model":"polycreate:item/smallstand/fcaf919a"},{"predicate":{"custom_model_data":367762.0},"model":"polycreate:item/smallstand/a7db6bf0"},{"predicate":{"custom_model_data":367763.0},"model":"polycreate:item/smallstand/8c310919"},{"predicate":{"custom_model_data":367764.0},"model":"polycreate:item/smallstand/7e832f83"},{"predicate":{"custom_model_data":367765.0},"model":"polycreate:item/smallstand/e37fca29"},{"predicate":{"custom_model_data":367766.0},"model":"polycreate:item/smallstand/e3d9a6ff"},{"predicate":{"custom_model_data":367767.0},"model":"polycreate:item/smallstand/8c2fac59"},{"predicate":{"custom_model_data":367768.0},"model":"polycreate:item/smallstand/7e81d2c3"},{"predicate":{"custom_model_data":367769.0},"model":"polycreate:item/smallstand/e37e6d69"},{"predicate":{"custom_model_data":367770.0},"model":"polycreate:item/smallstand/e3d84a3f"},{"predicate":{"custom_model_data":367771.0},"model":"polycreate:item/smallstand/8c3113ff"},{"predicate":{"custom_model_data":367772.0},"model":"polycreate:item/smallstand/7e833a69"},{"predicate":{"custom_model_data":367773.0},"model":"polycreate:item/smallstand/e37fd50f"},{"predicate":{"custom_model_data":367774.0},"model":"polycreate:item/smallstand/e3d9b1e5"},{"predicate":{"custom_model_data":367925.0},"model":"polycreate:item/smallstand/a6864109"},{"predicate":{"custom_model_data":367926.0},"model":"polycreate:item/smallstand/a6864bef"},{"predicate":{"custom_model_data":367927.0},"model":"polycreate:item/smallstand/a68656d5"},{"predicate":{"custom_model_data":367928.0},"model":"polycreate:item/smallstand/a68661bb"},{"predicate":{"custom_model_data":367929.0},"model":"polycreate:item/smallstand/a684ef2f"},{"predicate":{"custom_model_data":367930.0},"model":"polycreate:item/smallstand/a68792e3"}]}