{"parent":"item/handheld","textures":{"layer0":"item/stick"},"overrides":[{"predicate":{"botania:active":1.0,"custom_model_data":89.0},"model":"botania:item/slime_bottle_active"},{"predicate":{"custom_model_data":1.0},"model":"transpositioners:item/and_gate_module_mk1"},{"predicate":{"custom_model_data":2.0},"model":"rocks:item/andesite_splitter"},{"predicate":{"custom_model_data":3.0},"model":"pswg:item/ball_bearing"},{"predicate":{"custom_model_data":4.0},"model":"consistency_plus:item/basalt_brick"},{"predicate":{"custom_model_data":5.0},"model":"consistency_plus:item/blackstone_brick"},{"predicate":{"custom_model_data":6.0},"model":"wiredredstone:item/blue_bundled_cable"},{"predicate":{"custom_model_data":7.0},"model":"incorporeal:item/bound_ender_pearl"},{"predicate":{"custom_model_data":7.0,"incorporeal:is_bound":1.0},"model":"incorporeal:item/bound_ender_pearl_bound"},{"predicate":{"custom_model_data":8.0},"model":"haema_extras_blanketcon:item/campsite_travel_token"},{"predicate":{"custom_model_data":9.0},"model":"darkutils:item/charm_warding"},{"predicate":{"custom_model_data":10.0},"model":"create:item/chest_minecart_contraption"},{"predicate":{"custom_model_data":11.0},"model":"bagels_baking:item/cinnamon_powder"},{"predicate":{"custom_model_data":12.0},"model":"consistency_plus:item/copper_brick"},{"predicate":{"custom_model_data":13.0},"model":"terracraft:item/copper_coin"},{"predicate":{"custom_model_data":14.0},"model":"recordable:item/copper_record"},{"predicate":{"custom_model_data":15.0},"model":"botania:item/corporea_spark_master"},{"predicate":{"custom_model_data":16.0},"model":"botania:item/cosmetic_black_bowtie"},{"predicate":{"custom_model_data":17.0},"model":"botania:item/cosmetic_googly_eyes"},{"predicate":{"custom_model_data":18.0},"model":"botania:item/cosmetic_thick_eyebrows"},{"predicate":{"custom_model_data":19.0},"model":"archon:item/creature_soul"},{"predicate":{"custom_model_data":20.0},"model":"create:item/crushed_silver_ore"},{"predicate":{"custom_model_data":21.0},"model":"minecraft:item/barrier"},{"predicate":{"custom_model_data":22.0},"model":"pswg:item/desh_coil"},{"predicate":{"custom_model_data":23.0},"model":"additionalbanners:item/diamond"},{"predicate":{"custom_model_data":24.0},"model":"botania:item/diva_charm"},{"predicate":{"custom_model_data":25.0},"model":"hexcasting:item/dye_colorizer_brown"},{"predicate":{"custom_model_data":26.0},"model":"hexcasting:item/dye_colorizer_white"},{"predicate":{"custom_model_data":27.0},"model":"bewitchment:item/elder_bark"},{"predicate":{"custom_model_data":28.0},"model":"icyincitement:item/empty_sprinkler"},{"predicate":{"custom_model_data":28.0,"beta":1.0},"model":"icyincitement:item/empty_sprinkler_beta"},{"predicate":{"custom_model_data":29.0},"model":"archon:item/end_gem"},{"predicate":{"custom_model_data":30.0},"model":"archon:item/experience_pouch"},{"predicate":{"custom_model_data":31.0},"model":"archon:item/fire_gem"},{"predicate":{"custom_model_data":32.0},"model":"botania:item/flare_chakram"},{"predicate":{"custom_model_data":33.0},"model":"hexcasting:item/focus"},{"predicate":{"custom_model_data":33.0,"hexcasting:datatype":0.0,"hexcasting:sealed":0.0},"model":"hexcasting:item/focus_empty"},{"predicate":{"custom_model_data":33.0,"hexcasting:datatype":1.0,"hexcasting:sealed":0.0},"model":"hexcasting:item/focus_entity"},{"predicate":{"custom_model_data":33.0,"hexcasting:datatype":2.0,"hexcasting:sealed":0.0},"model":"hexcasting:item/focus_double"},{"predicate":{"custom_model_data":33.0,"hexcasting:datatype":3.0,"hexcasting:sealed":0.0},"model":"hexcasting:item/focus_vec3"},{"predicate":{"custom_model_data":33.0,"hexcasting:datatype":4.0,"hexcasting:sealed":0.0},"model":"hexcasting:item/focus_widget"},{"predicate":{"custom_model_data":33.0,"hexcasting:datatype":5.0,"hexcasting:sealed":0.0},"model":"hexcasting:item/focus_list"},{"predicate":{"custom_model_data":33.0,"hexcasting:datatype":6.0,"hexcasting:sealed":0.0},"model":"hexcasting:item/focus_pattern"},{"predicate":{"custom_model_data":33.0,"hexcasting:datatype":0.0,"hexcasting:sealed":1.0},"model":"hexcasting:item/focus_empty_sealed"},{"predicate":{"custom_model_data":33.0,"hexcasting:datatype":1.0,"hexcasting:sealed":1.0},"model":"hexcasting:item/focus_entity_sealed"},{"predicate":{"custom_model_data":33.0,"hexcasting:datatype":2.0,"hexcasting:sealed":1.0},"model":"hexcasting:item/focus_double_sealed"},{"predicate":{"custom_model_data":33.0,"hexcasting:datatype":3.0,"hexcasting:sealed":1.0},"model":"hexcasting:item/focus_vec3_sealed"},{"predicate":{"custom_model_data":33.0,"hexcasting:datatype":4.0,"hexcasting:sealed":1.0},"model":"hexcasting:item/focus_widget_sealed"},{"predicate":{"custom_model_data":33.0,"hexcasting:datatype":5.0,"hexcasting:sealed":1.0},"model":"hexcasting:item/focus_list_sealed"},{"predicate":{"custom_model_data":33.0,"hexcasting:datatype":6.0,"hexcasting:sealed":1.0},"model":"hexcasting:item/focus_pattern_sealed"},{"predicate":{"custom_model_data":34.0},"model":"pswg:item/glass_10"},{"predicate":{"custom_model_data":35.0},"model":"sandwichable:item/glass_kitchen_knife"},{"predicate":{"custom_model_data":36.0},"model":"archon:item/glisteel_ingot"},{"predicate":{"custom_model_data":37.0},"model":"terrariamod:item/gold_broadsword"},{"predicate":{"custom_model_data":38.0},"model":"sandwichable:item/golden_kitchen_knife"},{"predicate":{"custom_model_data":39.0},"model":"botania:item/grass_seeds"},{"predicate":{"custom_model_data":40.0},"model":"gravitychanger:item/gravity_changer_north_aoe"},{"predicate":{"custom_model_data":41.0},"model":"minecraft:item/barrier"},{"predicate":{"custom_model_data":42.0},"model":"consistency_plus:item/gray_dyed_bundle"},{"predicate":{"custom_model_data":42.0,"filled":0.001},"model":"consistency_plus:item/gray_dyed_bundle_filled"},{"predicate":{"custom_model_data":43.0},"model":"consistency_plus:item/green_concrete_brick"},{"predicate":{"custom_model_data":44.0},"model":"wiredredstone:item/green_insulated_wire"},{"predicate":{"custom_model_data":45.0},"model":"patchouli:item/guide_book"},{"predicate":{"custom_model_data":46.0},"model":"terrariamod:item/healing_potion"},{"predicate":{"custom_model_data":47.0},"model":"additionalbanners:item/hex"},{"predicate":{"custom_model_data":48.0},"model":"transpositioners:item/item_mover_module_mk1"},{"predicate":{"custom_model_data":49.0},"model":"ecotones:item/jar"},{"predicate":{"custom_model_data":50.0},"model":"bewitchment:item/juniper_bark"},{"predicate":{"custom_model_data":51.0},"model":"campanion:item/leather_pouch"},{"predicate":{"custom_model_data":52.0},"model":"botania:item/lens_bounce"},{"predicate":{"custom_model_data":53.0},"model":"botania:item/lens_mine"},{"predicate":{"custom_model_data":54.0},"model":"botania:item/lens_weight"},{"predicate":{"custom_model_data":55.0},"model":"pswg:item/lommite_dust"},{"predicate":{"custom_model_data":56.0},"model":"botania:item/manaweave_cloth"},{"predicate":{"custom_model_data":57.0},"model":"ecotones:item/maple_sap"},{"predicate":{"custom_model_data":58.0},"model":"transpositioners:item/module_base_mk1"},{"predicate":{"custom_model_data":59.0},"model":"mbembe:item/mokele_spawn_egg"},{"predicate":{"custom_model_data":60.0},"model":"additionalbanners:item/mushroom"},{"predicate":{"custom_model_data":61.0},"model":"incorporeal:item/negating_lens"},{"predicate":{"custom_model_data":62.0},"model":"spacefactory:item/nether_quartz_dust"},{"predicate":{"custom_model_data":63.0},"model":"minecraft:item/barrier"},{"predicate":{"custom_model_data":64.0},"model":"transpositioners:item/or_gate_module_mk3"},{"predicate":{"custom_model_data":65.0},"model":"bewitchment:item/owl_spawn_egg"},{"predicate":{"custom_model_data":66.0},"model":"botania:item/pattern_1_3"},{"predicate":{"custom_model_data":67.0},"model":"botania:item/pixie_dust"},{"predicate":{"custom_model_data":68.0},"model":"pswg:item/plastic_bottle_2"},{"predicate":{"custom_model_data":69.0},"model":"portalcubed:item/portal_gun_casing"},{"predicate":{"custom_model_data":70.0},"model":"hexcasting:item/pride_colorizer_genderfluid"},{"predicate":{"custom_model_data":71.0},"model":"botania:item/quartz_dark"},{"predicate":{"custom_model_data":72.0},"model":"pswg:item/raw_desh"},{"predicate":{"custom_model_data":73.0},"model":"decorative:item/red_bath_tire"},{"predicate":{"custom_model_data":74.0},"model":"pswg:item/red_cup"},{"predicate":{"custom_model_data":75.0},"model":"purpeille:item/remnant_brick"},{"predicate":{"custom_model_data":76.0},"model":"campanion:item/rope"},{"predicate":{"custom_model_data":77.0},"model":"pswg:item/rubindum_shard"},{"predicate":{"custom_model_data":78.0},"model":"botania:item/rune_fire"},{"predicate":{"custom_model_data":79.0},"model":"hexcasting:item/scroll"},{"predicate":{"custom_model_data":79.0,"hexcasting:ancient":0.0},"model":"hexcasting:item/scroll_pristine_large"},{"predicate":{"custom_model_data":79.0,"hexcasting:ancient":1.0},"model":"hexcasting:item/scroll_ancient_large"},{"predicate":{"custom_model_data":80.0},"model":"minecraft:item/barrier"},{"predicate":{"custom_model_data":81.0},"model":"minecraft:item/barrier"},{"predicate":{"custom_model_data":82.0},"model":"minecraft:item/barrier"},{"predicate":{"custom_model_data":83.0},"model":"minecraft:item/barrier"},{"predicate":{"custom_model_data":84.0},"model":"minecraft:item/barrier"},{"predicate":{"custom_model_data":85.0},"model":"minecraft:item/barrier"},{"predicate":{"custom_model_data":86.0},"model":"minecraft:item/barrier"},{"predicate":{"custom_model_data":87.0},"model":"minecraft:item/barrier"},{"predicate":{"custom_model_data":88.0},"model":"bewitchment:item/silver_nugget"},{"predicate":{"custom_model_data":89.0},"model":"botania:item/slime_bottle"},{"predicate":{"custom_model_data":90.0},"model":"campanion:item/small_unbuilt_tent"},{"predicate":{"custom_model_data":91.0},"model":"lovely_snails:item/snail_spawn_egg"},{"predicate":{"custom_model_data":92.0},"model":"pswg:item/spawn_landspeeder_x34"},{"predicate":{"custom_model_data":93.0},"model":"bewitchment:item/spruce_bark"},{"predicate":{"custom_model_data":94.0},"model":"terrariamod:item/suspicious_looking_eye"},{"predicate":{"custom_model_data":95.0},"model":"archon:item/terranite_stone"},{"predicate":{"custom_model_data":96.0},"model":"botania:item/third_eye"},{"predicate":{"custom_model_data":97.0},"model":"pswg:item/tongue_of_worrt"},{"predicate":{"custom_model_data":98.0},"model":"bwplus:item/unicorn_blood"},{"predicate":{"custom_model_data":99.0},"model":"haema:item/vampire_hunter_contract"},{"predicate":{"custom_model_data":100.0},"model":"botania:item/vial"},{"predicate":{"custom_model_data":101.0},"model":"hexcasting:item/wand_birch"},{"predicate":{"custom_model_data":101.0,"hexcasting:funny_level":0.0},"model":"hexcasting:item/wand_birch"},{"predicate":{"custom_model_data":101.0,"hexcasting:funny_level":1.0},"model":"hexcasting:item/wand_old"},{"predicate":{"custom_model_data":101.0,"hexcasting:funny_level":2.0},"model":"hexcasting:item/wand_bosnia"},{"predicate":{"custom_model_data":102.0},"model":"sandwichable:item/warped_bleu_cheese_culture_bottle"},{"predicate":{"custom_model_data":103.0},"model":"bagels_baking:item/water_cup"},{"predicate":{"custom_model_data":104.0},"model":"bewitchment:item/werewolf_spawn_egg"},{"predicate":{"custom_model_data":105.0},"model":"create:item/wrench"}]}