{"parent":"item/generated","textures":{"layer0":"item/stone_pickaxe"},"overrides":[{"predicate":{"botania:active":1.0,"custom_model_data":51.0},"model":"botania:item/terra_axe_active"},{"predicate":{"bewitchment:variant":1.0,"custom_model_data":64.0},"model":"bewitchment:item/waystone_variant"},{"predicate":{"haema_extras_tech:flashing":1.0,"custom_model_data":55.0},"model":"haema_extras_tech:item/ultraviolet_flash_lamp/flashing"},{"predicate":{"custom_model_data":1.0},"model":"terrariamod:item/aglet"},{"predicate":{"botania:elucidator":1.0,"custom_model_data":29.0},"model":"botania:item/elucidator"},{"predicate":{"custom_model_data":2.0},"model":"bewitchment:item/athame"},{"predicate":{"custom_model_data":3.0},"model":"terrariamod:item/band_of_regeneration"},{"predicate":{"custom_model_data":4.0},"model":"pswg:item/beskar_axe"},{"predicate":{"custom_model_data":5.0},"model":"pswg:item/beskar_hoe"},{"predicate":{"custom_model_data":6.0},"model":"pswg:item/beskar_shovel"},{"predicate":{"custom_model_data":7.0},"model":"terracraft:item/cactus_pickaxe"},{"predicate":{"custom_model_data":8.0},"model":"terracraft:item/cactus_sword"},{"predicate":{"custom_model_data":9.0},"model":"reaping:item/diamond_reaping_tool"},{"predicate":{"custom_model_data":10.0},"model":"pswg:item/durasteel_pickaxe"},{"predicate":{"custom_model_data":11.0},"model":"pswg:item/durasteel_shovel"},{"predicate":{"custom_model_data":12.0},"model":"bewitchment:item/eldritch_chalk"},{"predicate":{"custom_model_data":13.0},"model":"botania:item/elementium_axe"},{"predicate":{"custom_model_data":14.0},"model":"botania:item/elementium_shears"},{"predicate":{"custom_model_data":14.0,"botania:reddit":1.0},"model":"botania:item/dammitreddit"},{"predicate":{"custom_model_data":15.0},"model":"botania:item/elementium_sword"},{"predicate":{"custom_model_data":16.0},"model":"archon:item/ender_blade"},{"predicate":{"custom_model_data":17.0},"model":"witherite_plus:item/enriched_witherite_shovel"},{"predicate":{"custom_model_data":18.0},"model":"bewitchment:item/fatigue_poppet"},{"predicate":{"custom_model_data":19.0},"model":"quark:item/flamerang"},{"predicate":{"custom_model_data":20.0},"model":"archon:item/frost_sword"},{"predicate":{"custom_model_data":21.0},"model":"botania:item/glass_pickaxe"},{"predicate":{"custom_model_data":22.0},"model":"bitsandchisels:item/iron_chisel"},{"predicate":{"custom_model_data":23.0},"model":"reaping:item/iron_reaping_tool"},{"predicate":{"custom_model_data":24.0},"model":"hexcasting:item/jeweler_hammer"},{"predicate":{"custom_model_data":25.0},"model":"bewitchment:item/judgment_poppet"},{"predicate":{"custom_model_data":26.0},"model":"terrariamod:item/magma_stone"},{"predicate":{"custom_model_data":27.0},"model":"botania:item/manasteel_axe"},{"predicate":{"custom_model_data":28.0},"model":"botania:item/manasteel_shears"},{"predicate":{"custom_model_data":29.0},"model":"botania:item/manasteel_sword"},{"predicate":{"custom_model_data":30.0},"model":"bewitchment:item/mending_poppet"},{"predicate":{"custom_model_data":31.0},"model":"spacefactory:item/nano_steel_machete"},{"predicate":{"custom_model_data":32.0},"model":"spacefactory:item/nano_steel_wrench"},{"predicate":{"custom_model_data":32.0,"spacefactory:open":1.0},"model":"spacefactory:item/nano_steel_wrench_open"},{"predicate":{"custom_model_data":33.0},"model":"create:item/potato_cannon"},{"predicate":{"custom_model_data":34.0},"model":"purpeille:item/purpeille_hoe"},{"predicate":{"custom_model_data":35.0},"model":"purpeille:item/purpeille_shovel"},{"predicate":{"custom_model_data":36.0},"model":"create:item/red_sand_paper"},{"predicate":{"custom_model_data":37.0},"model":"spacefactory:item/refined_iron_unicutter"},{"predicate":{"custom_model_data":38.0},"model":"archon:item/rocky_harvester"},{"predicate":{"custom_model_data":39.0},"model":"oxidized:item/rose_gold_axe"},{"predicate":{"custom_model_data":40.0},"model":"oxidized:item/rose_gold_pickaxe"},{"predicate":{"custom_model_data":41.0},"model":"oxidized:item/rose_gold_sword"},{"predicate":{"custom_model_data":42.0},"model":"terrariamod:item/shackle"},{"predicate":{"custom_model_data":43.0},"model":"terrariamod:item/shield_of_cthulhu"},{"predicate":{"custom_model_data":44.0},"model":"terracraft:item/sickle"},{"predicate":{"custom_model_data":45.0},"model":"bitsandchisels:item/smart_chisel"},{"predicate":{"custom_model_data":46.0},"model":"icyincitement:item/snowball_sprinkler"},{"predicate":{"custom_model_data":46.0,"charge":0.0},"model":"icyincitement:item/snowball_sprinkler_0"},{"predicate":{"custom_model_data":46.0,"charge":0.1},"model":"icyincitement:item/snowball_sprinkler_1"},{"predicate":{"custom_model_data":46.0,"charge":0.4},"model":"icyincitement:item/snowball_sprinkler_2"},{"predicate":{"custom_model_data":46.0,"charge":0.75},"model":"icyincitement:item/snowball_sprinkler_3"},{"predicate":{"custom_model_data":46.0,"beta":1.0},"model":"icyincitement:item/snowball_sprinkler_beta"},{"predicate":{"custom_model_data":47.0},"model":"archon:item/soaking_harvester"},{"predicate":{"custom_model_data":48.0},"model":"archon:item/soul_scythe"},{"predicate":{"custom_model_data":49.0},"model":"botania:item/spell_cloth"},{"predicate":{"custom_model_data":50.0},"model":"campanion:item/stone_spear"},{"predicate":{"custom_model_data":51.0},"model":"botania:item/terra_axe"},{"predicate":{"custom_model_data":52.0},"model":"archon:item/terranean_axe"},{"predicate":{"custom_model_data":53.0},"model":"archon:item/thunder_bolt"},{"predicate":{"custom_model_data":54.0},"model":"pswg:item/titanium_shovel"},{"predicate":{"custom_model_data":55.0},"model":"haema_extras_tech:item/ultraviolet_flash_lamp"},{"predicate":{"custom_model_data":55.0,"haema_extras_tech:charging":1.0},"model":"haema_extras_tech:item/ultraviolet_flash_lamp/charging"},{"predicate":{"custom_model_data":56.0},"model":"terracraft:item/umbrella"},{"predicate":{"custom_model_data":57.0},"model":"archon:item/vacuum_cleaver"},{"predicate":{"custom_model_data":58.0},"model":"bwplus:item/vampire_knife"},{"predicate":{"custom_model_data":59.0},"model":"bewitchment:item/vampiric_poppet"},{"predicate":{"custom_model_data":60.0},"model":"bewitchment:item/voodoo_poppet"},{"predicate":{"custom_model_data":61.0},"model":"terracraft:item/wand_of_sparking"},{"predicate":{"custom_model_data":62.0},"model":"archon:item/warping_harvester"},{"predicate":{"custom_model_data":63.0},"model":"archon:item/water_staff"},{"predicate":{"custom_model_data":64.0},"model":"bewitchment:item/waystone"},{"predicate":{"custom_model_data":65.0},"model":"witherite_plus:item/witherite_flint_and_steel"},{"predicate":{"custom_model_data":66.0},"model":"witherite_plus:item/witherite_hoe"},{"predicate":{"custom_model_data":67.0},"model":"witherite_plus:item/witherite_pickaxe"},{"predicate":{"custom_model_data":68.0},"model":"witherite_plus:item/witherite_shovel"},{"predicate":{"custom_model_data":69.0},"model":"campanion:item/wooden_spear"}]}