{
  "type": "spleef:spleef",
  "map": {
    "shape": {
      "type": "spleef:circle",
      "radius": 128
    },
    "ceiling_provider": {
      "type": "minecraft:simple_state_provider",
      "state": {
        "Name": "minecraft:air"
      }
    },
    "levels": 4,
    "level_height": 4
  },
  "projectile": {
    "restock_interval": 20,
    "stack": {
      "id": "ender_pearl",
      "Count": 1
    },
    "radius": 0
  },
  "players": {
    "min": 1,
    "max": 100,
    "threshold": 2
  },
  "icon": "minecraft:eye_of_ender"
}