{
  "type": "spleef:spleef",
  "decay": 60,
  "map": {
    "check_block_for_level_delete": true,
    "shape": {
      "type": "spleef:circle",
      "radius": 16
    },
    "levels": 4,
    "level_height": 5,
    "floor_provider": {
      "type": "minecraft:simple_state_provider",
      "state": {
        "Name": "minecraft:oak_trapdoor",
        "Properties": {
          "facing": "north",
          "half": "top",
          "open": "false",
          "powered": "false",
          "waterlogged": "false"
        }
      }
    }
  },
  "players": {
    "min": 1,
    "max": 100,
    "threshold": 2
  },
  "tool": {
    "id": "minecraft:netherite_axe",
    "Count": 1
  },
  "icon": "minecraft:oak_trapdoor"
}