{
  "type": "spleef:spleef",
  "map": {
    "shape": {
      "type": "spleef:pattern",
      "tiles": [
        "xxxxxxxxxxxxxxxx",
        "xx x x x x x x x",
        "x x x x x x x xx",
        "xx x x x x x x x",
        "x x x x x x x xx",
        "xx x x x x x x x",
        "x x x x x x x xx",
        "xx x x x x x x x",
        "x x x x x x x xx",
        "xx x x x x x x x",
        "x x x x x x x xx",
        "xx x x x x x x x",
        "x x x x x x x xx",
        "xx x x x x x x x",
        "x x x x x x x xx",
        "xxxxxxxxxxxxxxxx"
      ],
      "tile_size": 4
    },
    "wall_provider": {
      "type": "minecraft:simple_state_provider",
      "state": {
        "Name": "minecraft:black_concrete"
      }
    },
    "ceiling_provider": {
      "type": "minecraft:simple_state_provider",
      "state": {
        "Name": "minecraft:air"
      }
    },
    "levels": 4,
    "level_height": 5
  },
  "projectile": {
    "restock_interval": 20,
    "stack": {
      "id": "ender_pearl",
      "Count": 1
    },
    "radius": 0
  },
  "players": {
    "min": 1,
    "max": 100,
    "threshold": 2
  },
  "icon": "minecraft:black_concrete"
}