{"variants":{"distance=4,persistent=false":[{"model":"hexcasting:block/akashic_leaves2","x":0,"y":0,"uvlock":false}],"distance=2,persistent=true":[{"model":"bagels_baking:block/lemon_leaves_stage0","x":0,"y":0,"uvlock":false}],"distance=2,persistent=false":[{"model":"bagels_baking:block/lemon_leaves_stage1","x":0,"y":0,"uvlock":false}],"distance=1,persistent=false":[{"model":"bagels_baking:block/lemon_leaves_stage2","x":0,"y":0,"uvlock":false}],"distance=3,persistent=true":[{"model":"aurorasdeco:block/jacaranda/leaves","x":0,"y":0,"uvlock":false}],"distance=6,persistent=true":[{"model":"bagels_baking:block/cherry_leaves_stage2","x":0,"y":0,"uvlock":false}],"distance=4,persistent=true":[{"model":"hexcasting:block/akashic_leaves1","x":0,"y":0,"uvlock":false}],"distance=5,persistent=false":[{"model":"aurorasdeco:block/jacaranda/budding_leaves","x":0,"y":0,"uvlock":false}],"distance=3,persistent=false":[{"model":"promenade:block/autumn_oak_leaves","x":0,"y":0,"uvlock":false}],"distance=7,persistent=true":[{"model":"bagels_baking:block/cherry_leaves_stage1","x":0,"y":0,"uvlock":false}],"distance=1,persistent=true":[{"model":"promenade:block/autumn_birch_leaves","x":0,"y":0,"uvlock":false}],"distance=5,persistent=true":[{"model":"hexcasting:block/akashic_leaves3","x":0,"y":0,"uvlock":false}],"distance=6,persistent=false":[{"model":"bagels_baking:block/cherry_leaves_stage0","x":0,"y":0,"uvlock":false}]}}