{"variants":{"facing=north,honey_level=3":[{"model":"pswg:block/black_imperial_panel_split","x":0,"y":0,"uvlock":false}],"facing=north,honey_level=4":[{"model":"pswg:block/black_imperial_panel_split","x":0,"y":0,"uvlock":false}],"facing=north,honey_level=1":[{"model":"pswg:block/black_imperial_panel_split","x":0,"y":0,"uvlock":false}],"facing=north,honey_level=2":[{"model":"pswg:block/black_imperial_panel_split","x":0,"y":0,"uvlock":false}],"facing=south,honey_level=4":[{"model":"pswg:block/black_imperial_panel_split","x":0,"y":0,"uvlock":false}],"facing=south,honey_level=3":[{"model":"pswg:block/black_imperial_panel_split","x":0,"y":0,"uvlock":false}],"facing=south,honey_level=2":[{"model":"pswg:block/black_imperial_panel_split","x":0,"y":0,"uvlock":false}],"facing=south,honey_level=1":[{"model":"pswg:block/black_imperial_panel_split","x":0,"y":0,"uvlock":false}],"facing=east,honey_level=4":[{"model":"pswg:block/black_imperial_panel_split","x":0,"y":0,"uvlock":false}],"facing=east,honey_level=3":[{"model":"pswg:block/black_imperial_panel_split","x":0,"y":0,"uvlock":false}],"facing=east,honey_level=2":[{"model":"pswg:block/black_imperial_panel_split","x":0,"y":0,"uvlock":false}],"facing=east,honey_level=1":[{"model":"pswg:block/black_imperial_panel_split","x":0,"y":0,"uvlock":false}],"facing=west,honey_level=3":[{"model":"pswg:block/black_imperial_panel_split","x":0,"y":0,"uvlock":false}],"facing=west,honey_level=4":[{"model":"pswg:block/black_imperial_panel_split","x":0,"y":0,"uvlock":false}],"facing=west,honey_level=1":[{"model":"pswg:block/black_imperial_panel_split","x":0,"y":0,"uvlock":false}],"facing=west,honey_level=2":[{"model":"pswg:block/black_imperial_panel_split","x":0,"y":0,"uvlock":false}]}}