{"variants":{"distance=4,persistent=false":[{"model":"pswg:block/japor_leaves","x":90,"y":180,"uvlock":false}],"distance=2,persistent=true":[{"model":"bewitchment:block/elder_leaves","x":0,"y":0,"uvlock":false}],"distance=2,persistent=false":[{"model":"aurorasdeco:block/jacaranda/flowering_leaves","x":0,"y":0,"uvlock":false}],"distance=1,persistent=false":[{"model":"bewitchment:block/dragons_blood_leaves","x":0,"y":0,"uvlock":false}],"distance=3,persistent=true":[{"model":"ecotones:block/hazel_leaves","x":0,"y":0,"uvlock":false}],"distance=6,persistent=true":[{"model":"pswg:block/japor_leaves","x":180,"y":0,"uvlock":false}],"distance=4,persistent=true":[{"model":"pswg:block/japor_leaves","x":90,"y":90,"uvlock":false}],"distance=5,persistent=false":[{"model":"pswg:block/japor_leaves","x":0,"y":0,"uvlock":false}],"distance=3,persistent=false":[{"model":"pswg:block/japor_leaves","x":90,"y":0,"uvlock":false}],"distance=7,persistent=true":[{"model":"bagels_baking:block/juniper_leaves_stage1","x":0,"y":0,"uvlock":false}],"distance=1,persistent=true":[{"model":"bewitchment:block/cypress_leaves","x":0,"y":0,"uvlock":false}],"distance=5,persistent=true":[{"model":"pswg:block/japor_leaves","x":90,"y":270,"uvlock":false}],"distance=6,persistent=false":[{"model":"bagels_baking:block/juniper_leaves_stage0","x":0,"y":0,"uvlock":false}]}}