{"variants":{"facing=west,half=lower,hinge=right,open=false,powered=true":[{"model":"promenade:block/cherry_oak_door/bottom/hinge","x":0,"y":180,"uvlock":false}],"facing=north,half=upper,hinge=left,open=true,powered=true":[{"model":"promenade:block/cherry_oak_door/top/hinge","x":0,"y":0,"uvlock":false}],"facing=north,half=lower,hinge=right,open=true,powered=true":[{"model":"promenade:block/cherry_oak_door/bottom/normal","x":0,"y":180,"uvlock":false}],"facing=south,half=lower,hinge=left,open=true,powered=true":[{"model":"promenade:block/cherry_oak_door/bottom/hinge","x":0,"y":180,"uvlock":false}],"facing=west,half=lower,hinge=left,open=false,powered=true":[{"model":"promenade:block/cherry_oak_door/bottom/normal","x":0,"y":180,"uvlock":false}],"facing=south,half=lower,hinge=right,open=true,powered=true":[{"model":"promenade:block/cherry_oak_door/bottom/normal","x":0,"y":0,"uvlock":false}],"facing=west,half=upper,hinge=right,open=true,powered=true":[{"model":"promenade:block/cherry_oak_door/top/normal","x":0,"y":90,"uvlock":false}],"facing=south,half=lower,hinge=right,open=false,powered=true":[{"model":"promenade:block/cherry_oak_door/bottom/hinge","x":0,"y":90,"uvlock":false}],"facing=south,half=upper,hinge=right,open=true,powered=true":[{"model":"promenade:block/cherry_oak_door/top/normal","x":0,"y":0,"uvlock":false}],"facing=south,half=upper,hinge=left,open=true,powered=true":[{"model":"promenade:block/cherry_oak_door/top/hinge","x":0,"y":180,"uvlock":false}],"facing=south,half=upper,hinge=right,open=false,powered=true":[{"model":"promenade:block/cherry_oak_door/top/hinge","x":0,"y":90,"uvlock":false}],"facing=west,half=upper,hinge=left,open=true,powered=true":[{"model":"promenade:block/cherry_oak_door/top/hinge","x":0,"y":270,"uvlock":false}],"facing=east,half=upper,hinge=right,open=false,powered=true":[{"model":"promenade:block/cherry_oak_door/top/hinge","x":0,"y":0,"uvlock":false}],"facing=south,half=lower,hinge=left,open=false,powered=true":[{"model":"promenade:block/cherry_oak_door/bottom/normal","x":0,"y":90,"uvlock":false}],"facing=west,half=upper,hinge=left,open=false,powered=true":[{"model":"promenade:block/cherry_oak_door/top/normal","x":0,"y":180,"uvlock":false}],"facing=west,half=upper,hinge=right,open=false,powered=true":[{"model":"promenade:block/cherry_oak_door/top/hinge","x":0,"y":180,"uvlock":false}],"facing=east,half=lower,hinge=left,open=true,powered=true":[{"model":"promenade:block/cherry_oak_door/bottom/hinge","x":0,"y":90,"uvlock":false}],"facing=north,half=lower,hinge=right,open=false,powered=true":[{"model":"promenade:block/cherry_oak_door/bottom/hinge","x":0,"y":270,"uvlock":false}],"facing=south,half=upper,hinge=left,open=false,powered=true":[{"model":"promenade:block/cherry_oak_door/top/normal","x":0,"y":90,"uvlock":false}],"facing=east,half=upper,hinge=left,open=false,powered=true":[{"model":"promenade:block/cherry_oak_door/top/normal","x":0,"y":0,"uvlock":false}],"facing=north,half=upper,hinge=left,open=false,powered=true":[{"model":"promenade:block/cherry_oak_door/top/normal","x":0,"y":270,"uvlock":false}],"facing=east,half=lower,hinge=left,open=false,powered=true":[{"model":"promenade:block/cherry_oak_door/bottom/normal","x":0,"y":0,"uvlock":false}],"facing=east,half=lower,hinge=right,open=false,powered=true":[{"model":"promenade:block/cherry_oak_door/bottom/hinge","x":0,"y":0,"uvlock":false}],"facing=east,half=upper,hinge=right,open=true,powered=true":[{"model":"promenade:block/cherry_oak_door/top/normal","x":0,"y":270,"uvlock":false}],"facing=west,half=lower,hinge=left,open=true,powered=true":[{"model":"promenade:block/cherry_oak_door/bottom/hinge","x":0,"y":270,"uvlock":false}],"facing=north,half=lower,hinge=left,open=true,powered=true":[{"model":"promenade:block/cherry_oak_door/bottom/hinge","x":0,"y":0,"uvlock":false}],"facing=north,half=upper,hinge=right,open=false,powered=true":[{"model":"promenade:block/cherry_oak_door/top/hinge","x":0,"y":270,"uvlock":false}],"facing=east,half=upper,hinge=left,open=true,powered=true":[{"model":"promenade:block/cherry_oak_door/top/hinge","x":0,"y":90,"uvlock":false}],"facing=west,half=lower,hinge=right,open=true,powered=true":[{"model":"promenade:block/cherry_oak_door/bottom/normal","x":0,"y":90,"uvlock":false}],"facing=east,half=lower,hinge=right,open=true,powered=true":[{"model":"promenade:block/cherry_oak_door/bottom/normal","x":0,"y":270,"uvlock":false}],"facing=north,half=lower,hinge=left,open=false,powered=true":[{"model":"promenade:block/cherry_oak_door/bottom/normal","x":0,"y":270,"uvlock":false}],"facing=north,half=upper,hinge=right,open=true,powered=true":[{"model":"promenade:block/cherry_oak_door/top/normal","x":0,"y":180,"uvlock":false}]}}