{"variants":{"distance=4,persistent=false":[{"model":"bagels_baking:block/peach_leaves_stage2","x":0,"y":0,"uvlock":false}],"distance=2,persistent=true":[{"model":"ecotones:block/larch_leaves","x":0,"y":0,"uvlock":false}],"distance=2,persistent=false":[{"model":"ecotones:block/maple_leaves","x":0,"y":0,"uvlock":false}],"distance=1,persistent=false":[{"model":"bewitchment:block/juniper_leaves","x":0,"y":0,"uvlock":false}],"distance=3,persistent=true":[{"model":"promenade:block/palm_leaves","x":0,"y":0,"uvlock":false}],"distance=6,persistent=true":[{"model":"pswg:block/sequoia_leaves","x":0,"y":0,"uvlock":false}],"distance=4,persistent=true":[{"model":"bagels_baking:block/peach_leaves_stage0","x":0,"y":0,"uvlock":false}],"distance=5,persistent=false":[{"model":"spacefactory:block/rubber_leaves","x":0,"y":0,"uvlock":false}],"distance=7,persistent=true":[{"model":"bwplus:block/yew_leaves","x":0,"y":0,"uvlock":false}],"distance=3,persistent=false":[{"model":"bagels_baking:block/peach_leaves_stage1","x":0,"y":0,"uvlock":false}],"distance=1,persistent=true":[{"model":"bagels_baking:block/juniper_leaves_stage1","x":0,"y":0,"uvlock":false}],"distance=5,persistent=true":[{"model":"promenade:block/pink_cherry_oak_leaves","x":0,"y":0,"uvlock":false}],"distance=6,persistent=false":[{"model":"promenade:block/white_cherry_oak_leaves","x":0,"y":0,"uvlock":false}]}}