{"variants":{"facing=west,triggered=true":[{"model":"pswg:block/black_imperial_panel_split","x":0,"y":0,"uvlock":false}],"facing=south,triggered=true":[{"model":"pswg:block/black_imperial_panel_split","x":0,"y":0,"uvlock":false}],"facing=up,triggered=true":[{"model":"pswg:block/black_imperial_panel_split","x":0,"y":0,"uvlock":false}],"facing=east,triggered=true":[{"model":"pswg:block/black_imperial_panel_split","x":0,"y":0,"uvlock":false}],"facing=down,triggered=true":[{"model":"pswg:block/black_imperial_panel_thin_bordered","x":0,"y":0,"uvlock":false}],"facing=north,triggered=true":[{"model":"pswg:block/black_imperial_panel_split","x":0,"y":0,"uvlock":false}]}}