{"variants":{"moisture=2":[{"model":"create:block/black_nixie_tube","x":0,"y":0,"uvlock":false}],"moisture=1":[{"model":"create:block/black_nixie_tube","x":0,"y":270,"uvlock":false}],"moisture=4":[{"model":"create:block/black_nixie_tube","x":0,"y":90,"uvlock":false}],"moisture=3":[{"model":"create:block/black_nixie_tube","x":0,"y":180,"uvlock":false}],"moisture=6":[{"model":"create:block/blue_nixie_tube","x":0,"y":0,"uvlock":false}],"moisture=5":[{"model":"create:block/blue_nixie_tube","x":0,"y":180,"uvlock":false}]}}