{"variants":{"age=24":[{"model":"consistency_plus:block/basalt_gate_open","x":0,"y":90,"uvlock":true}],"age=25":[{"model":"consistency_plus:block/basalt_gate_wall_open","x":0,"y":270,"uvlock":true}],"age=5":[{"model":"create:block/controller_rail/block_ascending_north","x":0,"y":90,"uvlock":false}],"age=4":[{"model":"create:block/controller_rail/block_north_south","x":0,"y":90,"uvlock":false}],"age=3":[{"model":"create:block/controller_rail/block_north_south","x":0,"y":180,"uvlock":false}],"age=2":[{"model":"ecotones:block/watergrass","x":0,"y":0,"uvlock":false}],"age=1":[{"model":"ecotones:block/cattail","x":0,"y":0,"uvlock":false}],"age=9":[{"model":"darkutils:block/hidden_plate","x":0,"y":0,"uvlock":false}],"age=10":[{"model":"darkutils:block/blank_plate","x":0,"y":0,"uvlock":false}],"age=8":[{"model":"create:block/controller_rail/block_ascending_north","x":0,"y":180,"uvlock":false}],"age=11":[{"model":"consistency_plus:block/basalt_brick_gate_wall_open","x":0,"y":180,"uvlock":true}],"age=7":[{"model":"create:block/controller_rail/block_ascending_south","x":0,"y":180,"uvlock":false}],"age=12":[{"model":"consistency_plus:block/basalt_brick_gate_open","x":0,"y":180,"uvlock":true}],"age=6":[{"model":"create:block/controller_rail/block_ascending_south","x":0,"y":90,"uvlock":false}],"age=13":[{"model":"consistency_plus:block/basalt_brick_gate_wall_open","x":0,"y":0,"uvlock":true}],"age=14":[{"model":"consistency_plus:block/basalt_brick_gate_open","x":0,"y":0,"uvlock":true}],"age=15":[{"model":"consistency_plus:block/basalt_brick_gate_wall_open","x":0,"y":90,"uvlock":true}],"age=16":[{"model":"consistency_plus:block/basalt_brick_gate_open","x":0,"y":90,"uvlock":true}],"age=17":[{"model":"consistency_plus:block/basalt_brick_gate_wall_open","x":0,"y":270,"uvlock":true}],"age=18":[{"model":"consistency_plus:block/basalt_brick_gate_open","x":0,"y":270,"uvlock":true}],"age=19":[{"model":"consistency_plus:block/basalt_gate_wall_open","x":0,"y":180,"uvlock":true}],"age=20":[{"model":"consistency_plus:block/basalt_gate_open","x":0,"y":180,"uvlock":true}],"age=21":[{"model":"consistency_plus:block/basalt_gate_wall_open","x":0,"y":0,"uvlock":true}],"age=22":[{"model":"consistency_plus:block/basalt_gate_open","x":0,"y":0,"uvlock":true}],"age=23":[{"model":"consistency_plus:block/basalt_gate_wall_open","x":0,"y":90,"uvlock":true}]}}