{"variants":{"facing=west,half=lower,hinge=right,open=false,powered=true":[{"model":"soul_ice:block/brown_plank_door_bottom_hinge","x":0,"y":180,"uvlock":false}],"facing=north,half=upper,hinge=left,open=true,powered=true":[{"model":"soul_ice:block/brown_plank_door_top_hinge","x":0,"y":0,"uvlock":false}],"facing=north,half=lower,hinge=right,open=true,powered=true":[{"model":"soul_ice:block/brown_plank_door_bottom","x":0,"y":180,"uvlock":false}],"facing=west,half=lower,hinge=left,open=false,powered=true":[{"model":"soul_ice:block/brown_plank_door_bottom","x":0,"y":180,"uvlock":false}],"facing=south,half=lower,hinge=left,open=true,powered=true":[{"model":"soul_ice:block/brown_plank_door_bottom_hinge","x":0,"y":180,"uvlock":false}],"facing=south,half=lower,hinge=right,open=true,powered=true":[{"model":"soul_ice:block/brown_plank_door_bottom","x":0,"y":0,"uvlock":false}],"facing=west,half=upper,hinge=right,open=true,powered=true":[{"model":"soul_ice:block/brown_plank_door_top","x":0,"y":90,"uvlock":false}],"facing=south,half=lower,hinge=right,open=false,powered=true":[{"model":"soul_ice:block/brown_plank_door_bottom_hinge","x":0,"y":90,"uvlock":false}],"facing=south,half=upper,hinge=right,open=true,powered=true":[{"model":"soul_ice:block/brown_plank_door_top","x":0,"y":0,"uvlock":false}],"facing=south,half=upper,hinge=left,open=true,powered=true":[{"model":"soul_ice:block/brown_plank_door_top_hinge","x":0,"y":180,"uvlock":false}],"facing=south,half=upper,hinge=right,open=false,powered=true":[{"model":"soul_ice:block/brown_plank_door_top_hinge","x":0,"y":90,"uvlock":false}],"facing=east,half=upper,hinge=right,open=false,powered=true":[{"model":"soul_ice:block/brown_plank_door_top_hinge","x":0,"y":0,"uvlock":false}],"facing=west,half=upper,hinge=left,open=true,powered=true":[{"model":"soul_ice:block/brown_plank_door_top_hinge","x":0,"y":270,"uvlock":false}],"facing=south,half=lower,hinge=left,open=false,powered=true":[{"model":"soul_ice:block/brown_plank_door_bottom","x":0,"y":90,"uvlock":false}],"facing=west,half=upper,hinge=right,open=false,powered=true":[{"model":"soul_ice:block/brown_plank_door_top_hinge","x":0,"y":180,"uvlock":false}],"facing=west,half=upper,hinge=left,open=false,powered=true":[{"model":"soul_ice:block/brown_plank_door_top","x":0,"y":180,"uvlock":false}],"facing=east,half=lower,hinge=left,open=true,powered=true":[{"model":"soul_ice:block/brown_plank_door_bottom_hinge","x":0,"y":90,"uvlock":false}],"facing=north,half=lower,hinge=right,open=false,powered=true":[{"model":"soul_ice:block/brown_plank_door_bottom_hinge","x":0,"y":270,"uvlock":false}],"facing=south,half=upper,hinge=left,open=false,powered=true":[{"model":"soul_ice:block/brown_plank_door_top","x":0,"y":90,"uvlock":false}],"facing=east,half=upper,hinge=left,open=false,powered=true":[{"model":"soul_ice:block/brown_plank_door_top","x":0,"y":0,"uvlock":false}],"facing=north,half=upper,hinge=left,open=false,powered=true":[{"model":"soul_ice:block/brown_plank_door_top","x":0,"y":270,"uvlock":false}],"facing=east,half=lower,hinge=left,open=false,powered=true":[{"model":"soul_ice:block/brown_plank_door_bottom","x":0,"y":0,"uvlock":false}],"facing=east,half=lower,hinge=right,open=false,powered=true":[{"model":"soul_ice:block/brown_plank_door_bottom_hinge","x":0,"y":0,"uvlock":false}],"facing=east,half=upper,hinge=right,open=true,powered=true":[{"model":"soul_ice:block/brown_plank_door_top","x":0,"y":270,"uvlock":false}],"facing=west,half=lower,hinge=left,open=true,powered=true":[{"model":"soul_ice:block/brown_plank_door_bottom_hinge","x":0,"y":270,"uvlock":false}],"facing=north,half=lower,hinge=left,open=true,powered=true":[{"model":"soul_ice:block/brown_plank_door_bottom_hinge","x":0,"y":0,"uvlock":false}],"facing=north,half=upper,hinge=right,open=false,powered=true":[{"model":"soul_ice:block/brown_plank_door_top_hinge","x":0,"y":270,"uvlock":false}],"facing=east,half=upper,hinge=left,open=true,powered=true":[{"model":"soul_ice:block/brown_plank_door_top_hinge","x":0,"y":90,"uvlock":false}],"facing=west,half=lower,hinge=right,open=true,powered=true":[{"model":"soul_ice:block/brown_plank_door_bottom","x":0,"y":90,"uvlock":false}],"facing=north,half=lower,hinge=left,open=false,powered=true":[{"model":"soul_ice:block/brown_plank_door_bottom","x":0,"y":270,"uvlock":false}],"facing=east,half=lower,hinge=right,open=true,powered=true":[{"model":"soul_ice:block/brown_plank_door_bottom","x":0,"y":270,"uvlock":false}],"facing=north,half=upper,hinge=right,open=true,powered=true":[{"model":"soul_ice:block/brown_plank_door_top","x":0,"y":180,"uvlock":false}]}}