{"variants":{"power=2,sculk_sensor_phase=cooldown,waterlogged=false":[{"model":"architecture_extensions:block/moldings/acacia_crown_molding_inner","x":0,"y":270,"uvlock":true}],"power=14,sculk_sensor_phase=cooldown,waterlogged=false":[{"model":"consistency_plus:block/black_terracotta_slab","x":0,"y":0,"uvlock":false}],"power=13,sculk_sensor_phase=inactive,waterlogged=false":[{"model":"soul_ice:block/black_plank_slab","x":0,"y":0,"uvlock":false}],"power=1,sculk_sensor_phase=inactive,waterlogged=false":[{"model":"architecture_extensions:block/moldings/acacia_crown_molding_inner","x":0,"y":180,"uvlock":true}],"power=5,sculk_sensor_phase=inactive,waterlogged=true":[{"model":"architecture_extensions:block/moldings/azalea_crown_molding_inner","x":0,"y":90,"uvlock":true}],"power=15,sculk_sensor_phase=inactive,waterlogged=false":[{"model":"consistency_plus:block/black_terracotta_tile_slab","x":0,"y":0,"uvlock":false}],"power=7,sculk_sensor_phase=cooldown,waterlogged=true":[{"model":"architecture_extensions:block/moldings/birch_crown_molding_inner","x":0,"y":180,"uvlock":true}],"power=3,sculk_sensor_phase=inactive,waterlogged=false":[{"model":"arcanus:block/amethyst_altar","x":0,"y":0,"uvlock":false}],"power=4,sculk_sensor_phase=cooldown,waterlogged=false":[{"model":"architecture_extensions:block/moldings/azalea_crown_molding_inner","x":0,"y":0,"uvlock":false}],"power=5,sculk_sensor_phase=inactive,waterlogged=false":[{"model":"architecture_extensions:block/moldings/azalea_crown_molding_inner","x":0,"y":90,"uvlock":true}],"power=6,sculk_sensor_phase=cooldown,waterlogged=false":[{"model":"consistency_plus:block/basalt_slab","x":0,"y":0,"uvlock":false}],"power=8,sculk_sensor_phase=inactive,waterlogged=true":[{"model":"architecture_extensions:block/moldings/birch_crown_molding_inner","x":0,"y":0,"uvlock":false}],"power=13,sculk_sensor_phase=cooldown,waterlogged=true":[{"model":"pswg:block/black_pourstone_slab","x":0,"y":0,"uvlock":false}],"power=11,sculk_sensor_phase=inactive,waterlogged=true":[{"model":"consistency_plus:block/black_glowstone_slab","x":0,"y":0,"uvlock":false}],"power=1,sculk_sensor_phase=cooldown,waterlogged=true":[{"model":"architecture_extensions:block/moldings/acacia_crown_molding_inner","x":0,"y":0,"uvlock":false}],"power=7,sculk_sensor_phase=inactive,waterlogged=false":[{"model":"consistency_plus:block/basalt_tile_slab","x":0,"y":0,"uvlock":false}],"power=8,sculk_sensor_phase=cooldown,waterlogged=false":[{"model":"architecture_extensions:block/moldings/birch_crown_molding_inner","x":0,"y":90,"uvlock":true}],"power=11,sculk_sensor_phase=inactive,waterlogged=false":[{"model":"consistency_plus:block/black_glowstone_slab","x":0,"y":0,"uvlock":false}],"power=12,sculk_sensor_phase=cooldown,waterlogged=false":[{"model":"botania:block/black_pavement_slab","x":0,"y":0,"uvlock":false}],"power=9,sculk_sensor_phase=inactive,waterlogged=true":[{"model":"architecture_extensions:block/moldings/birch_crown_molding_inner","x":0,"y":270,"uvlock":true}],"power=9,sculk_sensor_phase=inactive,waterlogged=false":[{"model":"architecture_extensions:block/moldings/birch_crown_molding_inner","x":0,"y":270,"uvlock":true}],"power=4,sculk_sensor_phase=inactive,waterlogged=true":[{"model":"architecture_extensions:block/moldings/azalea_crown_molding_inner","x":0,"y":180,"uvlock":true}],"power=12,sculk_sensor_phase=cooldown,waterlogged=true":[{"model":"botania:block/black_pavement_slab","x":0,"y":0,"uvlock":false}],"power=10,sculk_sensor_phase=cooldown,waterlogged=false":[{"model":"consistency_plus:block/black_concrete_tile_slab","x":0,"y":0,"uvlock":false}],"power=6,sculk_sensor_phase=cooldown,waterlogged=true":[{"model":"consistency_plus:block/basalt_slab","x":0,"y":0,"uvlock":false}],"power=10,sculk_sensor_phase=inactive,waterlogged=true":[{"model":"consistency_plus:block/black_concrete_slab","x":0,"y":0,"uvlock":false}],"power=15,sculk_sensor_phase=inactive,waterlogged=true":[{"model":"consistency_plus:block/black_terracotta_tile_slab","x":0,"y":0,"uvlock":false}],"power=5,sculk_sensor_phase=cooldown,waterlogged=true":[{"model":"architecture_extensions:block/moldings/azalea_crown_molding_inner","x":0,"y":270,"uvlock":true}],"power=13,sculk_sensor_phase=cooldown,waterlogged=false":[{"model":"pswg:block/black_pourstone_slab","x":0,"y":0,"uvlock":false}],"power=14,sculk_sensor_phase=inactive,waterlogged=false":[{"model":"consistency_plus:block/black_terracotta_brick_slab","x":0,"y":0,"uvlock":false}],"power=2,sculk_sensor_phase=cooldown,waterlogged=true":[{"model":"architecture_extensions:block/moldings/acacia_crown_molding_inner","x":0,"y":270,"uvlock":true}],"power=1,sculk_sensor_phase=cooldown,waterlogged=false":[{"model":"architecture_extensions:block/moldings/acacia_crown_molding_inner","x":0,"y":0,"uvlock":false}],"power=2,sculk_sensor_phase=inactive,waterlogged=false":[{"model":"architecture_extensions:block/moldings/acacia_crown_molding_inner","x":0,"y":90,"uvlock":true}],"power=12,sculk_sensor_phase=inactive,waterlogged=false":[{"model":"pswg:block/black_imperial_panel_blank_slab","x":0,"y":0,"uvlock":false}],"power=15,sculk_sensor_phase=cooldown,waterlogged=false":[{"model":"consistency_plus:block/blackstone_tile_slab","x":0,"y":0,"uvlock":false}],"power=3,sculk_sensor_phase=cooldown,waterlogged=false":[{"model":"consistency_plus:block/andesite_tile_slab","x":0,"y":0,"uvlock":false}],"power=6,sculk_sensor_phase=inactive,waterlogged=true":[{"model":"consistency_plus:block/basalt_brick_slab","x":0,"y":0,"uvlock":false}],"power=8,sculk_sensor_phase=cooldown,waterlogged=true":[{"model":"architecture_extensions:block/moldings/birch_crown_molding_inner","x":0,"y":90,"uvlock":true}],"power=3,sculk_sensor_phase=inactive,waterlogged=true":[{"model":"arcanus:block/amethyst_altar","x":0,"y":0,"uvlock":false}],"power=11,sculk_sensor_phase=cooldown,waterlogged=true":[{"model":"consistency_plus:block/black_ice_slab","x":0,"y":0,"uvlock":false}],"power=12,sculk_sensor_phase=inactive,waterlogged=true":[{"model":"pswg:block/black_imperial_panel_blank_slab","x":0,"y":0,"uvlock":false}],"power=14,sculk_sensor_phase=cooldown,waterlogged=true":[{"model":"consistency_plus:block/black_terracotta_slab","x":0,"y":0,"uvlock":false}],"power=4,sculk_sensor_phase=inactive,waterlogged=false":[{"model":"architecture_extensions:block/moldings/azalea_crown_molding_inner","x":0,"y":180,"uvlock":true}],"power=5,sculk_sensor_phase=cooldown,waterlogged=false":[{"model":"architecture_extensions:block/moldings/azalea_crown_molding_inner","x":0,"y":270,"uvlock":true}],"power=7,sculk_sensor_phase=inactive,waterlogged=true":[{"model":"consistency_plus:block/basalt_tile_slab","x":0,"y":0,"uvlock":false}],"power=14,sculk_sensor_phase=inactive,waterlogged=true":[{"model":"consistency_plus:block/black_terracotta_brick_slab","x":0,"y":0,"uvlock":false}],"power=7,sculk_sensor_phase=cooldown,waterlogged=false":[{"model":"architecture_extensions:block/moldings/birch_crown_molding_inner","x":0,"y":180,"uvlock":true}],"power=2,sculk_sensor_phase=inactive,waterlogged=true":[{"model":"architecture_extensions:block/moldings/acacia_crown_molding_inner","x":0,"y":90,"uvlock":true}],"power=6,sculk_sensor_phase=inactive,waterlogged=false":[{"model":"consistency_plus:block/basalt_brick_slab","x":0,"y":0,"uvlock":false}],"power=9,sculk_sensor_phase=cooldown,waterlogged=true":[{"model":"consistency_plus:block/black_concrete_brick_slab","x":0,"y":0,"uvlock":false}],"power=4,sculk_sensor_phase=cooldown,waterlogged=true":[{"model":"architecture_extensions:block/moldings/azalea_crown_molding_inner","x":0,"y":0,"uvlock":false}],"power=10,sculk_sensor_phase=cooldown,waterlogged=true":[{"model":"consistency_plus:block/black_concrete_tile_slab","x":0,"y":0,"uvlock":false}],"power=15,sculk_sensor_phase=cooldown,waterlogged=true":[{"model":"consistency_plus:block/blackstone_tile_slab","x":0,"y":0,"uvlock":false}],"power=3,sculk_sensor_phase=cooldown,waterlogged=true":[{"model":"consistency_plus:block/andesite_tile_slab","x":0,"y":0,"uvlock":false}],"power=9,sculk_sensor_phase=cooldown,waterlogged=false":[{"model":"consistency_plus:block/black_concrete_brick_slab","x":0,"y":0,"uvlock":false}],"power=8,sculk_sensor_phase=inactive,waterlogged=false":[{"model":"architecture_extensions:block/moldings/birch_crown_molding_inner","x":0,"y":0,"uvlock":false}],"power=1,sculk_sensor_phase=inactive,waterlogged=true":[{"model":"architecture_extensions:block/moldings/acacia_crown_molding_inner","x":0,"y":180,"uvlock":true}],"power=10,sculk_sensor_phase=inactive,waterlogged=false":[{"model":"consistency_plus:block/black_concrete_slab","x":0,"y":0,"uvlock":false}],"power=11,sculk_sensor_phase=cooldown,waterlogged=false":[{"model":"consistency_plus:block/black_ice_slab","x":0,"y":0,"uvlock":false}],"power=13,sculk_sensor_phase=inactive,waterlogged=true":[{"model":"soul_ice:block/black_plank_slab","x":0,"y":0,"uvlock":false}]}}