{"variants":{"facing=south,half=lower,waterlogged=false":[{"model":"bewitchment:block/belladonna_stage3","x":0,"y":0,"uvlock":false}],"facing=west,half=lower,waterlogged=true":[{"model":"consistency_plus:block/basalt_tile_gate_wall_open","x":0,"y":270,"uvlock":true}],"facing=east,half=lower,waterlogged=false":[{"model":"bewitchment:block/belladonna_stage2","x":0,"y":0,"uvlock":false}],"facing=south,half=lower,waterlogged=true":[{"model":"consistency_plus:block/basalt_gate_wall_open","x":0,"y":270,"uvlock":true}],"facing=west,half=lower,waterlogged=false":[{"model":"bewitchment:block/belladonna_stage0","x":0,"y":0,"uvlock":false}],"facing=east,half=lower,waterlogged=true":[{"model":"consistency_plus:block/basalt_tile_gate_open","x":0,"y":90,"uvlock":true}]}}