{"variants":{"facing=east,half=bottom,open=false,powered=true,waterlogged=false":[{"model":"soul_ice:block/brown_plank_trapdoor_bottom","x":0,"y":90,"uvlock":false}],"facing=north,half=top,open=false,powered=true,waterlogged=true":[{"model":"soul_ice:block/brown_plank_trapdoor_top","x":0,"y":0,"uvlock":false}],"facing=south,half=bottom,open=false,powered=true,waterlogged=false":[{"model":"soul_ice:block/brown_plank_trapdoor_bottom","x":0,"y":180,"uvlock":false}],"facing=north,half=bottom,open=true,powered=true,waterlogged=false":[{"model":"soul_ice:block/brown_plank_trapdoor_open","x":0,"y":0,"uvlock":false}],"facing=east,half=bottom,open=true,powered=true,waterlogged=true":[{"model":"soul_ice:block/brown_plank_trapdoor_open","x":0,"y":90,"uvlock":false}],"facing=west,half=top,open=true,powered=true,waterlogged=false":[{"model":"soul_ice:block/brown_plank_trapdoor_open","x":180,"y":90,"uvlock":false}],"facing=west,half=bottom,open=false,powered=true,waterlogged=false":[{"model":"soul_ice:block/brown_plank_trapdoor_bottom","x":0,"y":270,"uvlock":false}],"facing=east,half=top,open=false,powered=true,waterlogged=false":[{"model":"soul_ice:block/brown_plank_trapdoor_top","x":0,"y":90,"uvlock":false}],"facing=east,half=bottom,open=true,powered=true,waterlogged=false":[{"model":"soul_ice:block/brown_plank_trapdoor_open","x":0,"y":90,"uvlock":false}],"facing=west,half=top,open=false,powered=true,waterlogged=true":[{"model":"soul_ice:block/brown_plank_trapdoor_top","x":0,"y":270,"uvlock":false}],"facing=north,half=top,open=true,powered=true,waterlogged=true":[{"model":"soul_ice:block/brown_plank_trapdoor_open","x":180,"y":180,"uvlock":false}],"facing=south,half=bottom,open=false,powered=true,waterlogged=true":[{"model":"soul_ice:block/brown_plank_trapdoor_bottom","x":0,"y":180,"uvlock":false}],"facing=south,half=top,open=true,powered=true,waterlogged=true":[{"model":"soul_ice:block/brown_plank_trapdoor_open","x":180,"y":0,"uvlock":false}],"facing=west,half=bottom,open=true,powered=true,waterlogged=true":[{"model":"soul_ice:block/brown_plank_trapdoor_open","x":0,"y":270,"uvlock":false}],"facing=north,half=bottom,open=false,powered=true,waterlogged=false":[{"model":"soul_ice:block/brown_plank_trapdoor_bottom","x":0,"y":0,"uvlock":false}],"facing=north,half=top,open=true,powered=true,waterlogged=false":[{"model":"soul_ice:block/brown_plank_trapdoor_open","x":180,"y":180,"uvlock":false}],"facing=west,half=bottom,open=false,powered=true,waterlogged=true":[{"model":"soul_ice:block/brown_plank_trapdoor_bottom","x":0,"y":270,"uvlock":false}],"facing=north,half=bottom,open=true,powered=true,waterlogged=true":[{"model":"soul_ice:block/brown_plank_trapdoor_open","x":0,"y":0,"uvlock":false}],"facing=east,half=top,open=true,powered=true,waterlogged=true":[{"model":"soul_ice:block/brown_plank_trapdoor_open","x":180,"y":270,"uvlock":false}],"facing=west,half=bottom,open=true,powered=true,waterlogged=false":[{"model":"soul_ice:block/brown_plank_trapdoor_open","x":0,"y":270,"uvlock":false}],"facing=south,half=top,open=false,powered=true,waterlogged=false":[{"model":"soul_ice:block/brown_plank_trapdoor_top","x":0,"y":180,"uvlock":false}],"facing=north,half=bottom,open=false,powered=true,waterlogged=true":[{"model":"soul_ice:block/brown_plank_trapdoor_bottom","x":0,"y":0,"uvlock":false}],"facing=west,half=top,open=false,powered=true,waterlogged=false":[{"model":"soul_ice:block/brown_plank_trapdoor_top","x":0,"y":270,"uvlock":false}],"facing=east,half=top,open=false,powered=true,waterlogged=true":[{"model":"soul_ice:block/brown_plank_trapdoor_top","x":0,"y":90,"uvlock":false}],"facing=east,half=bottom,open=false,powered=true,waterlogged=true":[{"model":"soul_ice:block/brown_plank_trapdoor_bottom","x":0,"y":90,"uvlock":false}],"facing=south,half=bottom,open=true,powered=true,waterlogged=true":[{"model":"soul_ice:block/brown_plank_trapdoor_open","x":0,"y":180,"uvlock":false}],"facing=south,half=bottom,open=true,powered=true,waterlogged=false":[{"model":"soul_ice:block/brown_plank_trapdoor_open","x":0,"y":180,"uvlock":false}],"facing=west,half=top,open=true,powered=true,waterlogged=true":[{"model":"soul_ice:block/brown_plank_trapdoor_open","x":180,"y":90,"uvlock":false}],"facing=east,half=top,open=true,powered=true,waterlogged=false":[{"model":"soul_ice:block/brown_plank_trapdoor_open","x":180,"y":270,"uvlock":false}],"facing=south,half=top,open=false,powered=true,waterlogged=true":[{"model":"soul_ice:block/brown_plank_trapdoor_top","x":0,"y":180,"uvlock":false}],"facing=north,half=top,open=false,powered=true,waterlogged=false":[{"model":"soul_ice:block/brown_plank_trapdoor_top","x":0,"y":0,"uvlock":false}],"facing=south,half=top,open=true,powered=true,waterlogged=false":[{"model":"soul_ice:block/brown_plank_trapdoor_open","x":180,"y":0,"uvlock":false}]}}