{"variants":{"age=13":[{"model":"create:block/controller_rail/block_ascending_south","x":0,"y":180,"uvlock":false}],"age=14":[{"model":"create:block/controller_rail/block_north_south","x":0,"y":180,"uvlock":false}],"age=15":[{"model":"create:block/controller_rail/block_ascending_north","x":0,"y":180,"uvlock":false}],"age=5":[{"model":"botania:block/orange_mystical_flower","x":0,"y":0,"uvlock":false}],"age=4":[{"model":"botania:block/white_mystical_flower","x":0,"y":0,"uvlock":false}],"age=3":[{"model":"botania:block/magenta_mystical_flower","x":0,"y":0,"uvlock":false}],"age=2":[{"model":"botania:block/light_gray_mystical_flower","x":0,"y":0,"uvlock":false}],"age=1":[{"model":"promenade:block/oak_leaf_pile","x":0,"y":0,"uvlock":false}],"age=9":[{"model":"botania:block/lime_mystical_flower","x":0,"y":0,"uvlock":false}],"age=8":[{"model":"botania:block/brown_mystical_flower","x":0,"y":0,"uvlock":false}],"age=10":[{"model":"botania:block/light_blue_mystical_flower","x":0,"y":0,"uvlock":false}],"age=11":[{"model":"botania:block/gray_mystical_flower","x":0,"y":0,"uvlock":false}],"age=7":[{"model":"botania:block/blue_mystical_flower","x":0,"y":0,"uvlock":false}],"age=6":[{"model":"botania:block/red_mystical_flower","x":0,"y":0,"uvlock":false}],"age=12":[{"model":"promenade:block/white_tulip_pile","x":0,"y":0,"uvlock":false}]}}