{"variants":{"power=8":[{"model":"pswg:block/black_pourstone","x":0,"y":0,"uvlock":false}],"power=9":[{"model":"pswg:block/black_pourstone","x":0,"y":0,"uvlock":false}],"power=15":[{"model":"pswg:block/black_stained_creature_terrarium","x":0,"y":0,"uvlock":false}],"power=11":[{"model":"pswg:block/black_stained_creature_terrarium","x":0,"y":0,"uvlock":false}],"power=12":[{"model":"pswg:block/black_stained_creature_terrarium","x":0,"y":0,"uvlock":false}],"power=13":[{"model":"pswg:block/black_stained_creature_terrarium","x":0,"y":0,"uvlock":false}],"power=14":[{"model":"pswg:block/black_stained_creature_terrarium","x":0,"y":0,"uvlock":false}],"power=2":[{"model":"botania:block/black_pavement","x":0,"y":0,"uvlock":false}],"power=10":[{"model":"pswg:block/black_pourstone","x":0,"y":0,"uvlock":false}],"power=3":[{"model":"botania:block/black_pavement","x":0,"y":0,"uvlock":false}],"power=4":[{"model":"botania:block/petal_block","x":0,"y":0,"uvlock":false}],"power=5":[{"model":"soul_ice:block/black_planks","x":0,"y":0,"uvlock":false}],"power=6":[{"model":"soul_ice:block/black_planks","x":0,"y":0,"uvlock":false}],"power=7":[{"model":"pswg:block/black_pourstone","x":0,"y":0,"uvlock":false}]}}