{"variants":{"attached=true,disarmed=false,east=false,north=true,powered=true,south=false,west=false":[{"model":"create:block/analog_lever/block","x":90,"y":90,"uvlock":false}],"attached=false,disarmed=true,east=false,north=false,powered=false,south=false,west=false":[{"model":"consistency_plus:block/basalt_gate_wall_open","x":0,"y":180,"uvlock":true}],"attached=true,disarmed=true,east=false,north=true,powered=true,south=true,west=false":[{"model":"ecotones:block/moss","x":0,"y":0,"uvlock":false}],"attached=true,disarmed=true,east=false,north=true,powered=false,south=false,west=false":[{"model":"rocks:block/medium_acacia_stick","x":0,"y":0,"uvlock":false},{"model":"rocks:block/medium_acacia_stick","x":0,"y":90,"uvlock":false},{"model":"rocks:block/medium_acacia_stick","x":0,"y":180,"uvlock":false},{"model":"rocks:block/medium_acacia_stick","x":0,"y":270,"uvlock":false}],"attached=true,disarmed=true,east=false,north=true,powered=false,south=false,west=true":[{"model":"rocks:block/small_acacia_stick","x":0,"y":0,"uvlock":false},{"model":"rocks:block/small_acacia_stick","x":0,"y":90,"uvlock":false},{"model":"rocks:block/small_acacia_stick","x":0,"y":180,"uvlock":false},{"model":"rocks:block/small_acacia_stick","x":0,"y":270,"uvlock":false}],"attached=false,disarmed=true,east=true,north=true,powered=false,south=false,west=false":[{"model":"promenade:block/autumn_oak_sapling","x":0,"y":0,"uvlock":false}],"attached=false,disarmed=true,east=false,north=false,powered=true,south=true,west=false":[{"model":"consistency_plus:block/basalt_brick_gate_wall_open","x":0,"y":0,"uvlock":true}],"attached=true,disarmed=false,east=true,north=true,powered=true,south=true,west=false":[{"model":"overweight_farming:block/allium_bush_top","x":0,"y":0,"uvlock":false}],"attached=false,disarmed=false,east=true,north=false,powered=true,south=true,west=false":[{"model":"consistency_plus:block/basalt_gate_wall_open","x":0,"y":270,"uvlock":true}],"attached=true,disarmed=true,east=true,north=true,powered=false,south=true,west=true":[{"model":"bwplus:block/yellow_witch_wool_carpet","x":0,"y":0,"uvlock":false}],"attached=false,disarmed=true,east=false,north=false,powered=false,south=true,west=false":[{"model":"consistency_plus:block/basalt_brick_gate_wall_open","x":0,"y":270,"uvlock":true}],"attached=false,disarmed=true,east=true,north=false,powered=true,south=false,west=true":[{"model":"aurorasdeco:block/azalea/button_pressed","x":0,"y":270,"uvlock":false}],"attached=false,disarmed=true,east=false,north=true,powered=true,south=true,west=false":[{"model":"aurorasdeco:block/azalea/button","x":180,"y":0,"uvlock":false}],"attached=true,disarmed=true,east=false,north=true,powered=true,south=false,west=false":[{"model":"create:block/controller_rail/block_ascending_south","x":0,"y":180,"uvlock":false}],"attached=true,disarmed=true,east=true,north=false,powered=false,south=true,west=false":[{"model":"rocks:block/medium_birch_stick","x":0,"y":0,"uvlock":false},{"model":"rocks:block/medium_birch_stick","x":0,"y":90,"uvlock":false},{"model":"rocks:block/medium_birch_stick","x":0,"y":180,"uvlock":false},{"model":"rocks:block/medium_birch_stick","x":0,"y":270,"uvlock":false}],"attached=false,disarmed=true,east=true,north=false,powered=false,south=true,west=false":[{"model":"aurorasdeco:block/azalea/button_pressed","x":90,"y":180,"uvlock":true}],"attached=true,disarmed=true,east=false,north=false,powered=false,south=false,west=true":[{"model":"botania:block/agricarnation_chibi","x":0,"y":0,"uvlock":false}],"attached=true,disarmed=true,east=false,north=false,powered=false,south=false,west=false":[{"model":"darkutils:block/hidden_plate","x":0,"y":0,"uvlock":false}],"attached=true,disarmed=true,east=false,north=true,powered=false,south=true,west=true":[{"model":"create:block/controller_rail/block_ascending_north","x":0,"y":180,"uvlock":false}],"attached=false,disarmed=true,east=false,north=false,powered=false,south=true,west=true":[{"model":"consistency_plus:block/basalt_brick_gate_open","x":0,"y":90,"uvlock":true}],"attached=false,disarmed=true,east=true,north=false,powered=true,south=false,west=false":[{"model":"aurorasdeco:block/azalea/button","x":0,"y":90,"uvlock":false}],"attached=false,disarmed=false,east=true,north=false,powered=true,south=true,west=true":[{"model":"consistency_plus:block/basalt_gate_open","x":0,"y":90,"uvlock":true}],"attached=true,disarmed=true,east=true,north=false,powered=true,south=false,west=true":[{"model":"rocks:block/medium_rock","x":0,"y":0,"uvlock":false},{"model":"rocks:block/medium_rock","x":0,"y":90,"uvlock":false},{"model":"rocks:block/medium_rock","x":0,"y":180,"uvlock":false},{"model":"rocks:block/medium_rock","x":0,"y":270,"uvlock":false}],"attached=true,disarmed=true,east=true,north=true,powered=true,south=true,west=false":[{"model":"automobility:block/dirt_off_road_1","x":0,"y":0,"uvlock":false}],"attached=true,disarmed=true,east=true,north=true,powered=false,south=true,west=false":[{"model":"rocks:block/small_jungle_stick","x":0,"y":0,"uvlock":false},{"model":"rocks:block/small_jungle_stick","x":0,"y":90,"uvlock":false},{"model":"rocks:block/small_jungle_stick","x":0,"y":180,"uvlock":false},{"model":"rocks:block/small_jungle_stick","x":0,"y":270,"uvlock":false}],"attached=false,disarmed=true,east=true,north=true,powered=true,south=false,west=false":[{"model":"rocks:block/large_andesite_rock","x":0,"y":0,"uvlock":false},{"model":"rocks:block/large_andesite_rock","x":0,"y":90,"uvlock":false},{"model":"rocks:block/large_andesite_rock","x":0,"y":180,"uvlock":false},{"model":"rocks:block/large_andesite_rock","x":0,"y":270,"uvlock":false}],"attached=true,disarmed=true,east=false,north=false,powered=true,south=true,west=false":[{"model":"bewitchment:block/aconite_stage0","x":0,"y":0,"uvlock":false}],"attached=false,disarmed=false,east=true,north=true,powered=true,south=true,west=false":[{"model":"consistency_plus:block/basalt_gate_wall_open","x":0,"y":0,"uvlock":true}],"attached=true,disarmed=true,east=true,north=true,powered=true,south=true,west=true":[{"model":"automobility:block/dirt_off_road_0","x":0,"y":0,"uvlock":false}],"attached=true,disarmed=false,east=true,north=false,powered=true,south=true,west=false":[{"model":"create:block/analog_lever/block","x":0,"y":180,"uvlock":false}],"attached=true,disarmed=false,east=true,north=true,powered=true,south=false,west=false":[{"model":"promenade:block/allium_pile","x":0,"y":0,"uvlock":false}],"attached=true,disarmed=false,east=false,north=false,powered=true,south=true,west=true":[{"model":"create:block/analog_lever/block","x":180,"y":180,"uvlock":false}],"attached=true,disarmed=true,east=true,north=true,powered=false,south=false,west=false":[{"model":"rocks:block/large_jungle_stick","x":0,"y":0,"uvlock":false},{"model":"rocks:block/large_jungle_stick","x":0,"y":90,"uvlock":false},{"model":"rocks:block/large_jungle_stick","x":0,"y":180,"uvlock":false},{"model":"rocks:block/large_jungle_stick","x":0,"y":270,"uvlock":false}],"attached=false,disarmed=true,east=true,north=true,powered=true,south=true,west=false":[{"model":"rocks:block/small_andesite_rock","x":0,"y":0,"uvlock":false},{"model":"rocks:block/small_andesite_rock","x":0,"y":90,"uvlock":false},{"model":"rocks:block/small_andesite_rock","x":0,"y":180,"uvlock":false},{"model":"rocks:block/small_andesite_rock","x":0,"y":270,"uvlock":false}],"attached=false,disarmed=true,east=false,north=false,powered=true,south=true,west=true":[{"model":"consistency_plus:block/basalt_brick_gate_open","x":0,"y":180,"uvlock":true}],"attached=true,disarmed=false,east=true,north=true,powered=true,south=true,west=true":[{"model":"darkutils:block/blank_plate","x":0,"y":0,"uvlock":false}],"attached=false,disarmed=true,east=false,north=true,powered=false,south=false,west=true":[{"model":"promenade:block/azure_bluet_pile","x":0,"y":0,"uvlock":false}],"attached=true,disarmed=true,east=false,north=false,powered=true,south=false,west=false":[{"model":"bewitchment:block/aconite_stage2","x":0,"y":0,"uvlock":false}],"attached=false,disarmed=false,east=true,north=false,powered=true,south=false,west=false":[{"model":"consistency_plus:block/basalt_tile_gate_wall_open","x":0,"y":180,"uvlock":true}],"attached=false,disarmed=true,east=false,north=true,powered=true,south=false,west=false":[{"model":"aurorasdeco:block/azalea/button","x":180,"y":270,"uvlock":false}],"attached=false,disarmed=true,east=true,north=false,powered=true,south=true,west=false":[{"model":"aurorasdeco:block/azalea/button","x":0,"y":180,"uvlock":false}],"attached=false,disarmed=true,east=true,north=false,powered=false,south=false,west=true":[{"model":"aurorasdeco:block/azalea/button","x":90,"y":270,"uvlock":true}],"attached=false,disarmed=false,east=false,north=false,powered=true,south=true,west=true":[{"model":"consistency_plus:block/basalt_tile_gate_open","x":0,"y":90,"uvlock":true}],"attached=false,disarmed=true,east=true,north=true,powered=true,south=false,west=true":[{"model":"rocks:block/medium_andesite_rock","x":0,"y":0,"uvlock":false},{"model":"rocks:block/medium_andesite_rock","x":0,"y":90,"uvlock":false},{"model":"rocks:block/medium_andesite_rock","x":0,"y":180,"uvlock":false},{"model":"rocks:block/medium_andesite_rock","x":0,"y":270,"uvlock":false}],"attached=false,disarmed=false,east=true,north=true,powered=true,south=false,west=false":[{"model":"consistency_plus:block/basalt_gate_wall_open","x":0,"y":90,"uvlock":true}],"attached=false,disarmed=false,east=false,north=false,powered=true,south=false,west=true":[{"model":"consistency_plus:block/basalt_tile_gate_open","x":0,"y":270,"uvlock":true}],"attached=true,disarmed=true,east=true,north=false,powered=true,south=false,west=false":[{"model":"rocks:block/large_rock","x":0,"y":0,"uvlock":false},{"model":"rocks:block/large_rock","x":0,"y":90,"uvlock":false},{"model":"rocks:block/large_rock","x":0,"y":180,"uvlock":false},{"model":"rocks:block/large_rock","x":0,"y":270,"uvlock":false}],"attached=false,disarmed=true,east=false,north=false,powered=false,south=false,west=true":[{"model":"consistency_plus:block/basalt_brick_gate_open","x":0,"y":270,"uvlock":true}],"attached=false,disarmed=true,east=true,north=false,powered=false,south=false,west=false":[{"model":"aurorasdeco:block/azalea/button","x":90,"y":90,"uvlock":true}],"attached=true,disarmed=true,east=false,north=false,powered=false,south=true,west=true":[{"model":"bewitchment:block/aconite_stage3","x":0,"y":0,"uvlock":false}],"attached=false,disarmed=true,east=true,north=false,powered=false,south=true,west=true":[{"model":"aurorasdeco:block/azalea/button","x":90,"y":0,"uvlock":true}],"attached=true,disarmed=true,east=false,north=true,powered=true,south=false,west=true":[{"model":"create:block/controller_rail/block_ascending_south","x":0,"y":90,"uvlock":false}],"attached=false,disarmed=false,east=true,north=true,powered=true,south=true,west=true":[{"model":"consistency_plus:block/basalt_gate_open","x":0,"y":180,"uvlock":true}],"attached=true,disarmed=true,east=false,north=false,powered=true,south=false,west=true":[{"model":"bewitchment:block/aconite_stage1","x":0,"y":0,"uvlock":false}],"attached=false,disarmed=false,east=true,north=true,powered=true,south=false,west=true":[{"model":"consistency_plus:block/basalt_gate_open","x":0,"y":0,"uvlock":true}],"attached=true,disarmed=false,east=false,north=true,powered=true,south=true,west=true":[{"model":"create:block/analog_lever/block","x":90,"y":0,"uvlock":false}],"attached=false,disarmed=true,east=false,north=true,powered=false,south=true,west=false":[{"model":"aurorasdeco:block/azalea/pressure_plate","x":0,"y":0,"uvlock":false}],"attached=true,disarmed=true,east=true,north=false,powered=true,south=true,west=true":[{"model":"rocks:block/tiny_rock","x":0,"y":0,"uvlock":false},{"model":"rocks:block/tiny_rock","x":0,"y":90,"uvlock":false},{"model":"rocks:block/tiny_rock","x":0,"y":180,"uvlock":false},{"model":"rocks:block/tiny_rock","x":0,"y":270,"uvlock":false}],"attached=true,disarmed=false,east=true,north=false,powered=true,south=false,west=true":[{"model":"create:block/analog_lever/block","x":0,"y":270,"uvlock":false}],"attached=false,disarmed=true,east=false,north=false,powered=true,south=false,west=false":[{"model":"consistency_plus:block/basalt_brick_gate_wall_open","x":0,"y":90,"uvlock":true}],"attached=false,disarmed=true,east=true,north=true,powered=false,south=true,west=true":[{"model":"promenade:block/autumn_birch_leaf_pile","x":0,"y":0,"uvlock":false}],"attached=false,disarmed=false,east=false,north=true,powered=true,south=false,west=true":[{"model":"consistency_plus:block/basalt_tile_gate_open","x":0,"y":0,"uvlock":true}],"attached=true,disarmed=true,east=true,north=false,powered=false,south=false,west=true":[{"model":"rocks:block/large_birch_stick","x":0,"y":0,"uvlock":false},{"model":"rocks:block/large_birch_stick","x":0,"y":90,"uvlock":false},{"model":"rocks:block/large_birch_stick","x":0,"y":180,"uvlock":false},{"model":"rocks:block/large_birch_stick","x":0,"y":270,"uvlock":false}],"attached=false,disarmed=true,east=true,north=true,powered=true,south=true,west=true":[{"model":"rocks:block/tiny_andesite_rock","x":0,"y":0,"uvlock":false},{"model":"rocks:block/tiny_andesite_rock","x":0,"y":90,"uvlock":false},{"model":"rocks:block/tiny_andesite_rock","x":0,"y":180,"uvlock":false},{"model":"rocks:block/tiny_andesite_rock","x":0,"y":270,"uvlock":false}],"attached=true,disarmed=false,east=true,north=true,powered=true,south=false,west=true":[{"model":"overweight_farming:block/allium_bush_bottom","x":0,"y":0,"uvlock":false}],"attached=false,disarmed=false,east=false,north=false,powered=true,south=false,west=false":[{"model":"bewitchment:block/belladonna_stage0","x":0,"y":0,"uvlock":false}],"attached=true,disarmed=false,east=false,north=false,powered=true,south=false,west=true":[{"model":"create:block/analog_lever/block","x":180,"y":90,"uvlock":false}],"attached=false,disarmed=true,east=true,north=true,powered=false,south=false,west=true":[{"model":"promenade:block/autumn_oak_leaf_pile","x":0,"y":0,"uvlock":false}],"attached=false,disarmed=false,east=false,north=false,powered=true,south=true,west=false":[{"model":"consistency_plus:block/basalt_tile_gate_wall_open","x":0,"y":270,"uvlock":true}],"attached=true,disarmed=false,east=false,north=true,powered=true,south=true,west=false":[{"model":"create:block/analog_lever/block","x":90,"y":180,"uvlock":false}],"attached=false,disarmed=true,east=false,north=true,powered=false,south=false,west=false":[{"model":"consistency_plus:block/basalt_brick_gate_wall_open","x":0,"y":180,"uvlock":true}],"attached=false,disarmed=true,east=false,north=true,powered=true,south=true,west=true":[{"model":"aurorasdeco:block/azalea/button","x":180,"y":180,"uvlock":false}],"attached=true,disarmed=false,east=true,north=false,powered=true,south=true,west=true":[{"model":"create:block/analog_lever/block","x":0,"y":0,"uvlock":false}],"attached=false,disarmed=false,east=false,north=true,powered=true,south=false,west=false":[{"model":"consistency_plus:block/basalt_tile_gate_wall_open","x":0,"y":90,"uvlock":true}],"attached=true,disarmed=true,east=true,north=true,powered=false,south=false,west=true":[{"model":"rocks:block/medium_jungle_stick","x":0,"y":0,"uvlock":false},{"model":"rocks:block/medium_jungle_stick","x":0,"y":90,"uvlock":false},{"model":"rocks:block/medium_jungle_stick","x":0,"y":180,"uvlock":false},{"model":"rocks:block/medium_jungle_stick","x":0,"y":270,"uvlock":false}],"attached=false,disarmed=true,east=false,north=true,powered=false,south=true,west=true":[{"model":"promenade:block/azalea_leaf_pile","x":0,"y":0,"uvlock":false}],"attached=false,disarmed=true,east=false,north=false,powered=true,south=false,west=true":[{"model":"consistency_plus:block/basalt_brick_gate_open","x":0,"y":0,"uvlock":true}],"attached=true,disarmed=true,east=false,north=true,powered=false,south=true,west=false":[{"model":"promenade:block/acacia_leaf_pile","x":0,"y":0,"uvlock":false}],"attached=true,disarmed=true,east=true,north=false,powered=false,south=false,west=false":[{"model":"soul_ice:block/red_plank_pressure_plate","x":0,"y":0,"uvlock":false}],"attached=true,disarmed=true,east=true,north=true,powered=true,south=false,west=true":[{"model":"automobility:block/dirt_off_road_2","x":0,"y":0,"uvlock":false}],"attached=true,disarmed=false,east=false,north=false,powered=true,south=false,west=false":[{"model":"create:block/analog_lever/block","x":180,"y":270,"uvlock":false}],"attached=false,disarmed=false,east=false,north=true,powered=true,south=true,west=false":[{"model":"consistency_plus:block/basalt_tile_gate_wall_open","x":0,"y":0,"uvlock":true}],"attached=false,disarmed=false,east=true,north=false,powered=true,south=false,west=true":[{"model":"consistency_plus:block/basalt_gate_open","x":0,"y":270,"uvlock":true}],"attached=true,disarmed=true,east=false,north=true,powered=true,south=true,west=true":[{"model":"promenade:block/palm_pressure_plate/unpressed","x":0,"y":0,"uvlock":false}],"attached=true,disarmed=false,east=true,north=false,powered=true,south=false,west=false":[{"model":"create:block/analog_lever/block","x":0,"y":90,"uvlock":false}],"attached=false,disarmed=true,east=true,north=true,powered=false,south=true,west=false":[{"model":"promenade:block/autumn_birch_sapling","x":0,"y":0,"uvlock":false}],"attached=true,disarmed=true,east=true,north=false,powered=false,south=true,west=true":[{"model":"rocks:block/small_birch_stick","x":0,"y":0,"uvlock":false},{"model":"rocks:block/small_birch_stick","x":0,"y":90,"uvlock":false},{"model":"rocks:block/small_birch_stick","x":0,"y":180,"uvlock":false},{"model":"rocks:block/small_birch_stick","x":0,"y":270,"uvlock":false}],"attached=true,disarmed=true,east=true,north=true,powered=true,south=false,west=false":[{"model":"decorative:block/stone_path","x":0,"y":0,"uvlock":false},{"model":"decorative:block/stone_path","x":0,"y":90,"uvlock":false},{"model":"decorative:block/stone_path","x":0,"y":180,"uvlock":false},{"model":"decorative:block/stone_path","x":0,"y":270,"uvlock":false}],"attached=false,disarmed=false,east=false,north=true,powered=true,south=true,west=true":[{"model":"consistency_plus:block/basalt_tile_gate_open","x":0,"y":180,"uvlock":true}],"attached=true,disarmed=false,east=false,north=true,powered=true,south=false,west=true":[{"model":"create:block/analog_lever/block","x":90,"y":270,"uvlock":false}],"attached=false,disarmed=true,east=false,north=true,powered=true,south=false,west=true":[{"model":"aurorasdeco:block/azalea/button","x":180,"y":90,"uvlock":false}],"attached=true,disarmed=true,east=false,north=false,powered=true,south=true,west=true":[{"model":"rocks:block/large_acacia_stick","x":0,"y":0,"uvlock":false},{"model":"rocks:block/large_acacia_stick","x":0,"y":90,"uvlock":false},{"model":"rocks:block/large_acacia_stick","x":0,"y":180,"uvlock":false},{"model":"rocks:block/large_acacia_stick","x":0,"y":270,"uvlock":false}],"attached=true,disarmed=false,east=false,north=false,powered=true,south=true,west=false":[{"model":"create:block/analog_lever/block","x":180,"y":0,"uvlock":false}],"attached=true,disarmed=true,east=true,north=false,powered=true,south=true,west=false":[{"model":"rocks:block/small_rock","x":0,"y":0,"uvlock":false},{"model":"rocks:block/small_rock","x":0,"y":90,"uvlock":false},{"model":"rocks:block/small_rock","x":0,"y":180,"uvlock":false},{"model":"rocks:block/small_rock","x":0,"y":270,"uvlock":false}],"attached=false,disarmed=true,east=true,north=false,powered=true,south=true,west=true":[{"model":"aurorasdeco:block/azalea/button","x":0,"y":0,"uvlock":false}],"attached=true,disarmed=true,east=false,north=false,powered=false,south=true,west=false":[{"model":"botania:block/agricarnation","x":0,"y":0,"uvlock":false}]}}