{"variants":{"facing=south,in_wall=false,open=false,powered=true":[{"model":"aurorasdeco:block/azalea/fence_gate","x":0,"y":0,"uvlock":true}],"facing=west,in_wall=false,open=false,powered=true":[{"model":"aurorasdeco:block/azalea/fence_gate","x":0,"y":90,"uvlock":true}],"facing=west,in_wall=true,open=false,powered=true":[{"model":"aurorasdeco:block/azalea/fence_gate_wall","x":0,"y":90,"uvlock":true}],"facing=south,in_wall=true,open=false,powered=true":[{"model":"aurorasdeco:block/azalea/fence_gate_wall","x":0,"y":0,"uvlock":true}],"facing=north,in_wall=true,open=true,powered=true":[{"model":"aurorasdeco:block/azalea/fence_gate_wall_open","x":0,"y":180,"uvlock":true}],"facing=north,in_wall=false,open=true,powered=true":[{"model":"aurorasdeco:block/azalea/fence_gate_open","x":0,"y":180,"uvlock":true}],"facing=east,in_wall=true,open=true,powered=true":[{"model":"aurorasdeco:block/azalea/fence_gate_wall_open","x":0,"y":270,"uvlock":true}],"facing=east,in_wall=true,open=false,powered=true":[{"model":"aurorasdeco:block/azalea/fence_gate_wall","x":0,"y":270,"uvlock":true}],"facing=east,in_wall=false,open=true,powered=true":[{"model":"aurorasdeco:block/azalea/fence_gate_open","x":0,"y":270,"uvlock":true}],"facing=west,in_wall=false,open=true,powered=true":[{"model":"aurorasdeco:block/azalea/fence_gate_open","x":0,"y":90,"uvlock":true}],"facing=north,in_wall=false,open=false,powered=true":[{"model":"aurorasdeco:block/azalea/fence_gate","x":0,"y":180,"uvlock":true}],"facing=east,in_wall=false,open=false,powered=true":[{"model":"aurorasdeco:block/azalea/fence_gate","x":0,"y":270,"uvlock":true}],"facing=west,in_wall=true,open=true,powered=true":[{"model":"aurorasdeco:block/azalea/fence_gate_wall_open","x":0,"y":90,"uvlock":true}],"facing=north,in_wall=true,open=false,powered=true":[{"model":"aurorasdeco:block/azalea/fence_gate_wall","x":0,"y":180,"uvlock":true}],"facing=south,in_wall=true,open=true,powered=true":[{"model":"aurorasdeco:block/azalea/fence_gate_wall_open","x":0,"y":0,"uvlock":true}],"facing=south,in_wall=false,open=true,powered=true":[{"model":"aurorasdeco:block/azalea/fence_gate_open","x":0,"y":0,"uvlock":true}]}}