{"variants":{"type=bottom,waterlogged=true":[{"model":"consistency_plus:block/andesite_brick_slab","x":0,"y":0,"uvlock":false}],"type=double,waterlogged=true":[{"model":"pswg:block/black_imperial_panel_thin_bordered","x":0,"y":0,"uvlock":false}],"type=top,waterlogged=false":[{"model":"consistency_plus:block/andesite_brick_slab_top","x":0,"y":0,"uvlock":false}],"type=double,waterlogged=false":[{"model":"pswg:block/black_imperial_panel_thin_bordered","x":0,"y":0,"uvlock":false}],"type=bottom,waterlogged=false":[{"model":"consistency_plus:block/andesite_brick_slab","x":0,"y":0,"uvlock":false}],"type=top,waterlogged=true":[{"model":"consistency_plus:block/andesite_brick_slab_top","x":0,"y":0,"uvlock":false}]}}