{"variants":{"facing=west,half=bottom,shape=straight,waterlogged=false":[{"model":"architecture_extensions:block/moldings/acacia_crown_molding","x":0,"y":180,"uvlock":true}],"facing=west,half=bottom,shape=outer_right,waterlogged=false":[{"model":"architecture_extensions:block/moldings/acacia_crown_molding_outer","x":0,"y":180,"uvlock":true}],"facing=south,half=bottom,shape=inner_left,waterlogged=true":[{"model":"hexcasting:block/akashic_stairs_inner","x":0,"y":0,"uvlock":false}],"facing=east,half=bottom,shape=outer_right,waterlogged=true":[{"model":"architecture_extensions:block/moldings/acacia_crown_molding_outer","x":0,"y":0,"uvlock":false}],"facing=east,half=top,shape=outer_right,waterlogged=true":[{"model":"architecture_extensions:block/moldings/acacia_crown_molding_outer","x":180,"y":90,"uvlock":true}],"facing=west,half=bottom,shape=inner_left,waterlogged=false":[{"model":"hexcasting:block/akashic_stairs_inner","x":0,"y":90,"uvlock":true}],"facing=north,half=bottom,shape=inner_right,waterlogged=false":[{"model":"architecture_extensions:block/moldings/acacia_crown_molding_inner","x":0,"y":270,"uvlock":true}],"facing=north,half=top,shape=inner_left,waterlogged=false":[{"model":"architecture_extensions:block/moldings/acacia_crown_molding_inner","x":180,"y":270,"uvlock":true}],"facing=west,half=top,shape=outer_right,waterlogged=true":[{"model":"architecture_extensions:block/moldings/acacia_crown_molding_outer","x":180,"y":270,"uvlock":true}],"facing=west,half=bottom,shape=straight,waterlogged=true":[{"model":"architecture_extensions:block/moldings/acacia_crown_molding","x":0,"y":180,"uvlock":true}],"facing=east,half=top,shape=straight,waterlogged=false":[{"model":"architecture_extensions:block/moldings/acacia_crown_molding","x":180,"y":0,"uvlock":true}],"facing=north,half=bottom,shape=inner_left,waterlogged=true":[{"model":"hexcasting:block/akashic_stairs_inner","x":0,"y":180,"uvlock":true}],"facing=south,half=bottom,shape=inner_right,waterlogged=false":[{"model":"architecture_extensions:block/moldings/acacia_crown_molding_inner","x":0,"y":90,"uvlock":true}],"facing=west,half=bottom,shape=outer_left,waterlogged=false":[{"model":"architecture_extensions:block/moldings/acacia_crown_molding_outer","x":0,"y":90,"uvlock":true}],"facing=west,half=top,shape=outer_left,waterlogged=false":[{"model":"architecture_extensions:block/moldings/acacia_crown_molding_outer","x":180,"y":180,"uvlock":true}],"facing=east,half=top,shape=outer_left,waterlogged=true":[{"model":"architecture_extensions:block/moldings/acacia_crown_molding_outer","x":180,"y":0,"uvlock":true}],"facing=west,half=top,shape=inner_right,waterlogged=false":[{"model":"architecture_extensions:block/moldings/acacia_crown_molding_inner","x":180,"y":270,"uvlock":true}],"facing=north,half=top,shape=inner_right,waterlogged=true":[{"model":"architecture_extensions:block/moldings/acacia_crown_molding_inner","x":180,"y":0,"uvlock":true}],"facing=north,half=top,shape=outer_left,waterlogged=false":[{"model":"architecture_extensions:block/moldings/acacia_crown_molding_outer","x":180,"y":270,"uvlock":true}],"facing=east,half=bottom,shape=inner_right,waterlogged=true":[{"model":"architecture_extensions:block/moldings/acacia_crown_molding_inner","x":0,"y":0,"uvlock":false}],"facing=north,half=top,shape=inner_right,waterlogged=false":[{"model":"architecture_extensions:block/moldings/acacia_crown_molding_inner","x":180,"y":0,"uvlock":true}],"facing=north,half=top,shape=outer_left,waterlogged=true":[{"model":"architecture_extensions:block/moldings/acacia_crown_molding_outer","x":180,"y":270,"uvlock":true}],"facing=west,half=top,shape=outer_left,waterlogged=true":[{"model":"architecture_extensions:block/moldings/acacia_crown_molding_outer","x":180,"y":180,"uvlock":true}],"facing=west,half=top,shape=inner_right,waterlogged=true":[{"model":"architecture_extensions:block/moldings/acacia_crown_molding_inner","x":180,"y":270,"uvlock":true}],"facing=west,half=bottom,shape=inner_right,waterlogged=true":[{"model":"architecture_extensions:block/moldings/acacia_crown_molding_inner","x":0,"y":180,"uvlock":true}],"facing=west,half=top,shape=inner_left,waterlogged=false":[{"model":"architecture_extensions:block/moldings/acacia_crown_molding_inner","x":180,"y":180,"uvlock":true}],"facing=north,half=bottom,shape=inner_right,waterlogged=true":[{"model":"architecture_extensions:block/moldings/acacia_crown_molding_inner","x":0,"y":270,"uvlock":true}],"facing=south,half=bottom,shape=inner_right,waterlogged=true":[{"model":"architecture_extensions:block/moldings/acacia_crown_molding_inner","x":0,"y":90,"uvlock":true}],"facing=north,half=bottom,shape=outer_right,waterlogged=true":[{"model":"architecture_extensions:block/moldings/acacia_crown_molding_outer","x":0,"y":270,"uvlock":true}],"facing=east,half=top,shape=outer_right,waterlogged=false":[{"model":"architecture_extensions:block/moldings/acacia_crown_molding_outer","x":180,"y":90,"uvlock":true}],"facing=south,half=top,shape=inner_left,waterlogged=false":[{"model":"architecture_extensions:block/moldings/acacia_crown_molding_inner","x":180,"y":90,"uvlock":true}],"facing=south,half=bottom,shape=outer_left,waterlogged=true":[{"model":"architecture_extensions:block/moldings/acacia_crown_molding_outer","x":0,"y":0,"uvlock":false}],"facing=west,half=bottom,shape=inner_left,waterlogged=true":[{"model":"hexcasting:block/akashic_stairs_inner","x":0,"y":90,"uvlock":true}],"facing=east,half=top,shape=inner_left,waterlogged=false":[{"model":"architecture_extensions:block/moldings/acacia_crown_molding_inner","x":180,"y":0,"uvlock":true}],"facing=west,half=bottom,shape=outer_right,waterlogged=true":[{"model":"architecture_extensions:block/moldings/acacia_crown_molding_outer","x":0,"y":180,"uvlock":true}],"facing=east,half=bottom,shape=inner_left,waterlogged=false":[{"model":"hexcasting:block/akashic_stairs_inner","x":0,"y":270,"uvlock":true}],"facing=south,half=top,shape=straight,waterlogged=false":[{"model":"architecture_extensions:block/moldings/acacia_crown_molding","x":180,"y":90,"uvlock":true}],"facing=north,half=top,shape=straight,waterlogged=false":[{"model":"architecture_extensions:block/moldings/acacia_crown_molding","x":180,"y":270,"uvlock":true}],"facing=north,half=top,shape=outer_right,waterlogged=false":[{"model":"architecture_extensions:block/moldings/acacia_crown_molding_outer","x":180,"y":0,"uvlock":true}],"facing=east,half=top,shape=inner_right,waterlogged=false":[{"model":"architecture_extensions:block/moldings/acacia_crown_molding_inner","x":180,"y":90,"uvlock":true}],"facing=north,half=bottom,shape=outer_left,waterlogged=true":[{"model":"architecture_extensions:block/moldings/acacia_crown_molding_outer","x":0,"y":180,"uvlock":true}],"facing=south,half=top,shape=outer_left,waterlogged=false":[{"model":"architecture_extensions:block/moldings/acacia_crown_molding_outer","x":180,"y":90,"uvlock":true}],"facing=east,half=bottom,shape=straight,waterlogged=true":[{"model":"architecture_extensions:block/moldings/acacia_crown_molding","x":0,"y":0,"uvlock":false}],"facing=east,half=bottom,shape=outer_left,waterlogged=true":[{"model":"architecture_extensions:block/moldings/acacia_crown_molding_outer","x":0,"y":270,"uvlock":true}],"facing=south,half=bottom,shape=straight,waterlogged=true":[{"model":"architecture_extensions:block/moldings/acacia_crown_molding","x":0,"y":90,"uvlock":true}],"facing=east,half=top,shape=outer_left,waterlogged=false":[{"model":"architecture_extensions:block/moldings/acacia_crown_molding_outer","x":180,"y":0,"uvlock":true}],"facing=west,half=top,shape=outer_right,waterlogged=false":[{"model":"architecture_extensions:block/moldings/acacia_crown_molding_outer","x":180,"y":270,"uvlock":true}],"facing=north,half=top,shape=inner_left,waterlogged=true":[{"model":"architecture_extensions:block/moldings/acacia_crown_molding_inner","x":180,"y":270,"uvlock":true}],"facing=north,half=bottom,shape=inner_left,waterlogged=false":[{"model":"hexcasting:block/akashic_stairs_inner","x":0,"y":180,"uvlock":true}],"facing=south,half=bottom,shape=inner_left,waterlogged=false":[{"model":"hexcasting:block/akashic_stairs_inner","x":0,"y":0,"uvlock":false}],"facing=south,half=top,shape=outer_left,waterlogged=true":[{"model":"architecture_extensions:block/moldings/acacia_crown_molding_outer","x":180,"y":90,"uvlock":true}],"facing=west,half=bottom,shape=outer_left,waterlogged=true":[{"model":"architecture_extensions:block/moldings/acacia_crown_molding_outer","x":0,"y":90,"uvlock":true}],"facing=north,half=top,shape=straight,waterlogged=true":[{"model":"architecture_extensions:block/moldings/acacia_crown_molding","x":180,"y":270,"uvlock":true}],"facing=south,half=top,shape=inner_right,waterlogged=true":[{"model":"architecture_extensions:block/moldings/acacia_crown_molding_inner","x":180,"y":180,"uvlock":true}],"facing=south,half=top,shape=outer_right,waterlogged=false":[{"model":"architecture_extensions:block/moldings/acacia_crown_molding_outer","x":180,"y":180,"uvlock":true}],"facing=north,half=bottom,shape=outer_left,waterlogged=false":[{"model":"architecture_extensions:block/moldings/acacia_crown_molding_outer","x":0,"y":180,"uvlock":true}],"facing=east,half=bottom,shape=straight,waterlogged=false":[{"model":"architecture_extensions:block/moldings/acacia_crown_molding","x":0,"y":0,"uvlock":false}],"facing=north,half=bottom,shape=straight,waterlogged=true":[{"model":"architecture_extensions:block/moldings/acacia_crown_molding","x":0,"y":270,"uvlock":true}],"facing=east,half=top,shape=straight,waterlogged=true":[{"model":"architecture_extensions:block/moldings/acacia_crown_molding","x":180,"y":0,"uvlock":true}],"facing=south,half=top,shape=inner_left,waterlogged=true":[{"model":"architecture_extensions:block/moldings/acacia_crown_molding_inner","x":180,"y":90,"uvlock":true}],"facing=east,half=bottom,shape=outer_right,waterlogged=false":[{"model":"architecture_extensions:block/moldings/acacia_crown_molding_outer","x":0,"y":0,"uvlock":false}],"facing=east,half=bottom,shape=inner_left,waterlogged=true":[{"model":"hexcasting:block/akashic_stairs_inner","x":0,"y":270,"uvlock":true}],"facing=south,half=bottom,shape=outer_left,waterlogged=false":[{"model":"architecture_extensions:block/moldings/acacia_crown_molding_outer","x":0,"y":0,"uvlock":false}],"facing=east,half=bottom,shape=outer_left,waterlogged=false":[{"model":"architecture_extensions:block/moldings/acacia_crown_molding_outer","x":0,"y":270,"uvlock":true}],"facing=west,half=top,shape=straight,waterlogged=true":[{"model":"architecture_extensions:block/moldings/acacia_crown_molding","x":180,"y":180,"uvlock":true}],"facing=north,half=top,shape=outer_right,waterlogged=true":[{"model":"architecture_extensions:block/moldings/acacia_crown_molding_outer","x":180,"y":0,"uvlock":true}],"facing=south,half=bottom,shape=straight,waterlogged=false":[{"model":"architecture_extensions:block/moldings/acacia_crown_molding","x":0,"y":90,"uvlock":true}],"facing=south,half=bottom,shape=outer_right,waterlogged=true":[{"model":"architecture_extensions:block/moldings/acacia_crown_molding_outer","x":0,"y":90,"uvlock":true}],"facing=south,half=top,shape=straight,waterlogged=true":[{"model":"architecture_extensions:block/moldings/acacia_crown_molding","x":180,"y":90,"uvlock":true}],"facing=west,half=bottom,shape=inner_right,waterlogged=false":[{"model":"architecture_extensions:block/moldings/acacia_crown_molding_inner","x":0,"y":180,"uvlock":true}],"facing=west,half=top,shape=straight,waterlogged=false":[{"model":"architecture_extensions:block/moldings/acacia_crown_molding","x":180,"y":180,"uvlock":true}],"facing=north,half=bottom,shape=outer_right,waterlogged=false":[{"model":"architecture_extensions:block/moldings/acacia_crown_molding_outer","x":0,"y":270,"uvlock":true}],"facing=east,half=top,shape=inner_right,waterlogged=true":[{"model":"architecture_extensions:block/moldings/acacia_crown_molding_inner","x":180,"y":90,"uvlock":true}],"facing=south,half=top,shape=inner_right,waterlogged=false":[{"model":"architecture_extensions:block/moldings/acacia_crown_molding_inner","x":180,"y":180,"uvlock":true}],"facing=south,half=top,shape=outer_right,waterlogged=true":[{"model":"architecture_extensions:block/moldings/acacia_crown_molding_outer","x":180,"y":180,"uvlock":true}],"facing=north,half=bottom,shape=straight,waterlogged=false":[{"model":"architecture_extensions:block/moldings/acacia_crown_molding","x":0,"y":270,"uvlock":true}],"facing=east,half=top,shape=inner_left,waterlogged=true":[{"model":"architecture_extensions:block/moldings/acacia_crown_molding_inner","x":180,"y":0,"uvlock":true}],"facing=west,half=top,shape=inner_left,waterlogged=true":[{"model":"architecture_extensions:block/moldings/acacia_crown_molding_inner","x":180,"y":180,"uvlock":true}],"facing=south,half=bottom,shape=outer_right,waterlogged=false":[{"model":"architecture_extensions:block/moldings/acacia_crown_molding_outer","x":0,"y":90,"uvlock":true}],"facing=east,half=bottom,shape=inner_right,waterlogged=false":[{"model":"architecture_extensions:block/moldings/acacia_crown_molding_inner","x":0,"y":0,"uvlock":false}]}}