{"variants":{"facing=south,half=lower,waterlogged=false":[{"model":"consistency_plus:block/basalt_tile_gate_open","x":0,"y":0,"uvlock":true}],"facing=west,half=lower,waterlogged=true":[{"model":"consistency_plus:block/basalt_gate_wall_open","x":0,"y":0,"uvlock":true}],"facing=south,half=lower,waterlogged=true":[{"model":"consistency_plus:block/basalt_gate_open","x":0,"y":180,"uvlock":true}],"facing=east,half=lower,waterlogged=false":[{"model":"consistency_plus:block/basalt_tile_gate_open","x":0,"y":90,"uvlock":true}],"facing=east,half=lower,waterlogged=true":[{"model":"consistency_plus:block/basalt_gate_open","x":0,"y":0,"uvlock":true}],"facing=west,half=lower,waterlogged=false":[{"model":"consistency_plus:block/basalt_tile_gate_wall_open","x":0,"y":90,"uvlock":true}]}}