{
  "type": "spleef:spleef",
  "map": {
    "shape": {
      "type": "spleef:circle",
      "radius": 32,
      "inner_radius": 16
    },
    "levels": 4,
    "level_height": 5,
    "floor_provider": {
      "type": "minecraft:simple_state_provider",
      "state": {
        "Name": "minecraft:snow_block"
      }
    },
    "wall_provider": {
      "type": "minecraft:simple_state_provider",
      "state": {
        "Name": "minecraft:obsidian"
      }
    }
  },
  "players": {
    "min": 1,
    "max": 100,
    "threshold": 2
  },
  "projectile": {
    "restock_interval": 1,
    "stack": {
      "id": "minecraft:tnt",
      "Count": 1,
      "tag": {
        "CanPlaceOn": [
          "minecraft:obsidian",
          "minecraft:snow_block",
          "minecraft:tnt"
        ]
      }
    }
  },
  "tool": {
    "id": "minecraft:flint_and_steel",
    "Count": 1,
    "tag": {
      "CanPlaceOn": [
        "minecraft:tnt"
      ]
    }
  },
  "lava_rise": {
    "ticks_per_level": 60,
    "maximum_height": 10
  },
  "unstable_tnt": false,
  "icon": "minecraft:tripwire_hook"
}