{
  "type": "spleef:spleef",
  "map": {
    "shape": {
      "type": "spleef:pattern",
      "tiles": [
        "xxxxxxxxxx",
        "x        x",
        "x        x",
        "x  x  x  x",
        "x        x",
        "x        x",
        "x  x  x  x",
        "x   xx   x",
        "x        x",
        "x        x",
        "xxxxxxxxxx"
      ],
      "tile_size": 4
    },
    "wall_provider": {
      "type": "minecraft:simple_state_provider",
      "state": {
        "Name": "minecraft:obsidian"
      }
    },
    "levels": 6,
    "level_height": 5
  },
  "players": {
    "min": 1,
    "max": 100,
    "threshold": 2
  },
  "projectile": {
    "restock_interval": 1,
    "stack": {
      "id": "minecraft:tnt",
      "Count": 1,
      "tag": {
        "CanPlaceOn": [
          "minecraft:obsidian",
          "minecraft:snow_block",
          "minecraft:tnt"
        ]
      }
    }
  },
  "tool": {
    "id": "minecraft:flint_and_steel",
    "Count": 1,
    "tag": {
      "CanPlaceOn": [
        "minecraft:tnt"
      ]
    }
  },
  "level_break_interval": 400,
  "unstable_tnt": false,
  "icon": "nucleoid_extras:irritater"
}