{
  "type": "creative_party:creative_party",
  "map": {
    "map_type": {
      "type": "creative_party:layered",
      "biome": "minecraft:warped_forest",
      "layers": [
        {
          "state": {
            "Name": "minecraft:purple_concrete_powder"
          },
          "start_y": 0
        },
        {
          "state": {
            "Name": "minecraft:blue_concrete_powder"
          },
          "start_y": 7
        },
        {
          "state": {
            "Name": "minecraft:light_blue_concrete_powder"
          },
          "start_y": 14
        },
        {
          "state": {
            "Name": "minecraft:lime_concrete_powder"
          },
          "start_y": 21
        },
        {
          "state": {
            "Name": "minecraft:yellow_concrete_powder"
          },
          "start_y": 28
        },
        {
          "state": {
            "Name": "minecraft:orange_concrete_powder"
          },
          "start_y": 35
        },
        {
          "state": {
            "Name": "minecraft:red_concrete_powder"
          },
          "start_y": 42
        }
      ],
      "max_y": 48
    }
  },
  "players": {
    "min": 1,
    "max": 100,
    "threshold": 1
  },
  "icon": "minecraft:purple_concrete_powder"
}