{
  "type": "creative_party:creative_party",
  "map": {
    "map_type": {
      "type": "creative_party:layered",
      "biome": "minecraft:warm_ocean",
      "layers": [
        {
          "state": {
            "Name": "minecraft:bedrock"
          },
          "start_y": 0
        },
        {
          "state": {
            "Name": "minecraft:stone"
          },
          "start_y": 1
        },
        {
          "state": {
            "Name": "minecraft:gravel"
          },
          "start_y": 29
        },
        {
          "state": {
            "Name": "minecraft:seagrass"
          },
          "start_y": 32
        },
        {
          "state": {
            "Name": "minecraft:water",
            "Properties": {
              "level": "0"
            }
          },
          "start_y": 33
        }
      ],
      "max_y": 64
    }
  },
  "players": {
    "min": 1,
    "max": 100,
    "threshold": 1
  },
  "icon": "minecraft:water_bucket"
}