{
  "type": "creative_party:creative_party",
  "map": {
    "map_type": {
      "type": "creative_party:layered",
      "biome": "minecraft:plains",
      "layers": [
        {
          "state": {
            "Name": "minecraft:bedrock"
          },
          "start_y": 0
        },
        {
          "state": {
            "Name": "minecraft:stone"
          },
          "start_y": 1
        },
        {
          "state": {
            "Name": "minecraft:dirt"
          },
          "start_y": 60
        },
        {
          "state": {
            "Name": "minecraft:grass_block",
            "Properties": {
              "snowy": "false"
            }
          },
          "start_y": 63
        },
        {
          "state": {
            "Name": "minecraft:grass"
          },
          "start_y": 64
        }
      ],
      "max_y": 64
    }
  },
  "players": {
    "min": 1,
    "max": 100,
    "threshold": 1
  },
  "icon": "minecraft:grass_block"
}