{"16777213":"minecraft:alchemist","16777211":"minecraft:besmirched","16777209":"minecraft:cactus","16777207":"minecraft:mage_robes","16777205":"minecraft:copper","16777203":"minecraft:diamond","16777201":"minecraft:druid_boots","16777199":"minecraft:elementium","16777197":"minecraft:enriched_witherite","16777195":"minecraft:iron","16777193":"minecraft:goldt","16777191":"minecraft:harbinger","16777189":"minecraft:hedgewitch","16777187":"minecraft:iront","16777185":"minecraft:jump","16777183":"minecraft:skull","16777181":"minecraft:portalarmor","16777179":"minecraft:manasteel","16777177":"minecraft:manaweave","16777175":"minecraft:mask_of_power","16777173":"minecraft:mysterious_cap","16777171":"minecraft:ninja","16777169":"minecraft:movementarmor","16777167":"minecraft:purpeille","16777165":"minecraft:soul_ice_covered_leather","16777163":"minecraft:straw","16777161":"minecraft:terrasteel","16777159":"minecraft:leader_robes","16777157":"minecraft:turtle","16777155":"minecraft:vampire_clothing","16777153":"minecraft:witherite"}