{"16777151":"minecraft:witherite","16777213":"minecraft:alchemist","16777211":"minecraft:besmirched","16777209":"minecraft:cactus","16777207":"minecraft:mage_robes","16777205":"minecraft:copper","16777203":"minecraft:druid_boots","16777201":"minecraft:elementium","16777199":"minecraft:enriched_witherite","16777197":"minecraft:iron","16777195":"minecraft:goldt","16777193":"minecraft:harbinger","16777191":"minecraft:hedgewitch","16777189":"minecraft:iront","16777187":"minecraft:jump","16777185":"minecraft:skull","16777183":"minecraft:portalarmor","16777181":"minecraft:manasteel","16777179":"minecraft:manaweave","16777177":"minecraft:mask_of_power","16777175":"minecraft:mysterious_cap","16777173":"minecraft:ninja","16777171":"minecraft:movementarmor","16777169":"minecraft:purpeille","16777167":"minecraft:silksteel","16777165":"minecraft:soul_ice_covered_leather","16777163":"minecraft:diamond","16777161":"minecraft:straw","16777159":"minecraft:terrasteel","16777157":"minecraft:leader_robes","16777155":"minecraft:turtle","16777153":"minecraft:vampire_clothing"}