{
  "type": "plasmid:random",
  "games": [
    "nucleoid:anvil_drop/random",
    "nucleoid:ascension/random",
    "nucleoid:corn_maze/random",
    "nucleoid:color_swap/random",
    "nucleoid:deacoudre/chaotic",
    "nucleoid:koth/random",
    "nucleoid:loopdeloop/random",
    "nucleoid:shardthief/random",
    "nucleoid:spleef/random",
    "cabinfever:standard_cabin_fever",
    "downpour:standard_downpour",
    "electricfloor:standard_electric_floor",
    "elytron:standard_elytron",
    "mineout:standard",
    "territorybattle:standard_territory_battle"
  ],
  "name": {
    "translate": "game.nucleoid.party"
  },
  "icon": "cake"
}