{
  "type": "caverncrawler:caverncrawler",
  "ores": [
    {
      "name": "minecraft:coal_ore",
      "count": 32,
      "size": 19
    },
    {
      "name": "minecraft:iron_ore",
      "count": 24,
      "size": 11
    },
    {
      "name": "minecraft:gold_ore",
      "count": 8,
      "size": 11
    },
    {
      "name": "minecraft:redstone_ore",
      "count": 12,
      "size": 9
    },
    {
      "name": "minecraft:lapis_ore",
      "count": 8,
      "size": 9
    },
    {
      "name": "minecraft:diamond_ore",
      "count": 2,
      "size": 9
    },
    {
      "name": "minecraft:emerald_ore",
      "count": 24,
      "size": 0,
      "emerald_generation": true
    }
  ],
  "geode": {
    "chance": 1,
    "base_size": 10,
    "random_size": 20,
    "ore_chance": 1
  },
  "tunnel_length": 3,
  "players": {
    "min": 1,
    "max": 16,
    "threshold": 4
  },
  "icon": "iron_pickaxe"
}