{
  "components": [
    {
      "cachedName": "LWJGL 3",
      "cachedVersion": "3.2.2",
      "cachedVolatile": true,
      "dependencyOnly": true,
      "uid": "org.lwjgl3",
      "version": "3.2.2"
    },
    {
      "cachedName": "Minecraft",
      "cachedRequires": [
        {
          "equals": "3.2.2",
          "suggests": "3.2.2",
          "uid": "org.lwjgl3"
        }
      ],
      "cachedVersion": "1.18.2",
      "important": true,
      "uid": "net.minecraft",
      "version": "1.18.2"
    },
    {
      "cachedName": "Intermediary Mappings",
      "cachedRequires": [
        {
          "equals": "1.18.2",
          "uid": "net.minecraft"
        }
      ],
      "cachedVersion": "1.18.2",
      "cachedVolatile": true,
      "dependencyOnly": true,
      "uid": "net.fabricmc.intermediary",
      "version": "1.18.2"
    },
    {
      "cachedName": "Quilt Loader",
      "cachedRequires": [
        {
          "uid": "net.fabricmc.intermediary"
        }
      ],
      "cachedVersion": "0.16.0-beta.13",
      "uid": "org.quiltmc.quilt-loader",
      "version": "0.16.0-beta.13"
    }
  ],
  "formatVersion": 1
}
