{
  "type": "plasmid:random",
  "games": [
    "skywars:single/baba",
    "skywars:single/cauldron",
    "skywars:single/coral_reef",
    "skywars:single/crimson",
    "skywars:single/cube",
    "skywars:single/gifts",
    "skywars:single/hive",
    "skywars:single/platforms",
    "skywars:single/potofgold",
    "skywars:single/pots",
    "skywars:single/shroomlight",
    "skywars:single/solar_system",
    "skywars:single/split",
    "skywars:single/tinytater",
    "skywars:single/waterfall",
    "skywars:single/woodland"
  ],
  "name": {
    "translate": "game.nucleoid.skywars.singles"
  },
  "icon": "gray_wool"
}