{
  "type": "plasmid:random",
  "games": [
    "skywars:duo/baba",
    "skywars:duo/cauldron",
    "skywars:duo/coral_reef",
    "skywars:duo/crimson",
    "skywars:duo/cube",
    "skywars:duo/gifts",
    "skywars:duo/hive",
    "skywars:duo/platforms",
    "skywars:duo/potofgold",
    "skywars:duo/pots",
    "skywars:duo/shroomlight",
    "skywars:duo/solar_system",
    "skywars:duo/split",
    "skywars:duo/tinytater",
    "skywars:duo/waterfall",
    "skywars:duo/woodland"
  ],
  "name": {
    "translate": "game.nucleoid.skywars.duos"
  },
  "icon": "white_wool"
}