{"textures":{"logo":"polymc-showcase:block/logo_no_circle"},"elements":[{"from":[6.0,-2.0,8.0],"to":[10.0,2.0,8.0],"shade":false,"faces":{"down":{"uv":[0.0,0.0,16.0,16.0],"texture":"#logo","rotation":0,"tintindex":0},"up":{"uv":[0.0,0.0,16.0,16.0],"texture":"#logo","rotation":0,"tintindex":0},"north":{"uv":[0.0,0.0,16.0,16.0],"texture":"#logo","rotation":0,"tintindex":0},"south":{"uv":[0.0,0.0,16.0,16.0],"texture":"#logo","rotation":0,"tintindex":0},"east":{"uv":[0.0,0.0,16.0,16.0],"texture":"#logo","rotation":0,"tintindex":0},"west":{"uv":[0.0,0.0,16.0,16.0],"texture":"#logo","rotation":0,"tintindex":0}}}],"display":{"head":{"rotation":[0.0,0.0,0.0],"translation":[0.0,-6.4,0.0],"scale":[2.2857143878936768,2.2857143878936768,2.2857143878936768]}}}