{
  "type": "spleef:spleef",
  "decay": 2,
  "map": {
    "shape": {
      "type": "spleef:pattern",
      "tiles": [
        " xxxxxxxxxxxxxx ",
        "xx            xx",
        "x              x",
        "x  x xx  xx x  x",
        "x    xx  xx    x",
        "x  xxxx  xxxx  x",
        "x  xxx    xxx  x",
        "x              x",
        "x              x",
        "x  xxx    xxx  x",
        "x  xxxx  xxxx  x",
        "x    xx  xx    x",
        "x  x xx  xx x  x",
        "x              x",
        "xx            xx",
        " xxxxxxxxxxxxxx "
      ],
      "tile_size": 2
    },
    "wall_provider": {
      "type": "minecraft:simple_state_provider",
      "state": {
        "Name": "minecraft:stone_bricks"
      }
    },
    "floor_provider": {
      "type": "minecraft:simple_state_provider",
      "state": {
        "Name": "minecraft:tnt",
        "Properties": {
          "unstable": "false"
        }
      }
    },
    "levels": 4,
    "level_height": 5
  },
  "players": {
    "min": 1,
    "max": 100,
    "threshold": 2
  },
  "level_break_interval": 1200,
  "tool": {
    "id": "minecraft:air",
    "Count": 1
  },
  "icon": "minecraft:stone_brick_wall"
}