{
  "type": "spleef:spleef",
  "decay": 2,
  "map": {
    "shape": {
      "type": "spleef:pattern",
      "tiles": [
        "                ",
        "           xxx  ",
        "          xx xx ",
        "          x   x ",
        "         xx x x ",
        "         x  x x ",
        "       xxx x  x ",
        "     xxx   x xx ",
        "    xx    x   x ",
        "    x    x   xx ",
        "  xxx   x  xxx  ",
        "  x    x    x   ",
        "  xx xx   xxx   ",
        "  xxx    xx     ",
        " xxxx  xxx      ",
        "xx  xxxx        "
      ],
      "tile_size": 2
    },
    "wall_provider": {
      "type": "minecraft:simple_state_provider",
      "state": {
        "Name": "minecraft:stone_bricks"
      }
    },
    "floor_provider": {
      "type": "minecraft:simple_state_provider",
      "state": {
        "Name": "minecraft:tnt",
        "Properties": {
          "unstable": "false"
        }
      }
    },
    "levels": 4,
    "level_height": 5
  },
  "players": {
    "min": 1,
    "max": 100,
    "threshold": 2
  },
  "level_break_interval": 1200,
  "tool": {
    "id": "minecraft:air",
    "Count": 1
  },
  "icon": {
    "id": "minecraft:iron_boots",
    "Count": 1,
    "Enchantments": [
      {
        "id": "minecraft:feather_falling",
        "lvl": 4
      }
    ]
  }
}