{
  "type": "spleef:spleef",
  "decay": 2,
  "map": {
    "shape": {
      "type": "spleef:circle",
      "radius": 16
    },
    "levels": 8,
    "level_height": 8,
    "floor_provider": {
      "type": "minecraft:simple_state_provider",
      "state": {
        "Name": "minecraft:tnt",
        "Properties": {
          "unstable": "false"
        }
      }
    }
  },
  "players": {
    "min": 1,
    "max": 100,
    "threshold": 2
  },
  "level_break_interval": 1200,
  "tool": {
    "id": "minecraft:air",
    "Count": 1
  },
  "icon": "minecraft:tnt"
}