{
  "type": "colorswap:color_swap",
  "map": {
    "x": 32,
    "z": 32,
    "x_scale": 16,
    "z_scale": 16,
    "platformBlocks": "minecraft:stairs",
    "initial_state_provider": {
      "type": "minecraft:simple_state_provider",
      "state": {
        "Name": "minecraft:smooth_quartz_stairs",
        "Properties": {
          "facing": "north",
          "half": "bottom",
          "shape": "straight",
          "waterlogged": "false"
        }
      }
    }
  },
  "players": {
    "min": 1,
    "max": 100,
    "threshold": 2
  },
  "icon": "stone_stair"
}