{
  "type": "spleef:spleef",
  "map": {
    "shape": {
      "type": "spleef:pattern",
      "tiles": [
        "xxxxxxxxxx",
        "x        x",
        "x        x",
        "x  x  x  x",
        "x        x",
        "x        x",
        "x  x  x  x",
        "x   xx   x",
        "x        x",
        "x        x",
        "xxxxxxxxxx"
      ],
      "tile_size": 16
    },
    "wall_provider": {
      "type": "minecraft:simple_state_provider",
      "state": {
        "Name": "minecraft:white_terracotta"
      }
    },
    "levels": 4,
    "level_height": 5
  },
  "players": {
    "min": 1,
    "max": 100,
    "threshold": 2
  },
  "icon": "nucleoid_extras:tiny_potato"
}