{
  "type": "spleef:spleef",
  "map": {
    "shape": {
      "type": "spleef:circle",
      "radius": 16
    },
    "ceiling_provider": {
      "type": "minecraft:simple_state_provider",
      "state": {
        "Name": "minecraft:air"
      }
    },
    "levels": 4,
    "level_height": 5
  },
  "projectile": {
    "restock_interval": 1,
    "stack": {
      "id": "arrow",
      "Count": 1
    },
    "radius": 2
  },
  "tool": {
    "id": "minecraft:bow",
    "Count": 1,
    "tag": {
      "Enchantments": [
        {
          "id": "minecraft:infinity",
          "lvl": 1
        }
      ]
    }
  },
  "players": {
    "min": 1,
    "max": 100,
    "threshold": 2
  },
  "icon": {
    "id": "minecraft:bow",
    "Count": 1,
    "tag": {
      "Enchantments": [
        {
          "id": "minecraft:infinity",
          "lvl": 1
        }
      ]
    }
  }
}