{
  "type": "spleef:spleef",
  "map": {
    "shape": {
      "type": "spleef:pattern",
      "tiles": [
        "xxxxxxxxxxxxxxxx",
        "x              x",
        "x              x",
        "x  x  x  x  x  x",
        "x              x",
        "x              x",
        "x  x  x  x  x  x",
        "x              x",
        "x              x",
        "x  x  x  x  x  x",
        "x              x",
        "x              x",
        "x  x  x  x  x  x",
        "x              x",
        "x              x",
        "xxxxxxxxxxxxxxxx"
      ],
      "tile_size": 2
    },
    "wall_provider": {
      "type": "minecraft:simple_state_provider",
      "state": {
        "Name": "minecraft:black_concrete"
      }
    },
    "levels": 4,
    "level_height": 5
  },
  "players": {
    "min": 1,
    "max": 100,
    "threshold": 2
  },
  "icon": "minecraft:black_concrete"
}