{
  "type": "spleef:spleef",
  "map": {
    "shape": {
      "type": "spleef:circle",
      "radius": 16
    },
    "floor_provider": {
      "type": "minecraft:weighted_state_provider",
      "name": "minecraft:weighted_state_provider",
      "entries": [
        {
          "weight": 1,
          "data": {
            "Name": "minecraft:magma_block"
          }
        },
        {
          "weight": 1,
          "data": {
            "Name": "minecraft:blue_ice"
          }
        }
      ]
    },
    "levels": 4,
    "level_height": 5
  },
  "players": {
    "min": 1,
    "max": 100,
    "threshold": 2
  },
  "tool": {
    "id": "minecraft:diamond_pickaxe",
    "Count": 1,
    "tag": {
      "Enchantments": [
        {
          "id": "minecraft:efficiency",
          "lvl": 100
        }
      ]
    }
  },
  "icon": "minecraft:magma_block"
}