{
  "type": "spleef:spleef",
  "decay": 60,
  "map": {
    "shape": {
      "type": "spleef:circle",
      "radius": 16
    },
    "levels": 4,
    "level_height": 5,
    "floor_provider": {
      "type": "minecraft:simple_state_provider",
      "state": {
        "Name": "minecraft:oak_leaves",
        "Properties": {
          "persistent": "true",
          "distance": "1"
        }
      }
    }
  },
  "players": {
    "min": 1,
    "max": 100,
    "threshold": 2
  },
  "tool": {
    "id": "minecraft:shears",
    "Count": 1
  },
  "icon": "minecraft:oak_leaves"
}