{
  "type": "spleef:spleef",
  "map": {
    "shape": {
      "type": "spleef:sierpinski_carpet",
      "order": 4,
      "wall_order": 3
    },
    "levels": 4,
    "level_height": 5,
    "floor_provider": {
      "type": "minecraft:simple_state_provider",
      "state": {
        "Name": "minecraft:snow_block"
      }
    }
  },
  "players": {
    "min": 1,
    "max": 100,
    "threshold": 2
  },
  "tool": { 
    "id": "minecraft:diamond_shovel", 
    "Count": 1
  },
  "icon": "minecraft:moss_carpet"
}
