{
  "type": "spleef:spleef",
  "map": {
    "shape": {
      "type": "spleef:circle",
      "radius": 16
    },
    "floor_provider": {
      "type": "minecraft:weighted_state_provider",
      "name": "minecraft:weighted_state_provider",
      "entries": [
        {
          "weight": 1,
          "data": {
            "Name": "minecraft:honey_block"
          }
        },
        {
          "weight": 1,
          "data": {
            "Name": "minecraft:slime_block"
          }
        }
      ]
    },
    "levels": 4,
    "level_height": 5
  },
  "players": {
    "min": 1,
    "max": 100,
    "threshold": 2
  },
  "icon": "minecraft:honey_block"
}